EHI_plaintext	sample_code	species	region	sample_type	order	sex	country	latitude	longitude	singlem_fraction	reads_post_fastp	host_reads	reads_lost_fastp_percent	metagenomic_bases	host_bases	bases_lost_fastp_percent	diversity	C
EHI01123	AIG35	Cathartes aura	Florida, 4.1 mi N of Brooker	Jejunum contents	Accipitriformes	Female	recTM9xQvYOxMLTyY	29.95	-82.32	0.0	10354104	8164062	0.12407652079988585	0	1291470703	0.2716385622185643	10.7198669125886	0.906972057631533
EHI01122	AIG24	Cathartes aura	Florida, 4.1 mi N of Brooker	Jejunum contents	Accipitriformes	Female	recTM9xQvYOxMLTyY	29.95	-82.32	0.0	31548882	25960428	0.09913524198170542	0	4195921076	0.20124852077809452	11.7189281990927	0.923121590616538
EHI01150	AIH90	Coragyps atratus	Texas, 7.8 mi N of Alice	Jejunum contents	Accipitriformes	Female	recTM9xQvYOxMLTyY	27.86	-98.05	0.0	37822202	30780004	0.05737096478820092	0	5227417337	0.13145981276187257	11.8715569566199	0.913888664712249
EHI01117	AIH26	Coragyps atratus	Florida, 4.1 mi N of Brooker	Colon contents	Accipitriformes	Female	recTM9xQvYOxMLTyY	29.95	-82.32	0.0	19220816	15053401	0.03250172954366626	0	2780003173	0.06710576639388599	12.5462861494666	0.883889876915211
EHI01151	AII35	Coragyps atratus	Texas, 7.8 mi N of Alice	Jejunum contents	Accipitriformes	Female	recTM9xQvYOxMLTyY	27.86	-98.05	0.0	33999574	27701360	0.05526344614536827	0	4699271098	0.12948454731556502	12.0004740958015	0.90640928945692
EHI01532	AAW46	Psittacula echo	Bel Ombre	Faecal	Psittaciformes	Unknown	recxJddnYy3ExEL7a	-20.47	57.44	93.56	61686342	9125344	0.016326064717559596	7838962047	1377880516	0.020164755992511885	18.7259975174788	0.888577350307026
EHI01146	AIG09	Cathartes aura	Florida, 4.1 mi N of Brooker	Stomach contents	Accipitriformes	Male	recTM9xQvYOxMLTyY	29.95	-82.32	0.24	26549002	3445444	0.09125890325921382	3089107080	478267809	0.18595303654844209	19.4692480910957	0.606532483791083
EHI01142	AIG33	Cathartes aura	Florida, 4.1 mi N of Brooker	Duodenum contents	Accipitriformes	Female	recTM9xQvYOxMLTyY	29.95	-82.32	0.0	30999774	25955848	0.06405763079980542	0	4251681000	0.14422421526396667	11.9756949994987	0.91287453760303
EHI01317	AGC05	Canis familiaris	Ittoqqortoormii	Faecal	Carnivora	Male	recLVY3Rb8dPMd92q	70.3	-21.95	89.31	41246332	3685371	0.01862088006580609	5583636504	559944877	0.025500014735875265	17.7288999064984	0.950980010985752
EHI01320	AGC24	Canis familiaris	Ittoqqortoormii	Faecal	Carnivora	Male	recLVY3Rb8dPMd92q	70.3	-21.95	96.31	73156044	322553	0.01692633703232338	10841350545	48449012	0.024416434228931916	17.317285313442	0.983121041085614
EHI01401	AGZ07	Perisoreus infaustus	Arvidsjaur	Faecal	Passeriformes	Unknown	recsoxFuQT1UqV2yf	65.66	19.2	2.92	35587306	412467	0.034212262182886755	5145718475	62221420	0.0577605603002479	20.0838850090213	0.718200630181159
EHI01376	AGZ04	Perisoreus infaustus	Arvidsjaur	Faecal	Passeriformes	Unknown	recsoxFuQT1UqV2yf	65.66	19.2	94.03	43611450	182987	0.05536233112103561	6458643766	30332458	0.06297828152157525	16.5288824140057	0.985849122355296
EHI01127	AIF70	Coragyps atratus	Florida, Lake Butler	Colon contents	Accipitriformes	Female	recTM9xQvYOxMLTyY	30.03	-82.35	8.52	42457266	30838276	0.05138139470660863	1442812985	4180238155	0.1624313994656471	12.5140040704646	0.902072104065646
EHI01089	AIF81	Cathartes aura	Florida, 4.1 mi N of Brooker	Colon contents	Accipitriformes	Female	recTM9xQvYOxMLTyY	29.95	-82.32	61.93	38082656	15720033	0.03862591256639847	3046705271	2298098614	0.100490617486791	15.507180766522	0.949988040277412
EHI01129	AIH88	Coragyps atratus	Texas, 7.8 mi N of Alice	Duodenum contents	Accipitriformes	Female	recTM9xQvYOxMLTyY	27.86	-98.05	0.0	40905124	31795932	0.08749024640343306	0	5347426011	0.2047323310606135	11.792108681224	0.923471570256053
EHI01196	AIG48	Cathartes aura	Florida, 4.1 mi N of Brooker	Colon contents	Accipitriformes	Female	recTM9xQvYOxMLTyY	29.95	-82.32	78.13	17324726	11288736	0.027742413044002823	802437639	1732535639	0.051587885712703674	15.2541183045961	0.839728064721938
EHI01119	AIJ20	Cathartes aura	Texas, 3.3 mi SE of Cruz Calle, Howell Cattle Company	Stomach contents	Accipitriformes	Female	recTM9xQvYOxMLTyY	27.35	-98.24	0.0	25557202	20129784	0.07575715384780624	0	3393895657	0.1817612946390481	12.7020146007893	0.836856236646161
EHI01541	AAW86	Psittacula echo	Grand Gorges	Faecal	Psittaciformes	Unknown	recxJddnYy3ExEL7a	-20.38	57.44	80.49	81937002	19728826	0.017751700745919807	9166954500	2972026470	0.029864967684958388	16.5088332562294	0.926252544829382
EHI01113	AIG11	Cathartes aura	Florida, 4.1 mi N of Brooker	Duodenum contents	Accipitriformes	Male	recTM9xQvYOxMLTyY	29.95	-82.32	0.0	24490870	20175192	0.08420443001958733	0	3261561280	0.18692874216836886	11.3713331877525	0.921095147520333
EHI01321	AGD18	Canis familiaris	Daneborg	Faecal	Carnivora	Male	recLVY3Rb8dPMd92q	74.18	-20.22	98.91	135880048	454799	0.014812707681910342	20115590239	65641331	0.024517424069369964	17.6489398071919	0.990443147094555
EHI01087	AIG04	Coragyps atratus	Florida, 4.1 mi N of Brooker	Colon contents	Accipitriformes	Male	recTM9xQvYOxMLTyY	29.95	-82.32	21.56	30333886	23110756	0.0663627907331773	901666067	3302283366	0.13738635036188862	13.5841024789703	0.874359790901148
EHI01219	AIF86	Cathartes aura	Florida, 4.1 mi N of Brooker	Stomach contents	Accipitriformes	Female	recTM9xQvYOxMLTyY	29.95	-82.32	0.0	28555532	23541124	0.035542314028462196	0	4193717507	0.05571990220796297	12.6468378160195	0.909250472361577
EHI02773	AGN04	Trichosurus vulpecula	Forth, Tasmania	Faecal	Diprotodontia	Male	recKtBknH3LqSreF0	-41.21	146.24	64.47	39080916	34983	0.03379678849293777	5590801410	4630464	0.07775545376541682	19.3959971263633	0.80970895808098
EHI01370	AGZ77	Perisoreus infaustus	Arvidsjaur	Faecal	Passeriformes	Unknown	recsoxFuQT1UqV2yf	65.67	19.14	35.88	56229270	33376924	0.02292542462721414	3131509599	5191510767	0.03582700019301943	17.1766559615173	0.856207057116816
EHI01131	AIF68	Coragyps atratus	Florida, Lake Butler	Jejunum contents	Accipitriformes	Female	recTM9xQvYOxMLTyY	30.03	-82.35	0.0	20597382	16405826	0.08172303850280793	0	2779847909	0.17378810850788606	11.4507634254918	0.905209837883726
EHI01147	AIG37	Cathartes aura	Florida, 4.1 mi N of Brooker	Colon contents	Accipitriformes	Female	recTM9xQvYOxMLTyY	29.95	-82.32	0.0	21537840	17335962	0.059037635366467334	0	2935187528	0.1451012119476749	12.3531552022007	0.876007432511531
EHI02806	AGN66	Trichosurus vulpecula	Ringarooma, Tasmania	Faecal	Diprotodontia	Male	recKtBknH3LqSreF0	-41.26	147.7	73.37	40871000	619939	0.03604299647771603	5827831715	89581175	0.0695714813195113	19.9368098691561	0.719671558144185
EHI01403	AGZ70	Perisoreus infaustus	Arvidsjaur	Faecal	Passeriformes	Unknown	recsoxFuQT1UqV2yf	65.67	19.14	3.36	43168088	7271762	0.04305405589698563	5232943156	1125368597	0.06033045469825182	18.0365338857959	0.882780074332931
EHI02812	AGN29	Trichosurus vulpecula	Pioneer, Tasmania	Faecal	Diprotodontia	Female	recKtBknH3LqSreF0	-41.1	147.97	73.99	34922904	408315	0.03377216681814599	4996979764	57112125	0.06777430754127178	18.1375720466122	0.879607165072362
EHI01562	AAW59	Psittacula echo	Grand Gorges	Faecal	Psittaciformes	Unknown	recxJddnYy3ExEL7a	-20.41	57.46	100.0	47900808	9100553	0.0229112234152703	5789571032	1376593641	0.025489079690641958	18.5547546980989	0.926620826958478
EHI01367	AGZ43	Perisoreus infaustus	Arvidsjaur	Faecal	Passeriformes	Unknown	recsoxFuQT1UqV2yf	65.66	19.2	71.05	40945744	20104536	0.036841003157561	2930985270	3152443343	0.04600439054835259	16.8149598361452	0.940853650340674
EHI01280	AGB78	Canis familiaris	Ittoqqortoormii	Faecal	Carnivora	Female	recLVY3Rb8dPMd92q	70.3	-21.95	99.55	49306316	122919	0.02668100072012436	7318063842	18606552	0.03448195346354532	17.9834042807061	0.960876040665571
EHI01153	AIH24	Coragyps atratus	Florida, 4.1 mi N of Brooker	Jejunum contents	Accipitriformes	Female	recTM9xQvYOxMLTyY	29.95	-82.32	0.0	27837612	22648004	0.05244673861563798	0	3906008176	0.11363307404318468	11.5938368725545	0.915676958615343
EHI01195	AIF64	Coragyps atratus	Florida, Lake Butler	Stomach contents	Accipitriformes	Female	recTM9xQvYOxMLTyY	30.03	-82.35	57.09	18985248	3919901	0.02066597351597632	2202403704	603037979	0.03522829954481632	19.7025332621212	0.643106179792499
EHI01285	AGC29	Canis familiaris	Ittoqqortoormii	Faecal	Carnivora	Male	recLVY3Rb8dPMd92q	70.3	-21.95	100.0	37073948	6673135	0.017566749455744324	4493685257	1011389534	0.02746289273690361	17.8382302820336	0.948435594471554
EHI01148	AIH68	Coragyps atratus	Florida, 1.4 mi W of Hasan	Jejunum contents	Accipitriformes	Female	recTM9xQvYOxMLTyY	29.86	-82.46	0.0	32211404	26118028	0.06006196142307596	0	4367173880	0.15043072925527134	12.1307456277338	0.900253595120105
EHI01144	AIG46	Cathartes aura	Florida, 4.1 mi N of Brooker	Jejunum contents	Accipitriformes	Female	recTM9xQvYOxMLTyY	29.95	-82.32	0.0	34823390	28772440	0.06580587887305411	0	4798964482	0.14173310781796966	11.9436224806093	0.912966735348656
EHI01535	AAW63	Psittacula echo	Bel Ombre	Faecal	Psittaciformes	Unknown	recxJddnYy3ExEL7a	-20.44	57.43	82.64	58277730	34915216	0.018660787562465586	3403085319	5291594991	0.023934674210138507	17.7717544775852	0.936320125730796
EHI01115	AII99	Cathartes aura	Texas, 3.3 mi SE of Cruz Calle, Howell Cattle Company	Duodenum contents	Accipitriformes	Female	recTM9xQvYOxMLTyY	27.35	-98.24	0.0	25121774	21176112	0.05210188732355037	0	3430523356	0.13706024777685422	11.6652547768003	0.912478077326816
EHI01138	AIH79	Coragyps atratus	Texas, 7.8 mi N of Alice	Jejunum contents	Accipitriformes	Female	recTM9xQvYOxMLTyY	27.86	-98.05	0.0	49022126	38668024	0.05177754791720035	0	6725087806	0.13278897099411058	12.3079318045004	0.925055532863522
EHI01154	AIJ22	Cathartes aura	Texas, 3.3 mi SE of Cruz Calle, Howell Cattle Company	Duodenum contents	Accipitriformes	Female	recTM9xQvYOxMLTyY	27.35	-98.24	0.0	28272880	23326890	0.0928658649234867	0	3898067560	0.16620447002913163	11.8555672483176	0.919630321091875
EHI00127	AAW23	Psittacula echo	Bel Ombre, Mollocus	Faecal	Psittaciformes	Unknown	recxJddnYy3ExEL7a	-20.46	57.43	73.44	24356468	1964374	0.030391290663885795	3181469022	268519295	0.08439414141901502	16.5051358747391	0.953395237037406
EHI01098	AIF97	Coragyps atratus	Florida, 4.1 mi N of Brooker	Stomach contents	Accipitriformes	Male	recTM9xQvYOxMLTyY	29.95	-82.32	2.08	19517274	267179	0.0772848757025576	2614262907	37288829	0.16428667594175317	18.7669711941371	0.620438571156549
EHI01223	AIH64	Coragyps atratus	Florida, 1.4 mi W of Hasan	Stomach contents	Accipitriformes	Female	recTM9xQvYOxMLTyY	29.86	-82.46	69.5	15034756	3164663	0.03640320748668213	1720283008	478323775	0.060589811989932185	18.7210205338488	0.72032207078051
EHI01140	AIG42	Cathartes aura	Florida, 4.1 mi N of Brooker	Stomach contents	Accipitriformes	Female	recTM9xQvYOxMLTyY	29.95	-82.32	0.24	24469060	264552	0.025152043478534503	3519645399	41389705	0.05418848830983447	19.9704786375806	0.625646972343317
EHI01186	AIJ09	Cathartes aura	Texas, 3.3 mi SE of Cruz Calle, Howell Cattle Company	Stomach contents	Accipitriformes	Male	recTM9xQvYOxMLTyY	27.35	-98.24	0.0	20325124	16873352	0.03237194776506658	0	2991858517	0.05043425422080039	12.5096266432857	0.876590516785032
EHI01139	AIG15	Cathartes aura	Florida, 4.1 mi N of Brooker	Colon contents	Accipitriformes	Male	recTM9xQvYOxMLTyY	29.95	-82.32	46.57	25909478	17933980	0.06765090073718594	987536266	2485911979	0.1667228642322185	15.0533840336406	0.893317933443402
EHI01185	AIH53	Coragyps atratus	Florida, 1.4 mi W of Hasan	Stomach contents	Accipitriformes	Female	recTM9xQvYOxMLTyY	29.86	-82.46	78.42	17444140	9348067	0.027669828665249585	1132903190	1433175170	0.046451354079480534	17.1813577945629	0.804691030694823
EHI01092	AIG77	Coragyps atratus	Florida, 4.1 mi N of Brooker	Duodenum contents	Accipitriformes	Male	recTM9xQvYOxMLTyY	29.95	-82.32	0.0	25644404	20273512	0.04494967183045151	0	3453785437	0.14249286380138204	11.788104030144	0.90479460832707
EHI01112	AIH99	Cathartes aura	Texas, 7.8 mi N of Alice	Duodenum contents	Accipitriformes	Female	recTM9xQvYOxMLTyY	27.86	-98.05	0.0	36628014	30229088	0.07176024479488519	0	5050484690	0.14672584171725678	11.8724717232017	0.928581697882405
EHI01404	AGY89	Perisoreus infaustus	Arvidsjaur	Faecal	Passeriformes	Unknown	recsoxFuQT1UqV2yf	65.66	19.15	49.37	49051778	6445078	0.03089907297249206	6277164055	1018159554	0.03912353289924719	14.6359351184059	0.992812587777403
EHI01364	AGY88	Perisoreus infaustus	Arvidsjaur	Faecal	Passeriformes	Unknown	recsoxFuQT1UqV2yf	65.66	19.15	52.83	45452408	217421	0.027833211282423442	6706536617	29854221	0.03945016532091261	14.4933101705865	0.957122557129134
EHI01369	AGZ38	Perisoreus infaustus	Arvidsjaur	Faecal	Passeriformes	Unknown	recsoxFuQT1UqV2yf	65.66	19.2	81.92	47147872	309032	0.02311993069080498	6958381504	49761328	0.031965492814762464	15.597573873607	0.966856744380807
EHI01094	AIG79	Coragyps atratus	Florida, 4.1 mi N of Brooker	Jejunum contents	Accipitriformes	Male	recTM9xQvYOxMLTyY	29.95	-82.32	0.0	32011900	25570976	0.03869998391021623	0	4370299817	0.12508175930424226	11.8549159687489	0.912127703612379
EHI01136	AIH57	Coragyps atratus	Florida, 1.4 mi W of Hasan	Jejunum contents	Accipitriformes	Female	recTM9xQvYOxMLTyY	29.86	-82.46	0.0	26733342	21076320	0.0845622453411653	0	3569871378	0.18503890791826916	11.4428410864992	0.907783862124876
EHI01108	AII24	Coragyps atratus	Texas, 7.8 mi N of Alice	Jejunum contents	Accipitriformes	Female	recTM9xQvYOxMLTyY	27.86	-98.05	0.0	32052924	26362016	0.0659075164359052	0	4402742851	0.14462946673556654	11.7951467997624	0.906187863472587
EHI01189	AIG31	Cathartes aura	Florida, 4.1 mi N of Brooker	Stomach contents	Accipitriformes	Female	recTM9xQvYOxMLTyY	29.95	-82.32	0.74	23308028	370630	0.020633234562008274	3400657762	59160815	0.03082567981619455	19.9222517974629	0.643096651503212
EHI01109	AIH70	Coragyps atratus	Florida, 1.4 mi W of Hasan	Colon contents	Accipitriformes	Female	recTM9xQvYOxMLTyY	29.86	-82.46	0.0	22946552	17274620	0.05793761862737601	0	3125795836	0.14447722721136425	12.8298004721874	0.878163737061778
EHI01283	AGD07	Canis familiaris	Daneborg	Faecal	Carnivora	Male	recLVY3Rb8dPMd92q	74.18	-20.22	100.0	54511426	1862948	0.013860728503947373	7831375754	272615552	0.02263131859007761	17.88014266654	0.972329893791642
EHI01121	AIH92	Coragyps atratus	Texas, 7.8 mi N of Alice	Colon contents	Accipitriformes	Female	recTM9xQvYOxMLTyY	27.86	-98.05	0.0	16011882	12399834	0.1340877115259983	0	2061206631	0.25687513357601266	10.9026025719846	0.905274427539627
EHI01187	AII31	Coragyps atratus	Texas, 7.8 mi N of Alice	Stomach contents	Accipitriformes	Female	recTM9xQvYOxMLTyY	27.86	-98.05	0.0	17844736	14469059	0.03261708894589965	0	2631976641	0.04878419989066707	11.622338477846	0.903779527353127
EHI01190	AIJ02	Cathartes aura	Texas, 3.3 mi SE of Cruz Calle, Howell Cattle Company	Jejunum contents	Accipitriformes	Female	recTM9xQvYOxMLTyY	27.35	-98.24	0.0	36496638	30981720	0.026258335529567578	0	5357319759	0.04710027277416706	11.7149211649022	0.938968763160622
EHI01193	AIH97	Cathartes aura	Texas, 7.8 mi N of Alice	Stomach contents	Accipitriformes	Female	recTM9xQvYOxMLTyY	27.86	-98.05	0.0	22380466	18711472	0.030712772479676187	0	3293188883	0.04915714680119643	11.9153296190722	0.92112278365021
EHI01106	AIJ15	Cathartes aura	Texas, 3.3 mi SE of Cruz Calle, Howell Cattle Company	Colon contents	Accipitriformes	Male	recTM9xQvYOxMLTyY	27.35	-98.24	49.87	31277018	23396680	0.0429092921376254	976916173	3382271747	0.11071269602110356	15.0241283806623	0.892772840680078
EHI02789	AGN60	Trichosurus vulpecula	Inglis River, Tasmania	Faecal	Diprotodontia	Male	recKtBknH3LqSreF0	-41.09	145.6	74.34	38830346	1173774	0.03346886055083664	5434645424	170396074	0.06989460498724631	18.8053429872158	0.842385310059114
EHI01155	AIH44	Cathartes aura	Florida, 1.4 mi W of Hasan	Duodenum contents	Accipitriformes	Male	recTM9xQvYOxMLTyY	29.86	-82.46	0.0	17526712	14486396	0.05344803972440393	0	2416660912	0.12990140475292433	11.4258692864614	0.909149015920044
EHI02835	AGN92	Trichosurus vulpecula	Rocky Cape, Tasmania	Faecal	Diprotodontia	Male	recKtBknH3LqSreF0	-40.89	145.48	68.08	37324370	332551	0.024618801788846678	5326635410	46904442	0.06383778400383022	19.4533282834349	0.785206889633516
EHI01246	AAW32	Psittacula echo	Grand Gauges, Nazca	Faecal	Psittaciformes	Unknown	recxJddnYy3ExEL7a	-20.38	57.44	84.18	199745382	141742110	0.04610230396046566	8234807138	20588802054	0.08233925528942487	18.1105239958673	0.933808788167953
EHI01221	AIG20	Cathartes aura	Florida, 4.1 mi N of Brooker	Stomach contents	Accipitriformes	Female	recTM9xQvYOxMLTyY	29.95	-82.32	0.0	25656472	21823888	0.04943837275853724	0	3774078569	0.06781304774723207	11.8595591347963	0.934020390512672
EHI01135	AIF57	Cathartes aura	Florida, Lake Butler	Jejunum contents	Accipitriformes	Male	recTM9xQvYOxMLTyY	30.03	-82.35	0.0	41120088	34356530	0.051451451488396804	0	5682184983	0.12616459413558345	11.9502475344882	0.933670784211851
EHI01279	AGZ31	Perisoreus infaustus	Arvidsjaur	Faecal	Passeriformes	Unknown	recsoxFuQT1UqV2yf	65.8	19.09	90.37	37490528	175403	0.024236083132145092	5548717301	29290134	0.03214337532694178	15.9262854496104	0.986508149642393
EHI01130	AIF66	Coragyps atratus	Florida, Lake Butler	Duodenum contents	Accipitriformes	Female	recTM9xQvYOxMLTyY	30.03	-82.35	0.0	34175736	27157208	0.054325668892110324	0	4632282316	0.145469662904269	11.9715420650552	0.910578531373081
EHI01184	AIH48	Cathartes aura	Florida, 1.4 mi W of Hasan	Colon contents	Accipitriformes	Male	recTM9xQvYOxMLTyY	29.86	-82.46	75.88	18117110	9006627	0.03974530322387515	1261113152	1409999614	0.0561597741324209	16.728428645493	0.91580599805231
EHI01100	AIF99	Coragyps atratus	Florida, 4.1 mi N of Brooker	Duodenum contents	Accipitriformes	Male	recTM9xQvYOxMLTyY	29.95	-82.32	0.0	23836854	18817004	0.04227692071320577	0	3244295650	0.1309991886136339	11.3916367070139	0.915252959863548
EHI01102	AII13	Coragyps atratus	Texas, 7.8 mi N of Alice	Jejunum contents	Accipitriformes	Male	recTM9xQvYOxMLTyY	27.86	-98.05	0.0	37321582	29695972	0.08275220087130919	0	4990723576	0.18229078711156643	12.0147271885717	0.90508065727294
EHI01365	AGZ39	Perisoreus infaustus	Arvidsjaur	Faecal	Passeriformes	Unknown	recsoxFuQT1UqV2yf	65.66	19.2	84.03	42599614	709813	0.043470011480260196	6219376416	110679630	0.05243453817684984	15.789526876576	0.963976902016517
EHI01107	AIH81	Coragyps atratus	Texas, 7.8 mi N of Alice	Colon contents	Accipitriformes	Female	recTM9xQvYOxMLTyY	27.86	-98.05	0.0	24838628	19350992	0.053485590846623854	0	3402755769	0.13555145740785224	11.71870706395	0.89865634578028
EHI01091	AIF77	Cathartes aura	Florida, 4.1 mi N of Brooker	Duodenum contents	Accipitriformes	Female	recTM9xQvYOxMLTyY	29.95	-82.32	0.0	52905508	43169760	0.06639822204258783	0	7138338332	0.16021782855870148	12.0252828530092	0.939796318337437
EHI01101	AIF53	Cathartes aura	Florida, Lake Butler	Stomach contents	Accipitriformes	Male	recTM9xQvYOxMLTyY	30.03	-82.35	7.24	49282654	29650128	0.09196709796152436	2452268908	4107120177	0.1942883722060299	17.6531299026636	0.642372462692513
EHI01143	AIG26	Cathartes aura	Florida, 4.1 mi N of Brooker	Colon contents	Accipitriformes	Female	recTM9xQvYOxMLTyY	29.95	-82.32	86.76	28129526	9925362	0.05485349142264251	2469945357	1433702974	0.12558792239431293	16.9148323977137	0.928047790385059
EHI01104	AII37	Coragyps atratus	Texas, 7.8 mi N of Alice	Colon contents	Accipitriformes	Female	recTM9xQvYOxMLTyY	27.86	-98.05	7.91	47142124	34389904	0.08428826394432687	1532780476	4617462065	0.20356448451034803	12.3739581560261	0.912385874943385
EHI01105	AIJ26	Cathartes aura	Texas, 3.3 mi SE of Cruz Calle, Howell Cattle Company	Colon contents	Accipitriformes	Female	recTM9xQvYOxMLTyY	27.35	-98.24	35.79	40580548	29743800	0.05129391429395547	1321762905	4229939989	0.13473579811856995	14.1975429358826	0.909185909294576
EHI01111	AIH46	Cathartes aura	Florida, 1.4 mi W of Hasan	Jejunum contents	Accipitriformes	Male	recTM9xQvYOxMLTyY	29.86	-82.46	0.0	23890568	19553056	0.08544308061690742	0	3122768162	0.20304692904013488	11.4996495743946	0.909785406922862
EHI01540	AAW64	Psittacula echo	Bel Ombre	Faecal	Psittaciformes	Unknown	recxJddnYy3ExEL7a	-20.44	57.43	79.44	34678816	18542432	0.02846302702147241	2336358896	2778558829	0.0446940895981538	18.1093095054661	0.843360674433049
EHI01328	AGC98	Canis familiaris	Daneborg	Faecal	Carnivora	Male	recLVY3Rb8dPMd92q	74.18	-20.22	99.53	41008160	203691	0.020964148872649635	6061945401	27879864	0.030736441798231207	17.4533565099316	0.979201612049374
EHI01118	AIF55	Cathartes aura	Florida, Lake Butler	Duodenum contents	Accipitriformes	Male	recTM9xQvYOxMLTyY	30.03	-82.35	0.0	35011242	29245346	0.04398637151386886	0	4867576557	0.11390946443400485	11.8895354347195	0.925709303575381
EHI02829	AGM98	Trichosurus vulpecula	Inglis River, Tasmania	Faecal	Diprotodontia	Male	recKtBknH3LqSreF0	-41.08	145.6	70.58	43472840	159585	0.041973285340072386	6169098487	20333202	0.09067501967899705	18.8717524852168	0.847623167962492
EHI01292	AGC18	Canis familiaris	Ittoqqortoormii	Faecal	Carnivora	Male	recLVY3Rb8dPMd92q	70.3	-21.95	75.65	40159986	36686	0.02042674382272258	5964480529	5501443	0.029210372129830242	17.3848787834902	0.967324413349605
EHI01149	AII22	Coragyps atratus	Texas, 7.8 mi N of Alice	Duodenum contents	Accipitriformes	Female	recTM9xQvYOxMLTyY	27.86	-98.05	0.0	27566954	22399484	0.06092212716021994	0	3869107431	0.12131673401613008	11.7616727947104	0.902976614724129
EHI01126	AIF59	Cathartes aura	Florida, Lake Butler	Colon contents	Accipitriformes	Male	recTM9xQvYOxMLTyY	30.03	-82.35	54.07	31523326	20218112	0.11629095988148785	1398148988	2776849221	0.21973469005736734	15.8552521449918	0.885776240998548
EHI01114	AII11	Coragyps atratus	Texas, 7.8 mi N of Alice	Duodenum contents	Accipitriformes	Male	recTM9xQvYOxMLTyY	27.86	-98.05	0.0	30658466	24954448	0.08362487834855326	0	4253335252	0.15245800643865937	11.8292792856711	0.906667613349305
EHI02837	AGN24	Trichosurus vulpecula	Forth, Tasmania	Faecal	Diprotodontia	Male	recKtBknH3LqSreF0	-41.21	146.24	66.55	39459172	1719548	0.048543894393004106	5355976679	233233891	0.10153740304034464	19.8436998736864	0.761917616000373
EHI01191	AIJ24	Cathartes aura	Texas, 3.3 mi SE of Cruz Calle, Howell Cattle Company	Jejunum contents	Accipitriformes	Female	recTM9xQvYOxMLTyY	27.35	-98.24	0.0	17521358	14868095	0.0238303976602271	0	2578457584	0.04230714140488745	11.8030133279783	0.913335517584942
EHI01110	AIH59	Coragyps atratus	Florida, 1.4 mi W of Hasan	Colon contents	Accipitriformes	Female	recTM9xQvYOxMLTyY	29.86	-82.46	27.62	41048108	31033496	0.0674561735315733	1263811225	4434919929	0.13689622326953654	13.7937055340838	0.887616007081258
EHI01093	AIF79	Cathartes aura	Florida, 4.1 mi N of Brooker	Jejunum contents	Accipitriformes	Female	recTM9xQvYOxMLTyY	29.95	-82.32	0.0	38567526	31191808	0.08164952326290253	0	5141736003	0.18378383762350603	11.6764902626959	0.938600938867358
EHI01134	AIJ13	Cathartes aura	Texas, 3.3 mi SE of Cruz Calle, Howell Cattle Company	Jejunum contents	Accipitriformes	Male	recTM9xQvYOxMLTyY	27.35	-98.24	0.0	31017950	26099076	0.06643194094885074	0	4251025539	0.14702687499311518	12.0342339286244	0.915981120270361
EHI01192	AIH42	Cathartes aura	Florida, 1.4 mi W of Hasan	Stomach contents	Accipitriformes	Male	recTM9xQvYOxMLTyY	29.86	-82.46	0.34	19921922	11766631	0.05169144407366233	1120354042	1817923362	0.06756198794533042	18.5111778731232	0.631834419862478
EHI01099	AIG02	Coragyps atratus	Florida, 4.1 mi N of Brooker	Jejunum contents	Accipitriformes	Male	recTM9xQvYOxMLTyY	29.95	-82.32	0.0	35100760	28236386	0.03396202237405599	0	4820743514	0.11549468541081032	11.7642257459099	0.919740881673416
EHI01233	AIF75	Cathartes aura	Florida, 4.1 mi N of Brooker	Stomach contents	Accipitriformes	Female	recTM9xQvYOxMLTyY	29.95	-82.32	78.96	22921262	11426561	0.04734817864413521	1608285951	1757350319	0.06745113695838123	16.9649598792976	0.918635219641856
EHI01145	AIH77	Coragyps atratus	Texas, 7.8 mi N of Alice	Duodenum contents	Accipitriformes	Female	recTM9xQvYOxMLTyY	27.86	-98.05	0.0	23924862	19136036	0.06487275981502316	0	3248576976	0.15350739268761848	11.5707398860638	0.903788755844253
EHI00165	AAW16	Psittacula echo	Bel Ombre, Crackhammer	Faecal	Psittaciformes	Unknown	recxJddnYy3ExEL7a	-20.45	57.42	74.43	20101484	4630986	0.05871243427745776	2183724089	688226117	0.10343899044730775	17.2590582198297	0.944107694076913
EHI01103	AIH22	Coragyps atratus	Florida, 4.1 mi N of Brooker	Duodenum contents	Accipitriformes	Female	recTM9xQvYOxMLTyY	29.95	-82.32	0.0	78797002	64728310	0.054329743186030566	0	10997228852	0.12012284996047318	12.4810684058116	0.936899575250323
EHI01116	AII04	Cathartes aura	Texas, 7.8 mi N of Alice	Colon contents	Accipitriformes	Female	recTM9xQvYOxMLTyY	27.86	-98.05	46.04	32411360	22067640	0.06603412079980087	1278955458	3042197453	0.16987760306250344	15.3762614386434	0.906889028325031
EHI01095	AIG75	Coragyps atratus	Florida, 4.1 mi N of Brooker	Stomach contents	Accipitriformes	Male	recTM9xQvYOxMLTyY	29.95	-82.32	4.92	49167404	4204352	0.05471303017595297	6434078753	628965749	0.09471134778263868	20.379138517883	0.688342990445103
EHI01224	AIH86	Coragyps atratus	Texas, 7.8 mi N of Alice	Stomach contents	Accipitriformes	Female	recTM9xQvYOxMLTyY	27.86	-98.05	26.93	20276532	14329928	0.02928573275131585	790965528	2203675482	0.04423473281163681	15.0072106998338	0.805782539533128
EHI01124	AII02	Cathartes aura	Texas, 7.8 mi N of Alice	Jejunum contents	Accipitriformes	Female	recTM9xQvYOxMLTyY	27.86	-98.05	0.0	13242032	10652364	0.08477548923822431	0	1721460789	0.2068069772533876	11.0885450385344	0.90450855088481
EHI01141	AII33	Coragyps atratus	Texas, 7.8 mi N of Alice	Duodenum contents	Accipitriformes	Female	recTM9xQvYOxMLTyY	27.86	-98.05	0.0	19873050	15899176	0.08607241886355022	0	2746376162	0.1579923824383721	11.5900634352637	0.894574299469092
EHI01132	AIH66	Coragyps atratus	Florida, 1.4 mi W of Hasan	Duodenum contents	Accipitriformes	Female	recTM9xQvYOxMLTyY	29.86	-82.46	0.0	39552668	32458652	0.033551367030623	0	5555032318	0.09510471963917255	12.0869065044792	0.917068651013962
EHI01096	AIF88	Cathartes aura	Florida, 4.1 mi N of Brooker	Duodenum contents	Accipitriformes	Female	recTM9xQvYOxMLTyY	29.95	-82.32	0.0	39801514	32610842	0.06034033461754895	0	5447353204	0.14263594949500957	11.8677739910746	0.933882389494396
EHI01188	AIH75	Coragyps atratus	Texas, 7.8 mi N of Alice	Stomach contents	Accipitriformes	Female	recTM9xQvYOxMLTyY	27.86	-98.05	0.0	19697160	15626528	0.030745733657566943	0	2906365798	0.0465605365567997	11.4956901793285	0.918156060607444
EHI01194	AIG44	Cathartes aura	Florida, 4.1 mi N of Brooker	Duodenum contents	Accipitriformes	Female	recTM9xQvYOxMLTyY	29.95	-82.32	0.0	23690306	19897696	0.0286115113748574	0	3476971180	0.04954378680366034	11.3606238987069	0.934903551683779
EHI01244	AAW23	Psittacula echo	Bel Ombre, Mollocus	Faecal	Psittaciformes	Unknown	recxJddnYy3ExEL7a	-20.46	57.43	82.53	69185704	4286972	0.022962333374654142	9601030227	633011488	0.03650189183880603	16.436793422856	0.985244977648027
EHI01248	AHQ55	Trichosurus vulpecula	Tasmania	Faecal	Diprotodontia	Female	recKtBknH3LqSreF0	-42.02	147.02	85.82	74493664	34224	0.02107056103288707	11054479450	4968189	0.031110540932945963	17.1086655384124	0.971010002614859
EHI01257	AED56	Trichosurus vulpecula	Ikara-Flinders Ranges National Park	Faecal	Diprotodontia	Unknown	recKtBknH3LqSreF0	-30.65	139.04	100.0	54151454	187881	0.04353090999010878	8021392089	28219625	0.05213935824972915	18.4050084728621	0.900152043844184
EHI01313	AGD21	Canis familiaris	Daneborg	Faecal	Carnivora	Female	recLVY3Rb8dPMd92q	74.18	-20.22	100.0	45323804	162306	0.026834148795907065	6721463851	22459522	0.034656501215016844	17.5732120046636	0.969286557603106
EHI01120	AII97	Cathartes aura	Texas, 3.3 mi SE of Cruz Calle, Howell Cattle Company	Stomach contents	Accipitriformes	Female	recTM9xQvYOxMLTyY	27.35	-98.24	0.0	30747548	25436446	0.08813737904030361	0	4069727662	0.19537594077127762	11.9099928900634	0.918082341748026
EHI02838	AGO02	Trichosurus vulpecula	Rocky Cape, Tasmania	Faecal	Diprotodontia	Female	recKtBknH3LqSreF0	-40.89	145.48	60.51	43651456	62180	0.05333257457885654	6192706045	8130997	0.10348459121177256	19.0675867262564	0.845385378435797
EHI01125	AIJ04	Cathartes aura	Texas, 3.3 mi SE of Cruz Calle, Howell Cattle Company	Colon contents	Accipitriformes	Female	recTM9xQvYOxMLTyY	27.35	-98.24	0.0	29237494	23670530	0.10423038032049736	0	3825874713	0.21855994529822187	11.6441478982591	0.913003614201977
EHI01182	AII09	Coragyps atratus	Texas, 7.8 mi N of Alice	Stomach contents	Accipitriformes	Male	recTM9xQvYOxMLTyY	27.86	-98.05	76.69	22167158	14645337	0.021924668395689073	1030494081	2244734042	0.036586818366465046	15.7959914798115	0.871795183846368
EHI01567	AAX61	Psittacula echo	Grand Gorges	Faecal	Psittaciformes	Unknown	recxJddnYy3ExEL7a	-20.38	57.45	85.37	53644404	8607293	0.021885502608565255	6705734400	1293786373	0.027615599910447708	17.9881779511765	0.950052337623421
EHI01137	AIG13	Cathartes aura	Florida, 4.1 mi N of Brooker	Jejunum contents	Accipitriformes	Male	recTM9xQvYOxMLTyY	29.95	-82.32	0.0	37389852	31246152	0.06645722334766024	0	5105722319	0.15014191720700343	11.5381187299786	0.934857555641537
EHI01088	AIF90	Cathartes aura	Florida, 4.1 mi N of Brooker	Jejunum contents	Accipitriformes	Female	recTM9xQvYOxMLTyY	29.95	-82.32	0.0	40257488	32876156	0.052761422160648164	0	5524217563	0.13345280625370193	11.8920015271645	0.936734021681229
EHI01324	AGD11	Canis familiaris	Daneborg	Faecal	Carnivora	Male	recLVY3Rb8dPMd92q	74.18	-20.22	100.0	37758512	1365756	0.019953963014885723	5412338431	205005134	0.0279886560391851	17.6202451442422	0.965205978058948
EHI01152	AII15	Coragyps atratus	Texas, 7.8 mi N of Alice	Colon contents	Accipitriformes	Male	recTM9xQvYOxMLTyY	27.86	-98.05	23.9	40517656	30418952	0.05100243549534922	1262366627	4322323101	0.12797572324418427	13.6494093205035	0.876757105598177
EHI01128	AII26	Coragyps atratus	Texas, 7.8 mi N of Alice	Colon contents	Accipitriformes	Female	recTM9xQvYOxMLTyY	27.86	-98.05	1.07	55729130	44636996	0.07008243806999426	1351155668	6082767271	0.17303147145123532	12.2112385987219	0.919105141272968
EHI01183	AIJ11	Cathartes aura	Texas, 3.3 mi SE of Cruz Calle, Howell Cattle Company	Duodenum contents	Accipitriformes	Male	recTM9xQvYOxMLTyY	27.35	-98.24	0.0	23941130	20288972	0.03135886330755833	0	3525324336	0.04911918748681532	11.4958357351304	0.936936364559095
EHI01181	AIG22	Cathartes aura	Florida, 4.1 mi N of Brooker	Duodenum contents	Accipitriformes	Female	recTM9xQvYOxMLTyY	29.95	-82.32	0.0	14695290	12508650	0.016959209462157898	0	2158805957	0.037245124305323785	11.2228879186953	0.909213579233174
EHI01097	AIG81	Coragyps atratus	Florida, 4.1 mi N of Brooker	Colon contents	Accipitriformes	Male	recTM9xQvYOxMLTyY	29.95	-82.32	0.0	24965912	18176998	0.06834497016835006	0	3277774408	0.18455345195837192	11.4365617049974	0.928443621122754
EHI01090	AIF92	Cathartes aura	Florida, 4.1 mi N of Brooker	Colon contents	Accipitriformes	Female	recTM9xQvYOxMLTyY	29.95	-82.32	75.58	65927922	27367840	0.05980560679274993	5130134555	3891643356	0.14227287909127817	17.3040649400252	0.936881180545043
EHI01220	AIH20	Coragyps atratus	Florida, 4.1 mi N of Brooker	Stomach contents	Accipitriformes	Female	recTM9xQvYOxMLTyY	29.95	-82.32	0.0	23010076	18611380	0.033864754948435216	0	3391040421	0.05079158419624619	12.0280588704207	0.913123469508779
EHI01133	AIH55	Coragyps atratus	Florida, 1.4 mi W of Hasan	Duodenum contents	Accipitriformes	Female	recTM9xQvYOxMLTyY	29.86	-82.46	0.0	39278378	31660780	0.06053890459957434	0	5367423320	0.14414568549903128	11.8638217790824	0.916902764328721
