sample,individual,species,sample_type,sex,state,raw_reads,reads_lost_fastp_percent,reads_post_fastp,metagenomic reads,host_reads,read_length,metagenomic_bases,host_bases,metagenomic_bases_percent
EHI01797,SD0297201,Coragyps atratus,Colon contents,Female,Texas,36045044,0.016581697,35447356,6870672,28576684,146.8403533,0,5205102278,0.193827489
EHI01801,SD0297901,Cathartes aura,Colon contents,Male,Texas,63103374,0.0349916,60895286,10786396,50108890,147.6350495,1215533615,7774744948,0.17713023
EHI01644,SD0297701,Cathartes aura,Colon contents,Male,Texas,73406164,0.048338938,69857788,17658628,52199160,138.4228866,2190124363,7479792300,0.252779661
EHI01790,SD0297401,Coragyps atratus,Stomach contents,Female,Texas,38490082,0.035747443,37114160,7091620,30022540,147.8245639,872329573,4614054944,0.191075859
EHI01822,SD0296101,Cathartes aura,Stomach contents,Male,Florida,156688618,0.017281689,153980774,92927018,61053756,147.6739821,13312271862,9426682207,0.603497538
EHI01117,SD0296001,Coragyps atratus,Colon contents,Female,Florida,19866512,0.03250173,19220816,4167415,15053401,144.6350235,0,2780003173,0.216817798
EHI01146,SD0295001,Cathartes aura,Stomach contents,Male,Florida,29215144,0.091258903,26549002,23103558,3445444,134.3694535,3089107080,478267809,0.87022322
EHI01660,SD0297601,Cathartes aura,Colon contents,Female,Texas,50078864,0.117311008,44204062,8500872,35703190,128.930202,931852319,4767386323,0.192309747
EHI01636,SD0297601,Cathartes aura,Stomach contents,Female,Texas,44161604,0.097501033,39855802,6935432,32920370,131.0589895,0,5223461135,0.174013109
EHI01127,SD0294601,Coragyps atratus,Colon contents,Female,Florida,44756940,0.051381395,42457266,11618990,30838276,132.4402551,1442812985,4180238155,0.27366317
EHI01089,SD0294701,Cathartes aura,Colon contents,Female,Florida,39612734,0.038625913,38082656,22362623,15720033,140.3474559,3046705271,2298098614,0.587212798
EHI01196,SD0295301,Cathartes aura,Colon contents,Female,Florida,17819070,0.027742413,17324726,6035990,11288736,146.321118,802437639,1732535639,0.348403201
EHI01119,SD0297801,Cathartes aura,Stomach contents,Female,Texas,27652042,0.075757154,25557202,5427418,20129784,132.7960571,0,3393895657,0.212363544
EHI01087,SD0294901,Coragyps atratus,Colon contents,Male,Florida,32490014,0.066362791,30333886,7223130,23110756,138.5892145,901666067,3302283366,0.238120826
EHI01219,SD0294801,Cathartes aura,Stomach contents,Female,Florida,29607864,0.035542314,28555532,5014408,23541124,146.8618237,0,4193717507,0.175601981
EHI01147,SD0295201,Cathartes aura,Colon contents,Female,Florida,22889162,0.059037635,21537840,4201878,17335962,136.2804965,0,2935187528,0.195092823
EHI01824,SD0298101,Cathartes aura,Stomach contents,Male,Texas,60693606,0.023903968,59242788,9438318,49804470,147.2684036,1052735409,7671855404,0.159315899
EHI01195,SD0294601,Coragyps atratus,Stomach contents,Female,Florida,19385876,0.020665974,18985248,15065347,3919901,147.7695568,2202403704,603037979,0.793529113
EHI01796,SD0296101,Cathartes aura,Colon contents,Male,Florida,52796478,0.02717507,51361730,45989041,5372689,148.1371824,6778293215,830288748,0.895395093
EHI01098,SD0294901,Coragyps atratus,Stomach contents,Male,Florida,21152004,0.077284876,19517274,19250095,267179,135.856664,2614262907,37288829,0.986310639
EHI01787,SD0298001,Cathartes aura,Stomach contents,Female,Texas,76212706,0.031225135,73832954,12333566,61499388,147.191616,1330425274,9537166543,0.167046899
EHI01799,SD0298101,Cathartes aura,Colon contents,Male,Texas,60982784,0.020870972,59710014,12265454,47444560,146.7032878,1405862520,7353792851,0.205417034
EHI01223,SD0296401,Coragyps atratus,Stomach contents,Female,Florida,15602746,0.036403207,15034756,11870093,3164663,146.2349494,1720283008,478323775,0.789510186
EHI01140,SD0295301,Cathartes aura,Stomach contents,Female,Florida,25100386,0.025152043,24469060,24204508,264552,145.5321579,3519645399,41389705,0.989188306
EHI01186,SD0297701,Cathartes aura,Stomach contents,Male,Texas,21005100,0.032371948,20325124,3451772,16873352,147.200013,0,2991858517,0.169827845
EHI01139,SD0295001,Cathartes aura,Colon contents,Male,Florida,27789460,0.067650901,25909478,7975498,17933980,134.0609118,987536266,2485911979,0.30782164
EHI01185,SD0296301,Coragyps atratus,Stomach contents,Female,Florida,17940552,0.027669829,17444140,8096073,9348067,147.1026006,1132903190,1433175170,0.464114195
EHI01634,SD0294901,Coragyps atratus,Colon contents,Male,Florida,115437576,0.072056,107119606,25725846,81393760,137.8209271,3211049835,11552273575,0.240160013
EHI01823,SD0297101,Coragyps atratus,Stomach contents,Female,Texas,96909188,0.041833722,92855116,40153992,52701124,147.2605687,5638153872,8035743318,0.432437045
EHI01795,SD0295901,Cathartes aura,Colon contents,Male,Florida,35591226,0.029393817,34545064,10940460,23604604,147.3340314,1429463564,3660199979,0.316701107
EHI01656,SD0297801,Cathartes aura,Stomach contents,Female,Texas,64643732,0.081351955,59384838,12851762,46533076,131.7507493,1446217319,6377779582,0.21641487
EHI01655,SD0295601,Coragyps atratus,Stomach contents,Male,Florida,98819148,0.063259036,92567944,84594461,7973483,142.7241268,12031838452,1179840525,0.913863454
EHI01657,SD0296501,Coragyps atratus,Colon contents,Female,Texas,50021466,0.059330008,47053692,10524902,36528790,135.9710522,1298988186,5098951827,0.223678559
EHI01189,SD0295201,Cathartes aura,Stomach contents,Female,Florida,23799080,0.020633235,23308028,22937398,370630,148.4389231,3400657762,59160815,0.984098612
EHI01109,SD0296401,Coragyps atratus,Colon contents,Female,Florida,24357784,0.057937619,22946552,5671932,17274620,136.22072,0,3125795836,0.247180143
EHI01642,SD0295201,Cathartes aura,Colon contents,Female,Florida,86715660,0.06564466,81023240,16077940,64945300,135.1709151,1842611337,9109374161,0.198436152
EHI01121,SD0296601,Coragyps atratus,Colon contents,Female,Texas,18491344,0.134087712,16011882,3612048,12399834,128.7298165,0,2061206631,0.225585475
EHI01187,SD0297001,Coragyps atratus,Stomach contents,Female,Texas,18446404,0.032617089,17844736,3375677,14469059,147.4931678,0,2631976641,0.189169344
EHI01639,SD0295601,Coragyps atratus,Colon contents,Male,Florida,48914852,0.0744562,45272838,12284962,32987876,130.2168551,1500218647,4395067940,0.271353919
EHI01645,SD0296701,Cathartes aura,Colon contents,Female,Texas,80069078,0.070388222,74433158,23796554,50636604,132.0899263,2933416746,6898453612,0.319703673
EHI01650,SD0294901,Coragyps atratus,Stomach contents,Male,Florida,52517176,0.086342038,47982736,47325463,657273,134.5927433,6367627409,90500662,0.986301886
EHI01193,SD0296701,Cathartes aura,Stomach contents,Female,Texas,23089612,0.030712772,22380466,3668994,18711472,147.1456798,0,3293188883,0.163937337
EHI01649,SD0295001,Cathartes aura,Stomach contents,Male,Florida,66982830,0.101784233,60165034,52313540,7851494,133.0072485,6926949868,1075435760,0.869500714
EHI01791,SD0297101,Coragyps atratus,Colon contents,Female,Texas,59704044,0.025556292,58178230,11846498,46331732,147.8581433,1497781791,7104343275,0.203624242
EHI01106,SD0297701,Cathartes aura,Colon contents,Male,Texas,32679262,0.042909292,31277018,7880338,23396680,139.3735144,976916173,3382271747,0.251952983
EHI01789,SD0297401,Coragyps atratus,Colon contents,Female,Texas,60190468,0.022491834,58836674,9932324,48904350,147.8714129,1220166360,7480095757,0.168811786
EHI01798,SD0297301,Coragyps atratus,Colon contents,Male,Texas,89482596,0.033153754,86515912,18465832,68050080,147.9184513,2282606968,10514692748,0.213438564
EHI01221,SD0295101,Cathartes aura,Stomach contents,Female,Florida,26990856,0.049438373,25656472,3832584,21823888,147.1004497,0,3774078569,0.149380788
EHI01647,SD0294701,Cathartes aura,Colon contents,Female,Florida,81158900,0.043495587,77628846,45650628,31978218,139.4371389,6193040094,4631304091,0.58806269
EHI01184,SD0296201,Cathartes aura,Colon contents,Male,Florida,18866984,0.039745303,18117110,9110483,9006627,147.4359192,1261113152,1409999614,0.502866241
EHI01820,SD0297301,Coragyps atratus,Stomach contents,Male,Texas,48859436,0.021673684,47800472,12463748,35336724,144.5250329,1671464046,5236900741,0.260745291
EHI01637,SD0296401,Coragyps atratus,Colon contents,Female,Florida,100555974,0.06320263,94200572,23680572,70520000,135.6260173,2955389714,9820658695,0.251384588
EHI01652,SD0296901,Coragyps atratus,Colon contents,Female,Texas,96488340,0.076592156,89098090,18024940,71073150,132.3152697,2193015283,9596022525,0.202304449
EHI01107,SD0296501,Coragyps atratus,Colon contents,Female,Texas,26242208,0.053485591,24838628,5487636,19350992,136.9945139,0,3402755769,0.220931526
EHI01101,SD0294501,Cathartes aura,Stomach contents,Male,Florida,54274084,0.091967098,49282654,19632526,29650128,133.0973183,2452268908,4107120177,0.398365843
EHI01143,SD0295101,Cathartes aura,Colon contents,Female,Florida,29762080,0.054853491,28129526,18204164,9925362,138.774053,2469945357,1433702974,0.647155021
EHI01641,SD0295001,Cathartes aura,Colon contents,Male,Florida,68244356,0.073658223,63217598,19549228,43668370,133.1621866,2415298413,6002895168,0.309237121
EHI01638,SD0297001,Coragyps atratus,Colon contents,Female,Texas,113009810,0.091136902,102710446,28397416,74313030,129.4830814,3405750402,9893514642,0.27648031
EHI01821,SD0297501,Coragyps atratus,Stomach contents,Female,Texas,132550074,0.025113634,129221260,31122644,98098616,147.6896205,4011493448,15073145398,0.240847706
EHI01659,SD0296301,Coragyps atratus,Colon contents,Female,Florida,92870794,0.0747093,85932482,21166498,64765984,137.9464109,2669808970,9184268505,0.24631545
EHI01104,SD0297001,Coragyps atratus,Colon contents,Female,Texas,51481402,0.084288264,47142124,12752220,34389904,130.4617191,1532780476,4617462065,0.270505843
EHI01640,SD0294801,Cathartes aura,Colon contents,Female,Florida,65978250,0.066077624,61618564,36090096,25528468,135.4162977,4761548041,3582609766,0.585701673
EHI01788,SD0295901,Cathartes aura,Stomach contents,Male,Florida,41208572,0.024554309,40196724,9147128,31049596,147.4606312,1125411663,4802022629,0.227559042
EHI01828,SD0295801,Cathartes aura,Stomach contents,Male,Florida,74479912,0.040359446,71473944,46603944,24870000,145.6528926,6579357577,3831029109,0.652041029
EHI01105,SD0297801,Cathartes aura,Colon contents,Female,Texas,42774626,0.051293914,40580548,10836748,29743800,136.8069966,1321762905,4229939989,0.267042919
EHI01643,SD0296601,Coragyps atratus,Colon contents,Female,Texas,42903152,0.146859886,36602400,8299928,28302472,126.7234887,972774455,3665609366,0.22675912
EHI01792,SD0298001,Cathartes aura,Colon contents,Female,Texas,32120816,0.023927723,31352238,9550800,21801438,146.1912862,1240521491,3342902507,0.304628971
EHI01126,SD0294501,Cathartes aura,Colon contents,Male,Florida,35671612,0.11629096,31523326,11305214,20218112,132.4415517,1398148988,2776849221,0.358630114
EHI01802,SD0297501,Coragyps atratus,Colon contents,Female,Texas,44392050,0.019107025,43543850,9176614,34367236,147.6262364,1164392552,5263822142,0.210744204
EHI01648,SD0296801,Coragyps atratus,Colon contents,Male,Texas,72087218,0.057022009,67976660,17173476,50803184,136.7827831,2144622005,7153414733,0.252637832
EHI01110,SD0296301,Coragyps atratus,Colon contents,Female,Florida,44017350,0.067456174,41048108,10014612,31033496,138.8305438,1263811225,4434919929,0.24397256
EHI01793,SD0297201,Coragyps atratus,Stomach contents,Female,Texas,47919098,0.033730768,46302750,9050766,37251984,147.6518164,1109386207,5727298935,0.195469297
EHI01635,SD0295301,Cathartes aura,Stomach contents,Female,Florida,90817614,0.02939062,88148428,87190619,957809,144.7587762,12612458592,147799971,0.989134134
EHI01661,SD0297801,Cathartes aura,Colon contents,Female,Texas,113465658,0.057155214,106980504,28058080,78922424,135.8907721,3412107018,11125556274,0.262272834
EHI01192,SD0296201,Cathartes aura,Stomach contents,Male,Florida,21007848,0.051691444,19921922,8155291,11766631,147.4896551,1120354042,1817923362,0.409362661
EHI01233,SD0294701,Cathartes aura,Stomach contents,Female,Florida,24060482,0.047348179,22921262,11494701,11426561,146.8346843,1608285951,1757350319,0.501486393
EHI01116,SD0296701,Cathartes aura,Colon contents,Female,Texas,34702938,0.066034121,32411360,10343720,22067640,133.3221719,1278955458,3042197453,0.319138722
EHI01646,SD0294601,Coragyps atratus,Colon contents,Female,Florida,65379320,0.055719546,61736414,16877438,44858976,131.6206872,2087261736,6038527497,0.273378982
EHI01095,SD0295601,Coragyps atratus,Stomach contents,Male,Florida,52013204,0.05471303,49167404,44963052,4204352,143.6529881,6434078753,628965749,0.914489038
EHI01224,SD0296601,Coragyps atratus,Stomach contents,Female,Texas,20888260,0.029285733,20276532,5946604,14329928,147.6899999,790965528,2203675482,0.293275201
EHI01658,SD0294501,Cathartes aura,Stomach contents,Male,Florida,103903980,0.099282395,93588144,37450932,56137212,132.1948302,4650932608,7720936197,0.400167483
EHI01188,SD0296501,Coragyps atratus,Stomach contents,Female,Texas,20321974,0.030745734,19697160,4070632,15626528,147.5525303,0,2906365798,0.206660859
EHI01794,SD0297901,Cathartes aura,Stomach contents,Male,Texas,22694892,0.024492295,22139042,3409474,18729568,147.2030766,0,3258935096,0.154002779
EHI01120,SD0297601,Cathartes aura,Stomach contents,Female,Texas,33719496,0.088137379,30747548,5311102,25436446,132.3594214,0,4069727662,0.172732538
EHI01651,SD0295101,Cathartes aura,Colon contents,Female,Florida,65444366,0.061103442,61445490,39887492,21557998,137.865757,5386219171,3085009822,0.649152476
EHI01800,SD0295801,Cathartes aura,Colon contents,Male,Florida,48800196,0.034009945,47140504,16239736,30900768,147.5370754,2170702609,4784269485,0.344496444
EHI01125,SD0297601,Cathartes aura,Colon contents,Female,Texas,32639524,0.10423038,29237494,5566964,23670530,130.8550833,0,3825874713,0.190404964
EHI01182,SD0296801,Coragyps atratus,Stomach contents,Male,Texas,22664060,0.021924668,22167158,7521821,14645337,147.7513772,1030494081,2244734042,0.339322749
EHI01152,SD0296801,Coragyps atratus,Colon contents,Male,Texas,42695216,0.051002435,40517656,10098704,30418952,137.8334849,1262366627,4322323101,0.249242059
EHI01654,SD0296001,Coragyps atratus,Colon contents,Female,Florida,93482082,0.038503678,89882678,20215582,69667096,143.8315849,2516531544,10411436487,0.224910766
EHI01128,SD0296901,Coragyps atratus,Colon contents,Female,Texas,59929108,0.070082438,55729130,11092134,44636996,133.3938452,1351155668,6082767271,0.199036554
EHI01653,SD0294501,Cathartes aura,Colon contents,Male,Florida,63532636,0.128969873,55338840,19868428,35470412,130.7992216,2435813587,4802463612,0.359032246
EHI01097,SD0295601,Coragyps atratus,Colon contents,Male,Florida,26797378,0.06834497,24965912,6788914,18176998,131.2899929,0,3277774408,0.271927338
EHI01090,SD0294801,Cathartes aura,Colon contents,Female,Florida,70121586,0.059805607,65927922,38560082,27367840,136.8430498,5130134555,3891643356,0.584882411
EHI01220,SD0296001,Coragyps atratus,Stomach contents,Female,Florida,23816620,0.033864755,23010076,4398696,18611380,147.3719783,0,3391040421,0.191163906
,,,,,,,,,,,,,,
,,,,,,,,,,,,,,
,,,,,,,,,,,,,,
Sum,,,,,,4909213848,,4634803456,1723681547,2911121909,,2.16146E+11,4.32207E+11,
Median,,,,,,44392050,0.051293914,42457266,11618990,25528468,139.3735144,1429463564,3891643356,0.260745291