"","EHA01589_bin.14","EHA01589_bin.17","EHA01589_bin.2","EHA01589_bin.9","EHA01595_bin.11","EHA01595_bin.1","EHA01595_bin.2","EHA01595_bin.5","EHA01595_bin.6","EHA01595_bin.7","EHA01595_bin.8","EHA01595_bin.9","EHA01598_bin.13","EHA01598_bin.2","EHA01598_bin.4","EHA01598_bin.9","EHA01634_bin.19","EHA01634_bin.28","EHA01634_bin.3","EHA01634_bin.46","EHA01634_bin.6","EHA01634_bin.9","EHA01666_bin.11","EHA01666_bin.15","EHA01666_bin.16","EHA01666_bin.21","EHA01666_bin.24","EHA01666_bin.26","EHA01666_bin.8","EHA01709_bin.1","EHA01709_bin.31","EHA01709_bin.35","EHA01709_bin.43","EHA01709_bin.44","EHA01709_bin.60","EHA01709_bin.62","EHA01709_bin.65","EHA01709_bin.77","EHA02611_bin.11","EHA02611_bin.15","EHA02611_bin.16","EHA02611_bin.22","EHA02611_bin.24","EHA02611_bin.28","EHA02611_bin.31","EHA02611_bin.32","EHA02611_bin.33","EHA02611_bin.34","EHA02611_bin.37","EHA02611_bin.39","EHA02611_bin.44","EHA02611_bin.48","EHA02611_bin.49","EHA02611_bin.53","EHA02611_bin.54","EHA02611_bin.59","EHA02611_bin.9","EHA02637_bin.10","EHA02637_bin.13","EHA02637_bin.16","EHA02637_bin.18","EHA02637_bin.35","EHA02637_bin.37","EHA02637_bin.44","EHA02637_bin.50","EHA02637_bin.51","EHA02637_bin.61","EHA02637_bin.63","EHA02637_bin.64","EHA02637_bin.67","EHA02637_bin.70","EHA02637_bin.73","EHA02637_bin.75","EHA02637_bin.78","EHA02637_bin.7","EHA02637_bin.80","EHA02637_bin.82","EHA03085_bin.10","EHA03085_bin.13","EHA03085_bin.15","EHA03085_bin.16","EHA03085_bin.25","EHA03085_bin.26","EHA03085_bin.28","EHA03085_bin.2","EHA03085_bin.3","EHA03085_bin.5","EHA03128_bin.11","EHA03128_bin.12","EHA03128_bin.14","EHA03128_bin.18","EHA03128_bin.27","EHA03128_bin.28","EHA03128_bin.2","EHA03128_bin.34","EHA03128_bin.35","EHA03128_bin.7","EHA03128_bin.9","EHA03130_bin.11","EHA03130_bin.12","EHA03130_bin.13","EHA03130_bin.14","EHA03130_bin.2","EHA03130_bin.3","EHA03130_bin.4","EHA03130_bin.5","EHA03130_bin.6","EHA03130_bin.7","EHA03130_bin.9","EHA03138_bin.10","EHA03138_bin.11","EHA03138_bin.14","EHA03138_bin.16","EHA03138_bin.17","EHA03138_bin.20","EHA03138_bin.21","EHA03138_bin.22","EHA03138_bin.25","EHA03138_bin.27","EHA03138_bin.28","EHA03138_bin.29","EHA03138_bin.31","EHA03138_bin.32","EHA03138_bin.33","EHA03138_bin.36","EHA03138_bin.37","EHA03138_bin.41","EHA03138_bin.42","EHA03138_bin.45","EHA03138_bin.47","EHA03138_bin.48","EHA03138_bin.4","EHA03138_bin.50","EHA03138_bin.52","EHA03138_bin.5","EHA03138_bin.60","EHA03138_bin.63","EHA03138_bin.64","EHA03138_bin.66","EHA03138_bin.70","EHA03161_bin.106","EHA03161_bin.107","EHA03161_bin.108","EHA03161_bin.10","EHA03161_bin.11","EHA03161_bin.12","EHA03161_bin.14","EHA03161_bin.15","EHA03161_bin.16","EHA03161_bin.17","EHA03161_bin.18","EHA03161_bin.19","EHA03161_bin.1","EHA03161_bin.21","EHA03161_bin.22","EHA03161_bin.23","EHA03161_bin.26","EHA03161_bin.27","EHA03161_bin.28","EHA03161_bin.32","EHA03161_bin.34","EHA03161_bin.37","EHA03161_bin.40","EHA03161_bin.41","EHA03161_bin.44","EHA03161_bin.47","EHA03161_bin.4","EHA03161_bin.50","EHA03161_bin.52","EHA03161_bin.58","EHA03161_bin.59","EHA03161_bin.61","EHA03161_bin.62","EHA03161_bin.68","EHA03161_bin.69","EHA03161_bin.6","EHA03161_bin.70","EHA03161_bin.72","EHA03161_bin.75","EHA03161_bin.77","EHA03161_bin.7","EHA03161_bin.80","EHA03161_bin.82","EHA03161_bin.83","EHA03161_bin.84","EHA03161_bin.85","EHA03161_bin.87","EHA03161_bin.8","EHA03161_bin.91","EHA03161_bin.94","EHA03161_bin.98","EHA03161_bin.9","EHA03189_bin.10","EHA03189_bin.11","EHA03189_bin.12","EHA03189_bin.14","EHA03189_bin.19","EHA03189_bin.1","EHA03189_bin.20","EHA03189_bin.28","EHA03189_bin.31","EHA03189_bin.32","EHA03189_bin.33","EHA03189_bin.34","EHA03189_bin.35","EHA03189_bin.40","EHA03189_bin.41","EHA03189_bin.42","EHA03189_bin.44","EHA03189_bin.45","EHA03189_bin.46","EHA03189_bin.47","EHA03189_bin.7","EHA03189_bin.9","EHA03206_bin.10","EHA03206_bin.11","EHA03206_bin.14","EHA03206_bin.17","EHA03206_bin.1","EHA03206_bin.23","EHA03206_bin.24","EHA03206_bin.25","EHA03206_bin.26","EHA03206_bin.3","EHA03206_bin.5","EHA03206_bin.6","EHA03206_bin.7","EHA03206_bin.9"
"EHI01801",0,14488,16342,35107,20944,19,172579,4409,653,73765,163,3,25,0,0,0,262,23725,8702,6777,0,469,2,0,398,3,13,9,1,276,20,73,2,0,0,352,0,3290,3926,2,256,1593,32,64,78773,1432,90,315,2744,401,213794,2,11,32,271,1321,899,0,22,86,5,11,7857,1,0,3702,1316,2,1472,6275,262,106,87,1048,14678,91179,1,36944,370,4,0,332,34,312,2,3284,415,6,0,125,0,7,18,61,567,281,107,57,0,197,38,43,1,13,0,7,16,57,68,303,0,37,31,108,0,1703,142,23,655,294,178,0,152,186,9836,26,0,32,16,139,7,22,1289,2,40553,181,20351,0,466,3,1,69,0,0,647,1437,1445,9,3877,572,2,3942,35311,4140,321,466,23,79,826,2565,17578,1575,3,308,0,8580,2188,13,0,0,0,0,93495,0,0,13,723,144508,0,3,4964,3,3,11,10,0,40,29,100,498,0,0,0,0,0,8,1031,19,1156,3132,576,0,161,287,58,0,0,132,677,209,183,0,0,311,80,587,463,679,13026,423,7884,1044,322,1208,69,127,0,207
"EHI01644",5,130547,3953,1454,534724,8213,627061,43413,233331,14596,6023,17873,17,2,4,2412,8084,130093,27425,150461,1539,1033,15,10,554,0,9,5,4,19,135,156,5,21,2631680,778,2,9153,46418,411,11878,1277,2028,840,57524,3617,310,140,955,778,41792,0,14,186,566,2079,1005,59820,736,259,112,2002,8075,933,0,17065,2370,0,550,1948,33,286,11729,6201,34307,130726,0,6568,136799,950,428,1092,375,474,6,39774,1293,2,197,413,95,2,17,139,8940,565,267,852,3,201,0,2,0,0,2,493,0,189,20,318,0,107,117,242,8,299,15,58,0,4,696,16,68,72,963,10,571,1252,64,1504,37,71,0,0,6466,1449,27258,0,931,5,914,96,181,619,1518,52,6320,255,67946,114,18889,1023,1357,73226,299,453,1386,23241,6627,371,39,3175,1443,298,0,22,2647,1,116,0,100,430,134447,2,0,1438,2,17727,8890,190568,159435,47,17,0,37064,119,662,82,304,1230,1157,2,0,0,1,8,320,436,427,33998,445,0,116,91,4,48,0,686,531,302,249,8,162,87234,907,76,1339,265,195646,46348,2058,843,1499,5361,846,183,0,1180
"EHI01822",1996,13105,16,39824,193900,157625,8656,4337,727,2576,14404,2,163253,387038,70148,2017715,11582,24556,18111,3223,9700,17,77456,851930,39730,405560,54296,209970,168837,141603,5901,161745,295405,1,2087,45737,95486,6460,3354,475718,924368,2505306,207546,196790,1101,317489,1195184,11093,60687,70268,5913,62473,147260,188735,42486,342602,31418,0,34919,8651,185,6694,30,85682,401,338831,2863,23176,3511286,116734,168,45843,63,2664,37425,126069,192,10,191,11607,21153,360794,409471,33162,33325,3917,122,537723,44886,122841,96219,191656,194962,160632,65386,95769,354132,115613,85,640,2900,2376,1105,16,1280,1585,267,38195,54866,8172,34532,75430,743754,150014,56108,12660367,980535,1325268,2566,744,54902,149322,553615,831214,2722022,5338,1242287,78916,1008169,217204,47,3774234,167,532574,1038,414858,22575,185689,109148,85919,18743,213222,8693,898,156,56,41153,498,4713,517573,350,4916482,4764,745,52,91707,20,580,3628,48,225,923,106,395,56522,495,6,28,3806,230,36817,416,132104,0,0,2322,1456,18104,9891,403,25706,9461,4626,75,2017,988,240593,218,930776,69055,155917,196950,0,0,0,0,106316,75,38363,2534,249,30,2,2914,4715,1331152,0,260666,7,17172,15019,132386,118996,72,86,4054,10,1038,153089,156,1023,40161,261249,196341,21,1627,0,20
"EHI01146",2,37,0,6,0,10,2,34,6,115,6,0,148,167,92,3789,0,5087,0,163,31,4,1454,452,0,98,74,55,58,18,241,48,135,2,0,0,54,525,28,206,2987,85,202,143,1,0,10085,0,23,2,37,66,80,374338,43,36,354,2,3,0,0,0,0,42744,0,1235,184,40,0,62,0,9,3,1,6,10059,0,0,0,2,10,113,30,2,0,52,0,0,1028,34,0,0,0,91,12,3,97,2,0,12,6,0,2,0,2,0,0,6,0,289233,454,8,139,16,4868,2,0,19,0,0,10,108,488,527,0,0,1881,228,2,99,0,236,0,18,4,280,2971,5,12,21,4,20,0,0,17,16,619,0,0,179,0,5389,124,0,1,8,0,2,103,3,0,2,0,0,0,0,6,0,8,0,2,2,10195,0,2,4,0,1191,0,4,13,0,6,0,0,0,131,0,0,14,13,4,5,1,0,0,22,2,12,753,15,141,2,0,0,1825,2,81,1,52,0,70,96,0,2,0,0,4,168,4,6,22,152,1,0,0,0,0
"EHI01660",0,0,782,43,1775,0,134,194,13577,21374,0,4133,4,0,0,0,2,77118,419,19348,0,1,0,0,191,0,10,2,0,2,16,14,0,0,0,256,0,251,74,0,196,140,6,0,3559,36,0,0,614,284,94545,2,14,28,133,368,718,13951,0,33,2,0,291,2,0,14629,841,0,24,1528,0,35,3821,44,111,149349,0,4399,5815,0,0,16,2,148,0,0,28,0,0,46,0,0,0,223,4,265,2,0,8,151,0,0,0,2,0,0,2,4,0,133,0,5,0,28,0,38,4,0,0,0,87,0,56,41,104,2,0,6,0,0,0,0,8,0,16251,47,38558,0,327,0,0,18,0,0,73,12,9121,0,6,143,0,177,2237,1,24,231,8,699,54,247,2,202,82,0,0,2,435,0,0,0,0,6,156319,0,0,0,0,17281,0,6,2558,0,2,0,0,0,6,0,6,383,0,0,0,0,0,0,323,34,703,27,38,0,10,40,0,0,0,0,50,267,102,0,0,11,50,51,0,392,50,1745,348,332,2,38,16,18,16,275
"EHI01636",0,2,0,0,3,0,0,246,0,1403,1,0,15,0,12,33,0,46680,0,843,1,6,49,35,0,3,19,4,6,8,0,26,2,0,0,2,6,101,77,67,120,4,16,27,0,2,0,2,4,0,168,6,16,22,92,0,841,0,0,0,0,0,0,2,0,9478,997,0,8,2,0,0,134,6,0,94676,0,0,0,0,0,28,47,0,2,0,0,2,18,0,0,0,0,194,0,0,8,8,0,150,0,0,0,0,0,0,0,5,6,0,4,27,2,0,48,6,6,2,0,0,2,16,0,0,0,0,36,14,0,30,0,40,0,8,22,131,23616,0,66,0,0,54,0,6,101,18,5457,0,2,0,0,39,1237,0,15,0,2,0,10,2,0,2,0,0,0,4,20,0,0,0,0,2,98572,0,0,0,0,11978,0,2,0,0,0,0,2,0,49,0,3,2,0,0,0,0,0,0,3,0,0,28,28,0,4,22,3,39,0,42,18,174,2,14,0,0,16,13,0,62,3,2,24,133,60,0,0,2,2,0
"EHI01089",40,166743,5183,69143,70363,4564,13751,55121,1187,40361,1224,43,1997,533,242,3995,2609,14909,85740,331,78,4,308,74,24489,820,106,233,143,8925,115,1107,433,386,57,38666,85,22565,46621,175,2206,64791,1314,4858,261108,1764836,12524,1852,79192,34531,34796,86,79,2375,8272,25439,298,123,860,610,168477,444,282237,20,0,16713,611,142701,276719,150194,331,34281,215,1958,518646,43340,95,9231,1007,25,51,67264,3225,16957,330,41060,13871,54,80,5307,55316,671,237521,123,242502,26132,1869,27927,5,197,9,121,15,0,0,21,4,489,9079,392,4,595,3622,16617,282,111604,5318,13273,1,20,958,342,4083,5871,901,307,2193,676,8060,35971,4,30226,9,31,21023,3313,8363,10,32149,234,48,961,0,13278,128,926,2364,7,9139,11755,19,704277,425,16275,3553,184406,723,360,543,26,332,13692,60,3180,62,6,18,0,157,14,8,2,42682,0,159,172,81,15380,33,8,11471,2,3,33123,39,0,4418,2540,3753,59460,83,40,0,0,0,0,4860,108,19232,36450,19,0,0,751,526,1370,0,6070,0,285,10718,95,74,189,384,5560,53,392,5530290,299,2133,36440,5317,173017,52,4361,44,68
"EHI01196",7,28881,67,237,24028,0,731,9774,6312,156250,0,85,185,174,89,241,51,4552,3910,7962,0,14,340,215,504,572,57,78,195,1463,58,163,137,0,4,854,126,754,13741,461,1560,2828,266,167,1682,110,386,16,2594,807,1426863,65,169,14080,408,4508,350,208,34,250,18,0,753,1312,0,2589,574,57999,72,10820,25,969,14427,892,678,20277,0,93,3858,0,0,290,266,357,2,32625,5,176,127,4693,115,20,14,48,100,782,780,38,11,54,2,5,3,0,0,2,0,158,0,10689,2,290,174,779,576,35,463,127,2,0,314,187,1840,1629,49,10,159,157,26,151,2,21,0,104,105694,166,3196,46,789,109,2,169,2,1,54,48,559,40,557,3412,0,427,104,42,28,2571,1,2,81,69,0,1100,10,39,0,4,4,4736,0,0,0,2,24356,0,0,16,0,24511,0,0,26567,0,0,1,2,1,179,2,399,1022,0,0,0,0,22,2208,3107,39,6792,12071,1,1,0,637,277,231,8,299,13,298,216,182,12,63,6,1359,124,4031,76,15401,14,3254,234,25,10,19,0,7
"EHI01119",0,29,0,17,25,0,1,97,0,772,0,0,0,2,0,106,0,27684,10,6338,4,1,132,26,0,6,5,0,0,335,2,3,0,0,0,2,0,77,50,20,87,1,21,40,4,4,4,8,6,10,82,0,6,15,45,155,797,0,0,2,4,0,0,0,0,6442,954,0,580,22,0,4,47,9,1,59672,0,0,0,0,0,18,6,2,0,4,2,2,26,0,0,0,10,103,0,0,0,0,0,221,2,5,0,0,20,234,86,79,12,10595,1828,132,0,2,134,673,145,4,14,249,55,0,0,0,12,15,40,4,0,40,0,183,60,0,10,19,16418,0,69,2,0,4,0,0,91,18,3414,0,6,0,0,1387,746,2,8,0,0,0,112,4,12,0,0,0,2,100,103,4,2,0,2,6,60921,4,0,0,6,8354,0,2,2,0,0,0,0,0,50,0,8,4,6,0,0,0,0,0,10,0,1,20,11,0,0,6,18,76,0,14,0,105,2,0,22,0,12,10,0,24,4,0,12,70,46,84,4,2,0,0
"EHI01219",272,957,31,11,380,830,20,325,6,770,1999,0,5,888,206,1933,60,11539,69,668,69,6,9223,1394,32,114,27,595,8,3955,728,84,806,38,11,16,10,65,239,63,789,296,452,879,14,196,204,12,266,38,48,14,22,763,95,1063,1566,0,5014,141,6,431,2,1376,0,5083,1048,0,2234,529,1,94,25,14,2113,40180,0,2,0,4,42,522,109,15,50,84,6608,60,2747,12,0,0,93,78,6,28,37,8,0,481,74,8,14,0,387,45,92,26942,91,1863,278,44702,1262,19,14035,4406,1083,58,2,82,12895,143,28,17,273,167,1007,284,7,611,12,2140,78,4,18,470,7164,15,47,82,314,187,24,16,80,0,962,16,1,27,503,3862,335,12,3,0,77,0,115066,1,1,14,0,2,8,132,0,4,249,127,561,3467,46434,2,0,357,22,6276,56,22,70,50,50,0,1120,113,1705,0,42,55,347,262,0,14,0,0,24,5,62,182,6,112,7,167,29,1141,3,259,0,224,20,16,73,40,55,50,0,26,78,27,16,134,1086,11,0,15,0,2
"EHI01147",2,6621,299,5124,735,0,300,2170,2913,1453,0,18,68,133,69,986,47,18522,1316,1052,4,36,6,224,2391,154,17,130,50,29,3,72,173,0,2,2870,18,727,2357,398,387,3294,188,121,13560,25543,33,130,1440,4046,7380,26,48,352,1216,352,359,2,21,27,2,2,4051,24,0,4216,767,44,119,2420,8,3862,176,29,496,48685,0,1771,1739,0,0,3332,255,1719,7,1690,14,99,12,6356,1377,38,424,113,3860,3393,266,427,0,54,153,17,0,2,0,0,10,126,4,140,0,199,246,2519,12,26,26,54,22,10,84,102,25,56,7,2,529,163,93,450,0,182,25,45,658,122,12063,14,3831,66,1,79,0,0,71,56,2105,0,103,69,0,89,510,282,61,3061,5,50,113,0,36143,58,0,69,0,150,73,0,0,0,0,0,50441,0,0,1,18,6160,0,4,606,0,0,17,0,0,108,8,20,3875,0,4,0,0,0,0,260,13,3029,1432,0,0,0,11,3,336,0,201,1,140,1020,36,34,144,21,159,56,123,82492,403,122,9943,149,281,0,42,0,4
"EHI01824",2,1524,0,4,237,1,304,614,0,1867,34,0,9,55,14,1000,36,14365,30,6555,32,7,2304,286,4,14,15,31,10,535,104,169,36,0,0,2,0,82,331,826,945,32,102,302,6,30,37,4,33,7,290,13,15,101,111,318,1869,0,2,7,1,0,0,1,0,3639,2474,8,975,115,0,12,84,1199,16,79313,0,0,0,0,0,368,238,6,4,223,0,0,575,0,0,0,4,86,29,4,7,24,0,255,0,2,0,0,0,3,0,130,16,21,3123,206,55,4,2213,1455,265,28,0,0,68,44,172,43,48,11,608,217,5,291,0,166,0,1,160,391,12419,2,375,25,0,108,0,3,137,287,1371,0,639,178,2,1565,391,3,6,5,2,0,365,17389,0,91,0,0,0,6,21,30,0,0,0,0,85571,3,0,0,0,12477,0,13,195,0,0,0,0,0,307,0,27,4,0,0,1,0,0,31,38,1,73,174,2517,0,562,56,93,2075,2,275,3003,372,0,8,54,70,46,16,2,69,601,9,12,65,330,2,0,6,0,0
"EHI01796",1450,278190,21129,525651,104584,370262,25032,83460,34790,23169,2271529,150,1790,162,969,1200,13079,42113,159593,891,29595,15585,2,39,34807,359,117,207,77,648,833,77480,152,2664,6115,44848,59,129432,143266,184,19566,55029,12461,198751,397596,3140341,398188,8323,70926,56478,77447,120,77,16758,4903,39011,92,254,30758,117902,751,6637,537826,14626,5,334956,14063,7103,37416,131670,504,4958,1857,19580,103291,36291,5495,143009,53077,235012,530402,608654,227400,40187,326793,409436,854423,112937,2110,9409,23518,1390,119952,3,281035,56638,3293,38251,15,159,21,35,475,0,9,1140,3,993,476,911,0,1893,4432,1807,2,73879,1429,52342,115,12,2614,858,303265,487228,126700,63,641,41995,57559,238114,6,1413005,6,331,13379,63314,1914,2142,60598,1166,284262,106460,73960,1490,25081,1040,1257,1775,34395,1450557,740,57406,400,104755,8085,162550,1857,98532,3448,3,457,6519,26976,2690,13672,41,1027,0,78164,566,11026,591,11408,1,0,9157,21341,2722,497958,325,549666,72058,49110,46,55682,5762,227839,3655,1192216,77712,2308399,181611,0,0,0,0,8655,444,11270,135804,3,0,0,298,238,785,0,152552,0,3702,15080,34,88,849,2516,4823,23541,361,5996837,12383,5695,71137,250282,291831,19,3476,174,237
"EHI01787",2,1288,0,254,13,0,4,510,0,2330,4,0,20,10,5,189,0,30501,2,8372,3,3,140,49,0,6,16,0,20,26,9,24,3,0,0,2,18,48,378,141,247,6,16,54,3,0,3,4,3,9,156,13,19,40,134,24,962,0,0,0,2,0,0,10,2,4991,2247,0,62,28,0,15,51,0,0,130425,0,0,0,0,1,43,40,2,0,185,0,2,30,0,0,6,2,117,0,6,8,10,0,246,0,0,0,0,0,0,0,1597,0,42,191,2793,12,4,140,74,10,2,0,2,3684,14,4,2,8,2,110,43,0,73,0,38,4,15,7,78,22827,4,78,2,0,61,0,2,180,0,2294,0,1,4,0,374,711,0,11,12,6,0,2761,88,0,0,0,0,18,3,92,0,0,1,0,4,138979,6,0,74,0,18316,1,10,6,0,0,0,0,0,66,0,2,8,0,4,0,0,0,1,0,0,0,141,77,83,8,42,24,186,0,58,36,204,2,14,8,109,33,9,2,85,17,2,18,81,73,0,5,2,0,0
"EHI01799",0,325101,512,3150,8927,77,301407,102791,9375,2785,102212,5837,13,9,22,120,68,21827,5170,3766,226,6725,186,48,41,2,13,28,13,26,33,78,28,0,44,23,2,835,65214,156,524,200,158,191,12731,2312,193,153,152,33,5484,8,15,54,324,374,1022,10237,71,22,56,2,1650,176,0,11640,1222,0,90,364,19,28,21803,189,20974,127558,0,3665,4940,1,653,1259,178,16,10,44947,17,0,58,43,0,0,2,76,20977,27,278,2112,0,158,0,2,0,0,0,28,0,9,4,11,20,28,178,17,163,140,22,43,0,0,11,20,255,125,22,5,69,14,40,2133,4,59,0,4,1003,233,20053,0,308,0,1,73,0,1,9122,146,1584,0,114,234,4,454,695,3523,66,36,13,4,149,14983,470,728,0,340,0,2,16,40,12,0,0,0,127642,98,0,0,1,18509,1,34,53287,0,3,1,0,0,59,0,22,31,342,0,0,0,0,37,174,55,226,37554,1105,0,214,194,207,172,0,494,1184,167,2,6,0,245,124,27,8064,259,457737,1962,157,156,569,526,111,134,0,332
"EHI01140",0,220,0,9,4,0,6,83,0,7,2,0,157,166,107,1947,0,176,0,4,39,2,653,1946,54,81,40,63,123,20,118,204,91,8,0,56,80,138,96,2853,3168,14,205,388,0,11,8966,4,136,69,5,44,119,357188,39,51,258,0,10,1,9,10,0,34265,0,679,8,428,6,204,0,33,1,0,149,552,0,0,0,0,4,283,303,27,8,198,0,0,530,163,9,78,0,462,36,55,87,41,0,2,0,0,0,0,0,4,0,10,0,240706,31,4,142,38,2566,0,2,21,0,0,0,104,14,0,2,0,1045,88,0,353,0,409,0,100,4,211,128,13,89,24,0,148,0,2,4,0,45,0,0,2,0,4871,5,0,0,80,0,0,0,0,1,0,0,1,0,0,0,2,0,4,0,0,605,0,0,0,0,56,6,0,13,0,0,0,0,0,432,0,2,59,15,0,0,0,0,0,4,0,32,264,0,4,0,56,8,2581,0,375,0,16,28,86,556,2,0,14,0,2,44,0,0,12,457,2,0,5,0,0
"EHI01186",0,95,54,14,68,11,67,74,21,589,6,0,1728,452,544,6970,3,8515,8,2332,240,3,4434,13829,24,472,1039,308,1206,43,354,1267,495,0,7,43,901,8,56,4064,15939,283,1145,1706,0,7,115,70,168,38,35,1038,1277,1518,51,197,1629,2,5,6,0,1,0,15,15,3573,1121,0,1062,287,0,111,22,0,0,28860,0,72,2,0,38,1205,2228,15,10,16,106,0,2817,191,17,252,1,764,38,64,1200,468,0,100,0,2,0,0,17,15,8,1127,36,56,2804,1935,545,52,5443,918,49,65,0,23,757,666,1,2,24,1,4268,7843,4,1567,0,1346,20,427,5,16331,5135,75,120,184,1,940,0,1,47,6,488,0,1,7,0,2139,258,0,1,112,118,0,4715,523,1,3,1,4,4,7,44,25,0,0,0,0,33103,0,0,8,3,4144,4,1,36,3,0,0,0,0,1590,0,8,49,47,0,0,0,0,5,27,5,80,14,245,3,29,85,248,14689,0,2019,258,107,11,1088,865,5498,56,16,0,30,128,4,32,134,2126,10,11,11,2,15
"EHI01139",8,220860,3,441,30553,263,5232,70791,106,38040,168,0,14,0,0,22,1061,21780,9584,1141,6,107187,10,2,26,7,0,34,2,17,91,261,6,0,0,9,0,18271,104037,0,401,4,203,404,296423,14734,469,461,183,26,57649,0,6,75,1044,1586,588,0,262,338,612,473,53005,22,10,14660,1148,0,1018,733,29,96,46,27396,2186,59945,2,0,40,8,2,2674,438,14,133,187782,94,18,10,8,0,24,15,109,71951,27,486,7523,8,122,0,10,0,0,0,14,0,61,0,167,4,16,782,6,26,64,13,134,0,0,150,0,224,249,1114,2,0,148,111,7643,2,0,0,2,21614,913,13735,0,71,13,10,157,52,24,148006,4149,2877,23,5788,635,4,120,575,4038,25479,108,0,408,2923,0,258,3084,2,1022,377,4,49,0,0,17,10,9,50173,0,0,11,54,7417,18,6,2867,0,12,11,6,8,223,2,149,20,11,14,0,0,0,0,501,0,1201,77421,24,0,0,35,2,4,0,1743,1,182,2,6,0,2,24,20,94203,286,1479279,6,2,267,484,83,4,368,0,0
"EHI01795",44,155186,59,20234,60128,72,4093,48638,2254,42650,6327,14091,3,0,0,0,34683,17817,61753,1162,18,5845,2,0,57,6,3,65,1,567,44,127,0,4,6,20,0,28176,65747,5,183,10,103,279,276153,107913,294,347,140,82,70010,0,2,70,7374,2384,403,47131,224,1216,49,57,64642,14811,0,7616,848,21,13549,774,46,209,164,6343,26737,52835,4150,150,954,2,24,11542,418,40,737,141480,103,124,0,0,4003,49,3736,15,42541,44,317,4519,7,320,16,34,20,0,0,21,2,218,9,1067,0,246,406,5,2,1024,342,302,4,10,1270,0,673,992,14852,9594,0,3528,536,4563,1,31,38,0,26405,4069,11256,17,130,3,16,159,109,2,7997,33931,10776,34,2250,2085,19,1066,240,2572,1890,80,45,10712,2047,0,60,22231,11221,458,416737,80,1758,0,6,121,8,9,45781,0,0,15,338,19697,8,5,71505,28,40,98,85,5,118,275,217,41,20,153714,0,0,0,0,579,62,593,48241,0,0,0,21,26,2,0,676,0,74899,10,0,0,2074,106,88,11441,507,936260,670,15,269,284,925,3,484,18,657
"EHI01656",0,42,0,61,108,0,4,267,0,1933,2,0,0,4,0,270,2,73979,6,14249,6,9,393,92,2,6,13,0,0,905,12,19,1,0,0,6,0,117,92,45,173,3,33,110,4,14,0,6,42,26,296,0,5,58,132,378,1843,0,2,1,0,0,2,0,0,16821,2192,0,1367,34,0,20,106,19,6,150647,0,0,0,0,0,77,8,0,6,14,0,0,92,2,2,0,37,276,2,6,2,4,0,400,12,12,5,2,85,438,228,160,51,24667,4494,294,9,0,306,1578,365,0,22,559,117,0,8,2,8,18,136,4,5,79,0,304,172,0,34,40,40557,0,179,0,0,36,0,6,168,30,9403,1,6,0,0,3370,2288,2,25,0,4,2,228,9,6,11,2,1,4,229,271,0,7,0,2,2,153373,2,2,0,4,20832,0,12,12,0,0,0,0,0,110,0,18,4,2,2,0,0,0,0,9,0,6,71,9,4,0,22,57,250,0,30,0,391,4,0,42,24,26,36,4,62,8,2,21,168,98,220,9,9,0,0
"EHI01189",0,1171,0,9,21,2,4,290,0,29,1,0,230,190,108,4124,0,180,26,14,10,0,275,530,93,97,124,88,152,20,54,255,163,6,0,78,115,47,483,630,2130,128,201,249,10,29,6907,24,162,128,113,142,146,285741,70,47,323,0,2,4,12,4,26,25002,0,543,18,1246,18,241,6,101,0,7,155,691,0,2,0,1,0,228,515,34,10,903,15,2,161,165,0,46,0,184,10,110,79,62,0,0,9,1,17,0,0,0,0,1208,0,185817,92,2424,320,65,535,8,20,26,0,0,1012,150,54,82,4,0,1826,131,0,258,0,447,0,192,94,418,99,22,124,40,4,224,0,3,3,0,6,0,1,40,0,4264,5,4,0,154,0,0,54,0,0,4,0,0,8,0,0,0,0,0,2,0,638,0,0,0,0,93,1,1,20,0,0,0,0,0,341,0,0,111,2,0,0,0,0,0,4,1,61,380,0,0,0,32,0,1106,0,414,0,63,31,117,266,98,0,7,4,0,211,0,0,19,379,2,0,2,0,1
"EHI01642",16,24454,1166,19797,2989,4,1077,8468,10926,5845,4,102,296,605,307,4224,141,83728,4467,4348,13,122,20,1094,8771,570,70,561,163,98,28,287,617,0,0,10822,125,2670,8754,1801,1486,13352,780,475,51783,97789,154,437,5743,15912,26405,72,191,1406,4722,1643,1442,3,70,115,32,12,15229,84,0,17814,2770,179,349,9235,22,15843,562,121,1856,201888,0,6509,7017,0,0,12861,754,6687,0,6259,81,430,46,23728,5037,219,1465,358,14827,13786,962,1589,2,273,526,52,0,6,4,4,14,455,4,613,4,803,1007,9441,26,59,76,235,60,33,469,419,142,213,29,6,2225,566,306,1832,10,599,114,134,2413,386,48750,54,14391,215,9,262,0,9,360,324,8956,3,278,241,2,233,2371,993,278,12246,21,200,444,0,133246,231,27,164,0,494,303,0,0,7,3,10,206853,1,0,0,89,24475,8,10,2253,2,0,121,0,2,511,14,96,15471,0,4,0,0,0,0,868,33,10345,5419,12,0,0,66,11,1377,0,775,0,562,3789,130,150,437,42,613,218,389,308432,1761,521,38542,614,1261,6,177,1,20
"EHI01645",6,891490,1896,5642,182180,43,157366,294384,223325,69303,84,4916,74,14,72,39,7912,150565,88974,2944,0,1857,37,30,1397,267,36,337,3,8790,119,8502,52,160,0,1646,4,159927,850679,128,859,2326,346,33655,992716,3739,6333,67235,1284,2131,386549,0,8,1945,4280,8184,2066,93,251,985,860,64,81956,94,0,107838,2830,10,14345,3703,85,461,243295,18122,3539,217100,0,3613,170480,0,6,28545,18284,1114,9,1052667,16551,0,30,1665,650,23,349,155,38013,1796,439,5276,17,251,1262,67,0,2,0,5,11,3156,154,623,0,5393,882,158,106,15765,3409,385,22,214,14460,143,457,779,27123,1399,20,839,186,35516,11,466,190,10,62849,1449,42752,6,2282,90,13,8501,101,9,2643,863,10316,3233,61337,1413,1639,9154,2135,25943,3885,2312,377,5755,3407,23510,1329217,30658,9847,647,0,547,20175,68730,0,0,9,14,152508,1,3,38,850,19858,0,10,147064,16,23,10,26,9,35516,23,553,2607,2,0,0,0,43,9773,1647,476,2525,548186,3923,0,844,106,21,62,103,20889,4953,419,701,2,4,9721,574,182,4003,3426,855502,98307,1625,2735,43188,4038,56,697,11,935
"EHI01193",0,4,0,0,96,0,10,40,0,647,1,0,18,30,12,486,5,8926,18,1045,10,0,179,492,0,12,13,16,12,2144,41,70,6,0,0,0,8,20,14,776,1610,2,10,76,0,2,18,0,2,0,19,2,16,49,43,467,768,0,0,0,0,0,0,0,0,1458,825,0,937,18,0,12,14,1,0,33442,0,0,0,0,4,46,62,0,0,0,6,0,177,2,0,8,29,189,2,4,53,39,2,42,8,2,0,0,0,0,2,9856,11,42,66,19787,30,0,711,1867,630,2,2,2,15764,4,4,26,363,55,343,69,7,32,0,38,2,2,3,148,5452,0,107,24,0,184,0,4,35,0,539,0,0,17,0,1286,266,0,3,0,0,0,65,54,0,4,0,0,0,2,2,62,0,0,2,0,35943,2,0,0,0,4602,0,2,11,0,0,0,0,0,53,0,16,2,0,0,0,0,0,8,6,0,3,7,5,23,6,2,4,964,0,78,16,116,0,14,261,6,18,8,0,22,6,4,12,44,72,8,0,5,0,0
"EHI01649",0,133,0,6,3,17,6,65,0,287,18,0,235,410,109,8520,0,13356,2,316,71,2,3609,1108,4,199,161,158,220,23,672,78,283,8,2,4,148,1375,77,389,6641,138,454,356,2,2,22850,10,69,6,81,194,234,844079,95,102,969,7,16,8,6,8,1,99234,6,2841,396,110,0,145,0,30,22,2,8,23841,0,0,2,8,19,275,122,4,6,97,0,0,2545,63,3,0,0,248,9,6,227,7,0,19,8,0,3,0,0,9,6,14,0,658073,1082,41,316,27,11639,0,0,36,2,0,14,257,1054,1100,0,0,4290,435,6,301,0,543,0,67,6,649,7144,20,28,65,0,44,2,4,47,7,1571,0,4,408,0,13244,412,0,3,30,0,0,325,6,1,4,0,2,8,0,2,4,6,0,9,0,24048,0,0,2,2,2792,10,6,25,2,22,0,2,0,361,0,4,10,15,6,4,4,0,0,8,0,32,1794,45,304,13,6,4,3973,3,196,6,75,2,153,256,0,8,2,8,11,342,0,4,94,381,0,0,2,0,0
"EHI01106",0,57984,1670,663,238287,3839,278309,19183,103383,6542,2746,7784,16,0,4,1111,3709,55372,11926,66557,748,527,0,7,281,0,6,4,2,8,59,72,3,12,1171453,329,2,4243,20645,192,5365,536,814,367,25831,1554,173,66,455,275,18182,2,4,108,218,920,514,26716,315,119,41,876,3478,363,0,7265,967,0,267,812,10,86,5279,2902,15691,55653,0,2947,60535,420,166,522,123,171,2,17835,537,0,115,174,34,2,4,43,3935,260,119,425,4,96,0,1,0,0,2,244,0,67,8,163,0,42,61,84,0,122,2,22,0,10,311,4,28,32,439,6,221,559,28,699,8,34,6,0,2795,637,11625,0,405,9,421,21,91,240,706,20,2465,129,30558,45,8346,377,544,31814,133,224,604,10175,2745,104,21,1359,717,201,0,4,1054,1,43,0,44,132,56871,2,0,581,0,7328,4001,84370,70431,33,12,0,16251,59,264,20,114,504,466,0,0,0,0,3,135,175,171,14828,219,0,40,28,2,16,0,300,238,129,110,0,54,37932,484,35,540,79,86160,20147,886,351,667,2276,361,84,2,593
"EHI01221",0,0,0,0,76,0,0,58,0,759,15,0,2,20,8,591,16,10619,0,1081,8,0,360,127,0,0,0,2,0,56,45,0,28,0,0,2,0,23,20,526,381,0,8,26,2,37,2,0,0,6,25,0,2,35,41,26,312,0,0,4,0,727,0,4,0,1262,875,0,38,0,0,0,63,0,331,35087,2,0,0,0,2,10,6,4,0,0,0,0,179,2,4,0,0,69,0,0,2,0,0,92,0,0,0,0,0,0,0,586,2,4,133,1045,28,0,763,8,7,0,0,0,69,28,2,2,4,0,266,20,0,17,0,22,0,2,0,22,5427,0,55,4,0,4,4,2,66,0,590,0,0,0,0,7,240,2,2,0,0,1,139,100,0,0,0,0,4,0,0,2,0,0,0,0,38843,0,0,2,0,5009,2,12,0,0,0,0,0,7,12,0,1,0,10,0,0,7,0,2,0,0,4,4,0,0,0,6,0,143,0,10,0,89,0,0,48,0,10,3,0,29,2,0,7,23,18,0,0,0,0,0
"EHI01647",82,338653,11027,140993,142694,9388,28548,112378,2588,82502,2424,142,4511,1153,592,8439,4906,35139,173408,743,164,26,786,176,52035,1771,161,588,252,17959,193,2293,946,759,95,74692,147,44162,94862,280,4528,134061,2790,9389,525649,3577930,24558,3689,165024,73035,71791,163,181,4897,17019,54195,605,257,1786,1271,337831,717,568554,10,0,34965,1284,302986,569202,309724,732,70467,517,4381,1061874,93148,234,18786,1851,32,116,136205,6570,35591,614,83872,29115,126,216,10666,111763,1441,491442,219,492097,55226,3529,56945,8,279,31,249,26,0,0,74,22,979,18179,854,4,1172,7732,33914,600,230005,11445,27615,8,11,1961,860,8834,11842,1843,497,4836,1414,16412,72779,5,60271,16,112,42320,6710,18114,35,69037,553,80,2285,18,27009,259,1878,5160,16,18832,24689,41,1440949,1027,32976,7397,386731,1429,628,1286,46,663,27967,109,6053,114,6,25,0,456,4,8,12,94068,2,375,282,141,31127,81,26,23294,12,5,68850,90,2,8679,4954,7653,123803,186,70,0,0,0,0,10014,264,39907,74126,68,0,0,1719,1180,2819,0,11990,2,583,22885,150,207,365,862,11689,136,776,11323879,628,4519,75575,10663,352751,102,8999,67,192
"EHI01184",1,1154407,28767,6588,315845,9,2555,358232,66,98762,0,0,5,0,1,4,21146,33092,116619,406,0,109316,15,4,23,2,1,104,0,24,18,12,6,6,0,48,0,75207,356466,2,121,65,5,2,524945,3064,0,0,92,40,59956,0,2,5,1066,2800,269,0,15,476,1079,4,98210,259,0,6376,538,4,2076,773,0,106,36,393840,1564,313972,0,66619,32,0,0,966,3,19,63,249274,758,203,6,0,0,10,11,15,2,24,3,0,0,68,0,2,0,0,0,0,0,424,0,152,2,442,0,6,38,128,5,79,0,0,374,4,313,604,12971,3,0,326,125,2,1,2,0,0,61839,821,2899,2,30,11,0,35,14,0,48331,31933,114425,125,110120,763,4972,84,117,14528,11577,155,14,24102,13838,1504,0,1345,7811,1,13,0,909,6,0,8,14,0,17992,0,0,5,0,2518,0,2,2652,22,5,1,34,0,6,815,930,36,0,786,0,0,0,0,539,55,718,201579,11,0,6,61,2,10,0,1,12,107,11,0,2,108,42,28,31923,469,10,131,13631,75,10,1008,4,249,0,12
"EHI01101",3,518,7,28,954,114,115,276,4,27638,51,365,0,12,70,906,9,46509,55,1379,118,15,1866,648,24,10,19,17,4,138,576,14,28,39,577,22,2,293,300,65,1847,76,463,80,94,187,2063,2,178,41,17531,2,415,84203,357,756,1591,1338,176,84,2,23,12,8295,413659,10802,834,614,2565,462,0,87,79,101,212,103889,0,6,2,37,32,152,16,10,27,287,29,152,1755,3,16,2,37,255,13,28,79,0,3,134,59,93,9,2,0,34,6,31,304,59985,2587,20,31,37,7732,13714,182,6,0,6,90,81,1084,1178,74,54,521,967,1741,55,1,154,38,3,29693,322,23886,6,137,15,8,12,46,8,88,208,7225,8,30,858,4,22646,1383,2,31,65,177,19,623,11,15,1096,6,2,133,6,163,0,52,111,8,43,98429,0,812,6,0,14150,34,19,1097,16,52,5,18,16,72,2,597,22,71,60,0,0,0,0,203,28,294,144225,27,0,2,354,148,1648,0,26,2,831,6,0,31,175,48,67,7,168,57,28,47,262,118,98,7,26,0,26
"EHI01143",698,103081,2968,27089,1407552,575633,368420,52914,178423,1479842,4001168,163482,8,0,16,723,366341,52864,41409,572,568533,2,22,5,104,0,3,12,7,52,102,325,23,0,1704,51,0,24921,22516,199,17187,16,5020,11228,99365,18757,840,233,255,163,755241,0,0,489,700,11889,152,15625,10478,16187,115,376217,68681,2259,2,29945,5839,0,1375,10351,15878,606,3579,19309,196749,23735,83227,16885,41653,35672,10154,9314,2248,50,3727,15078,145,107,163,637,57,0,42,24,86,109,295,204,36,34,18,10,17,0,7,920,18,277,0,1314,4,486,64,129,92,210,26,76,0,2,388,1,1285,753,3966,25,347,6268,172,9197,2,140,2,0,711512,4048,4728,4,196,33,30235,500,12496,49216,38,128,51323,240,10787,3350,412,164,195,17107,215617,1183,22,278,2900,12690,32,65985,25,15417,3258,1,479,50,96837,789,334,382,22922,0,1,4725,0,3381,92656,184,42638,522,1683,0,116263,49455,15146,2,570,48,12403,1662,0,0,0,35,5859,401,10293,13657,110,0,35,344,2,90,8,3034,118,986,40,0,4,27,16,283,0,8542,2750,7746,984,362,14145,557,180,712,0,2673
"EHI01641",28,542312,20,1090,73551,719,12816,175689,200,93335,448,0,34,2,2,27,2474,60039,23485,2756,10,232939,8,0,81,15,0,77,5,29,240,598,18,0,2,40,8,44011,257158,2,1128,38,557,1023,723420,35589,1170,1341,344,58,142405,4,24,207,2531,3918,1483,0,755,957,1361,1236,127083,23,12,36382,2971,2,2661,1889,138,210,104,68009,5201,154677,4,0,90,12,6,6742,1204,32,363,464073,220,57,10,5,0,50,16,264,173479,60,1309,18583,0,238,2,18,13,2,2,20,4,153,4,372,0,58,1802,12,56,160,6,351,0,2,390,2,566,564,2768,9,12,403,286,18769,0,8,2,0,52617,2461,35270,4,177,25,16,411,123,30,383310,10395,8002,45,15246,1500,9,343,1673,9834,61281,319,15,1075,7533,8,662,7324,4,2136,958,8,87,7,1,85,20,40,130815,6,0,31,142,19037,58,20,7414,6,16,19,10,6,535,28,344,48,20,6,0,0,0,0,1308,4,2920,190671,64,0,0,86,26,10,0,3957,0,546,18,4,0,14,62,89,245204,719,3634140,23,12,768,1135,209,16,1030,0,5
"EHI01640",158198,4035609,173446,957227,515515,93980,21866,736594,1559,258761,174744,8579,220,21,19,120,183814,37358,582833,733,536,22,0,8,5610,30,68,667,4,3985,213,26936,169,212,92,6944,2,226272,466812,51,3205,1351,1183,335005,1859049,59363,76076,647498,15888,7764,102486,14,14,5233,10185,30076,843,30136,485659,400051,1166,3468,2086830,96265,1,1836136,152282,29,15484,29199,379,1084,112,27811,698609,87677,15,21039,225,560,8099,214412,63270,3772,2917,296552,32104,65690,79,560,10,102,208,126,48091,5185,2310,12069,23,524,480,84,135,11,12,146,11062,6561,101,2709,0,7678,3701,1441,38,7194,1507,821,117,89,9097,33,3064,3422,2304,245,113,6845,1332,242285,53,288866,258,51,146012,23771,23677,16,5917,1048,3365,29358,10886,270,247,20385,4819,875,40509,5954,161480,6716,21118,97997,32825,521,362,1671,135478,32,409,21828,1154,874,4202,36329,47,12,302884,108629,158562,256192,185021,0,0,391022,68429,11239,13436,50,23603,51009,41807,19,66196,37365,813930,54,1303,10239,2257,35496,0,0,0,0,5704,201,7187,281273,72,2,0,339,91,63,4,104789,5,3777,2791,8,0,190,250,2391,324,1538,1042380,731,38256,31679,391267,428,61,3226,2,498
"EHI01788",15,10375,0,26,7688,6,0,3168,0,1157,2,0,4,4,2,11,439,10798,1180,1563,6,1,120,62,0,0,58,8,2,29428,148,2,18,0,2,0,0,75,3269,6,165,5,22,6,127,101,20,0,23,4,35,0,2,788,102,15387,545,0,3,194,11,0,0,11,0,2520,888,0,124793,110,0,393,48,83,264,50341,0,0,0,0,0,99,6,2,67,3118,2,30,65,0,0,2,29317,55,1519,2,7,0,9,11606,146,482,315,27,75,84,63,30,156,9347,64,26,2,0,213,1955,13018,88,233,612,1147,18,553,184,42870,1002144,4,0,240,16,52,2,1823,0,24,379,255926,2,81,4,0,72,2,0,86,61,15771,1,96,41,0,2056,305,115,7,2,0,69,174,0,8,11,1,0,67,155,131,0,1,0,0,4,55536,0,0,0,85,7774,0,13,172,11,0,4,7,0,23,1,247,0,2,120,0,0,0,0,246,0,183,2296,2,52,4,39,26,16,0,6,0,237,0,4,2,4,20,6,3,43,43,0,7,51,16,101,29,21,0,0
"EHI01828",72,944,112,6238,9778,142,140,29,36,1054,111,0,792,875,4609,42920,129,10801,2526,2520,1296,0,34029,13628,624,236,1487,324,1133,877,3300,899,762,12,34,583,671,963,106,8281,46675,1213,13384,5361,861,227,423,42,3867,607,1035,1216,1076,4439,182,11425,684,0,38,136,8,2,18,2099,0,42298,359,14,29486,6783,11,3287,22,74,66,50095,0,54,26,8,136,4024,956,389,321,50,297,30,9058,61,28,65,218,3161,53,618,968,52,385691,2549869,1624120,750227,151047,174797,1005305,505883,985625,79856,415680,1848399,4448,79538,1023,88,46689,101186,1154,9727,151766,611880,13858,8965,692,905,207,416,27943,1478,83,4289,139135,27308,1398561,1213,665,11726,114246,105,1030,329,10,1829,0,33,68,19,815,0,30,1304,4,675669,30839,104,3,1012,470,52,340775,8,5,106,25,120,12,47732,0,8,6,0,14,2,55939,2,0,14,4074,7416,126,46,8404,2,2,261,0,0,8866,19,130,829,262,1436,7,2494,0,3,18777,17,2151,59,107,738,16,573,185,49121,422,1684,0,2508,238,874,4291,34697,539,272,2,62,455,59,114,702,6258,177,26,136,0,30
"EHI01105",10,637027,665,7912,36950,688,4806,207911,37788,153348,2,1668,0,0,4,4,6105,36539,18503,163144,7,554,0,0,25,2,6,0,5,1836,35,948,1,7,0,14,0,2920,207648,4,633,4,123,24316,17596,8917,1390,12674,87,63,218342,0,2,330,437,3081,916,3535,108,168,440,28,27808,4,0,43594,1087,6,1339,2178,82,118,15660,1379,34302,118601,0,712,18349,0,4,12127,3342,21,2,169309,84,8,0,2,2,23,32,99,26365,56,290,3296,21,104,2,3,0,0,0,3,0,39,25,546,2,79,423,2,0,2503,678,93,1,2,878,2,195,199,198,72,12,49,62,17060,1,213,4,0,88529,565,18983,1,134,21,4,965,0,4,777,226,4231,4,2786,646,0,1975,1292,7882,313,315,37,4731,1072,4,1898,956,2,420,8,16,6185,0,0,0,4,0,95011,6,2043,465,46,50326,2,2,49787,2,6,0,0,0,17837,1,98,6,4,0,0,0,0,1,1159,70,2387,158742,12,0,0,85,2,0,0,5336,2,388,13,0,0,28,59,128,1351,972,570799,6196,695,196,28247,149,107,225,0,136
"EHI01792",49,400315,4071,11649,152356,5,13181,128435,168,86227,4,9095,21,0,6,3,323,15998,3871,212668,0,6120,3,0,107,14,0,8,13,21,30,321,0,1,0,122,16,3273,92104,0,412,194,335,716,4818,12875,611,824,310,189,202218,0,25,127,170,2076,470,28164,399,124,124,4,3100,16,0,10218,814,0,71,1925,384,182,60,770,16371,59926,0,8807,20,0,2,4505,1086,103,20,66643,108,0,0,34,0,26,4,23,115048,113,993,12284,5,119,0,2,0,0,0,14,0,160,0,506,0,169,1119,25,0,124,3,523,2,0,1170,12,161,155,211,3,0,98,53,13151,1,610,0,6,49534,1074,8443,4,224,4,6,190,31,0,9262,20,917,28,2707,423,0,257,163,2422,107,314,33,21536,2698,5218,499,1169,1571,1576,20,2,15441,16,0,0,15,4,51675,0,63,7167,10,8620,1,6,6647,12,1,0,1,0,109,0,105,163,0,0,0,0,0,31,1095,48,1490,60131,500,0,108,32,7,0,0,2187,523,427,38,22,0,306,10,115,8235,1063,2539891,169,1780,451,883,204,156,839,0,566
"EHI01126",0,28067,9054,1046,57412,32116,14908,8801,63242,185359,28232,57704,36,0,6,61,2833,54165,24018,5117,16897,127,98,18,229,4,25,22,3,92,180,432,111,21173,69,267,0,36534,10681,24,977,136,354,796,123528,73213,974,931,1338,283,194833,2,4,225,563,3243,567,201522,425,838,86,488,101888,5109,9,11462,1437,149,748,3967,30416,118,4639,18845,103593,69777,7,26894,57559,426,365,3432,623,152,38,10911,11910,54,123,0,28,238,43,155,39554,210,701,4341,10,136,16,104,0,0,10,44,0,135,0,467,174,93,790,30,376,138,51,802,4,2,288,17,1670,1719,602,19,26,590,815,4806,4,75,4,0,115758,1641,18696,2,300,1,1105,634,166,2407,231,9407,18637,117481,20627,5032,1122,241,1609,1555,27381,241,78522,5860,3819,27,138,3706,9656,27895,2967,43,3718,0,410,0,153,37,63113,320684,89764,134,203,1222016,1173,16,8260,74,60,4,300,71,357,11037,1609,383,424,1421,0,0,0,12,1391,1018,2127,7521,40,0,0,261,71,67,0,1390,0,1569,89,0,0,16150,8176,585,189,964,837821,35118,3680,521,1187,5503,17,3836,126,3499
"EHI01635",0,859,0,23,16,25,31,249,0,22,7,0,317,551,280,6999,0,746,10,13,112,2,2547,6512,211,316,202,205,428,51,496,682,369,10,2,187,239,643,380,10642,11543,37,791,1487,5,81,32475,23,405,239,21,181,377,1271503,147,178,1021,6,15,4,23,33,0,125292,0,2713,53,1582,8,662,1,93,0,1,583,1996,0,0,0,4,27,1148,1123,138,43,729,3,2,1822,697,10,246,2,1851,140,188,390,139,0,2,2,2,9,0,0,5,0,5,0,877901,190,7,445,96,9200,0,6,102,0,0,16,476,16,45,2,0,3874,500,0,1309,0,1571,1,453,41,710,412,111,299,172,6,547,0,3,2,1,100,0,0,35,0,18445,30,0,0,333,0,0,2,3,0,4,0,0,4,0,2,8,0,0,0,0,2174,0,0,0,0,246,4,1,38,0,0,2,0,0,1683,0,4,262,38,0,0,0,0,2,15,0,106,1235,2,18,1,167,17,9208,2,1189,3,110,94,310,2252,0,0,95,4,1,180,0,0,26,1766,6,2,2,0,0
"EHI01661",23,1609420,1581,19399,93054,1509,11834,527889,93143,389694,31,3895,3,0,13,16,15586,104622,46739,412955,23,1196,4,0,59,2,15,4,2,4139,87,2383,2,29,6,35,0,7187,536031,14,1644,6,266,59964,44637,22125,3715,31139,263,137,546840,0,14,926,1168,8268,2390,8805,352,400,1141,61,70304,13,0,112790,2851,0,3282,5825,165,363,39234,3421,84743,321541,0,2297,45727,0,2,29930,8376,62,15,433533,208,37,0,0,0,66,70,252,66295,86,660,8218,20,283,10,14,4,0,0,15,3,190,64,1649,2,336,1016,7,4,6770,1749,240,12,0,2311,2,661,524,443,274,20,114,118,42419,5,517,2,0,225491,1568,53049,2,349,28,6,2418,28,26,2138,679,12315,19,7253,1443,0,5079,4030,18928,816,877,84,12348,2769,24,5085,2466,9,1049,38,24,14880,2,0,0,12,8,259838,10,5295,1128,155,134058,14,16,127982,8,20,0,2,2,44918,2,241,34,0,2,0,0,0,3,3116,201,6086,404578,28,0,0,274,14,0,0,13633,2,1133,12,0,0,75,168,242,3432,2878,1426231,15793,1746,567,69555,382,357,673,10,333
"EHI01192",0,99,0,0,1,0,2,68,0,326,0,0,66,2,12,157,2,6449,0,433,6,0,764,98,18,0,18,0,12,2,65,6,4,0,0,3,22,6,52,85,149,16,83,7,2,0,14,0,45,4,282,21,46,59,52,2,519,0,5,2,0,0,0,251,0,786,635,0,4,100,0,10,13,8,0,20448,0,0,0,0,2,3,4,4,2,27,0,2,272,5,0,0,0,51,2,5,12,0,0,63,0,0,0,0,0,0,0,271,0,0,869,451,6,0,1223,12,0,0,0,0,53,6,0,0,14,0,71,266,3,9,0,24,0,14,26,40,3540,6,37,4,0,12,0,0,53,2,303,0,5,0,0,2243,189,0,1,10,0,0,93,257,0,0,0,0,48,0,0,0,0,0,0,0,22740,3,0,0,0,2599,0,5,3,0,0,0,2,0,28,0,27,13,0,23,0,10,0,0,0,0,9,84740,21,254,4,44,1,357,0,4,0,87,2,16,34,0,2,4,0,22,4,0,6,26,20,3,0,3,0,0
"EHI01233",260,457,0,1868,7433,211,1244,158,199,338,382,0,73665,196529,49855,825486,120,5424,1134,246,1789,0,18102,68056,9497,50043,5351,61147,24204,105921,798,26419,107610,0,71,15139,21232,78,122,98355,153399,460845,64299,40518,126,2123,59820,992,43842,12611,56,5424,21971,27712,13032,64201,2409,0,1159,245,6981,37,0,28,0,61291,543,123148,364095,88098,2,42032,13,48,12734,20655,3,0,16,66,235,27582,23721,6005,1698,86,0,168,3339,6739,3357,233,22178,28737,9745,10884,6267,5431,49,110,15,178,62,0,3,369,46,2584,7760,216,569,5199,123851,43931,10325,92556,32440,84234,0,3,4199,46280,875,788,110,349,336562,5814,166,37878,5,151639,0,3618,6,14740,3723,883,17679,18957,61,12551,3,257,42,10,4330,2,46,1221,365,776701,176,41,0,69761,25,37,226,1,30,36,24,89,898,2,0,0,1,8,2,7,23108,0,0,5,22,2801,138,96,3998,1,30,7285,4,17,40262,0,1230,20415,587,82,0,0,0,0,16919,8,20759,488,14,0,2,3431,1584,244474,0,33605,0,2299,3920,18367,36616,0,14,2569,0,25,203172,7,8,13135,50637,188249,3,475,0,5
"EHI01116",4,388218,852,2400,78232,8,67928,127130,97481,29824,70,2105,36,12,50,22,3316,62502,37780,1254,2,898,6,26,556,96,8,163,2,3773,42,3807,14,95,0,707,0,71164,367322,53,360,932,174,14414,432464,1571,2695,28655,566,840,166984,2,9,856,1978,3598,848,40,119,437,372,25,35773,43,0,46346,1204,2,5924,1650,34,220,105660,7691,1660,90753,0,1622,74232,0,0,12258,7866,440,5,457656,7381,0,24,727,297,5,155,58,16639,678,200,2296,16,100,554,40,0,2,0,1,9,1281,62,235,0,2224,292,97,46,6728,1373,216,24,68,6201,68,224,326,11798,560,18,400,45,15087,7,244,86,6,26863,682,17693,10,930,40,3,3611,48,2,1048,329,4009,1437,26757,666,613,3876,762,11638,1663,1025,192,2481,1583,9714,584074,13165,4289,265,4,228,9063,29549,0,0,3,8,62588,0,4,19,371,8420,0,4,62461,5,14,14,13,15,15486,0,211,1050,0,0,0,0,28,3829,713,215,1069,238256,1553,0,328,39,12,32,21,8753,2125,173,284,0,0,4282,205,101,1710,1454,368157,42132,659,1224,18301,1807,7,344,10,371
"EHI01658",4,915,18,76,1830,123,190,521,2,52370,67,588,11,46,94,1643,25,105120,202,2732,278,26,3487,1250,35,24,35,26,2,201,1156,33,54,110,1221,32,2,570,602,96,3587,132,937,156,241,350,4024,5,312,46,34590,0,815,156644,690,1359,3168,2660,333,120,16,92,49,16004,785868,23653,1355,1108,4772,925,8,159,153,156,496,223651,0,2,4,53,48,293,24,10,35,577,54,333,3304,16,16,4,92,521,17,36,192,0,4,292,116,189,7,8,0,73,8,85,529,111608,4913,29,67,46,14448,25793,294,6,0,9,253,158,1938,2224,106,92,1031,1859,3224,93,2,349,88,2,55739,623,50523,7,254,36,12,51,69,20,98,369,15720,16,62,1467,7,42685,3274,5,50,90,464,28,1172,17,17,1923,14,0,266,6,303,0,40,178,10,70,211637,6,1658,23,4,29190,79,35,2215,28,103,15,41,20,179,4,1329,40,147,104,0,0,0,0,432,51,575,274123,32,5,5,711,255,3170,0,28,0,1597,11,2,136,405,122,120,15,277,107,12,88,473,172,194,7,61,5,28
"EHI01794",0,10,0,2,57,0,12,65,0,624,0,0,2,0,0,5,0,5474,3,1015,2,2,20,2,2,0,1,0,0,51,0,0,0,0,0,0,0,9,17,0,38,8,4,2,0,2,0,0,8,5,35,8,0,10,24,60,427,0,0,0,0,0,0,0,13,1055,782,0,374,14,0,2,25,2,0,26924,0,0,0,0,0,2,0,0,2,0,0,0,14,0,0,0,1,23,0,0,0,0,0,100,2,0,0,0,0,0,6,4,29,16,274,4,0,4,16,831,14,0,6,9,0,0,0,3,99,0,0,2,0,5,0,10,21,0,2,0,4585,0,72,0,0,10,0,0,48,0,418,0,0,0,0,2976,197,0,3,0,0,0,4,249,2,3,0,0,0,120,6,0,0,0,0,0,28524,1,0,0,4,4148,0,2,1,0,0,0,0,0,4,0,2,0,1,2,0,0,0,2,0,0,4,2,79,123,24,9,5,0,9,0,78,55,0,0,0,12,24,2,0,25,2,2,0,12,4,4,0,0,0,0
"EHI01120",0,0,0,0,0,0,2,129,0,1214,0,0,4,0,16,31,0,31395,0,722,1,0,40,20,0,0,8,2,3,2,0,27,6,0,0,4,12,79,70,40,127,6,6,43,0,0,2,0,0,2,99,6,23,24,63,2,603,0,0,0,2,0,0,0,0,6932,702,0,6,0,0,0,70,4,0,68608,0,0,0,0,0,23,33,0,0,0,0,0,13,0,0,0,0,85,0,0,6,2,0,103,0,0,0,0,0,0,0,2,0,0,6,14,0,2,33,12,0,6,0,0,4,16,0,0,0,0,37,12,0,46,0,20,0,0,10,108,17305,0,44,0,0,27,0,2,76,12,4025,0,0,0,0,76,803,0,10,0,0,0,6,8,0,0,0,0,0,2,14,0,0,0,0,6,71924,0,0,0,0,8908,0,0,4,0,0,0,0,0,48,0,0,0,0,0,0,0,0,0,2,0,2,15,6,0,0,20,8,26,0,33,4,126,0,3,0,0,12,0,0,35,0,0,20,67,39,0,0,0,0,0
"EHI01651",1429,243422,6642,58297,3078767,1252972,805552,84432,389093,3275257,8741924,348983,3,0,27,1734,806627,114713,91329,1214,1244720,15,27,8,193,6,20,44,10,186,253,687,25,4,3752,98,0,53236,52543,478,37405,86,11075,24133,218220,40937,1934,463,687,423,1678836,2,7,916,1576,26098,360,35844,23257,35091,244,818746,150440,5424,2,65768,12618,0,3039,23589,33530,1453,7723,43350,435366,54073,184531,37014,93504,75648,22081,20506,5108,122,8325,35652,304,203,377,1258,147,5,118,42,148,314,670,488,90,143,44,31,31,0,10,2195,22,608,4,2929,2,1005,126,278,147,383,43,126,2,1,1088,7,2740,1784,9119,47,778,13843,488,20521,7,421,12,2,1576663,9079,11053,0,453,41,65916,978,26882,105670,129,311,113221,513,23586,7362,875,404,522,38334,471765,2800,20,600,6474,28788,46,142839,58,32740,7689,10,1141,148,209578,1637,753,994,52788,2,5,10739,10,7771,200572,425,95459,1153,3564,0,251173,107514,32886,5,1187,87,26462,3775,0,0,0,106,13050,683,23234,32669,277,0,42,769,21,215,8,6225,227,2407,52,4,8,51,32,640,2,18617,6292,17477,2280,812,31180,1159,292,1597,2,6908
"EHI01800",3,163808,8814,935319,214072,9,4654,51252,77630,36732,0,3335,17,0,0,0,1096,23108,83658,3362,1,43,0,0,938,2,2,36,0,150,53,174,3,51,0,923,2,63423,171632,1,260,387,119,1949,325918,1414,405,302,2105,2345,94408,0,3,314,935,4230,762,8680,171,411,396,22,203509,363,0,13773,954,20,6623,4213,33,152,2521,16908,8286,73032,0,19364,32380,1,0,712989,670,2152,31,488167,1595,86,6,2,0,29,59,24,50754,1275,434,5444,98,810,2048,7520,14,662,32,15,527,293,2468,1546,0,109,491,59,0,21291,185,252,832,623,706,0,440,888,272,42,4,115,35,6757,108,3689,5575,0,22173,933,14794,2,1513,17,10,858,17,0,188,6225,1043,69,17053,2801,88,116879,89051,45399,2656,483,1625,4735,3969,0,1653,3575,5375,620,5,50879,1406,2,0,1,1,12,53551,980,0,152,33255,38497,0,18,37179,15,1,35,8,45,2782,1754,250,1006,2,285,0,0,0,0,1955,139,2492,135183,0,0,0,9,0,2,0,1225,0,618,667,0,4,121344,1552,1230,2237,455,1168751,9387,4180,967,2071,248,53,773,4,198
"EHI01125",0,0,451,23,1129,0,79,113,8922,14018,0,2883,2,0,0,0,0,45137,287,12589,0,0,2,0,123,0,4,0,0,0,10,0,0,0,0,168,0,152,69,0,139,88,0,0,2436,36,0,0,391,193,62952,0,2,20,107,219,451,9633,0,20,1,0,185,0,0,8335,553,0,19,895,2,17,2746,38,62,90924,0,2991,3773,0,0,13,0,82,0,0,15,0,0,32,0,0,2,130,0,113,0,0,4,97,0,0,0,2,0,0,2,4,0,49,0,11,0,16,0,9,2,0,0,0,67,0,48,34,68,0,0,3,1,0,0,0,2,0,10540,23,23038,0,216,0,0,14,2,4,64,12,5065,0,2,121,0,145,1240,2,21,145,2,424,33,102,0,70,54,0,0,2,272,0,0,0,0,0,95626,0,0,0,0,10287,0,8,1531,4,0,0,0,0,2,0,2,266,0,0,0,0,0,0,183,8,392,20,22,0,2,27,0,0,0,0,34,153,68,0,0,9,30,28,0,215,50,1226,169,139,0,16,2,19,22,167
"EHI01653",3,48818,15999,1911,97776,57124,25809,15454,108426,325105,48993,98573,65,4,27,116,4959,106988,41634,8751,29182,254,111,8,441,8,6,67,4,130,337,786,160,33230,102,478,0,62404,18505,51,1717,280,710,1411,214624,127246,1602,1550,2457,495,339701,2,14,451,954,5840,1159,343935,784,1634,76,787,176187,9277,14,22114,2465,248,1381,6562,52446,259,7965,32407,179166,136047,6,47720,99377,710,731,6141,965,188,59,18893,20988,91,210,4,49,395,102,311,68156,332,1186,7593,28,273,31,223,4,0,2,66,12,285,8,840,294,216,1261,41,727,240,95,1436,4,14,639,29,2887,3087,877,43,48,986,1508,8654,13,82,7,0,203146,2855,36465,8,567,12,1964,1038,287,4179,444,16299,33837,205400,35538,8415,1991,466,3062,2730,47031,468,141002,9675,6502,15,339,6295,16339,47802,5709,97,6340,0,757,0,297,64,123453,562481,153629,225,361,2087604,1986,36,15221,161,96,17,426,117,534,19475,2902,693,780,2656,0,0,0,10,2473,1822,3802,13405,51,0,2,417,114,108,0,2479,0,3006,173,0,6,28141,14811,1024,392,1604,1453440,60106,6832,1095,2102,9847,27,6771,161,5565
"EHI01090",170726,4305523,187020,1035215,555932,101193,23685,776585,1668,277518,187973,9678,188,12,21,108,198330,35303,624727,713,531,29,8,18,5785,17,95,719,2,4442,234,30036,135,321,74,8065,0,247382,485526,40,3402,1264,1299,360789,2002496,64074,81113,698751,16153,7862,109032,0,8,5833,11314,31680,896,32547,504605,429104,1257,3423,2256118,100246,5,1983055,161494,53,16279,30958,378,1178,98,29698,753248,87722,11,21511,259,660,8909,230456,68335,3857,2979,305955,35232,67302,65,619,11,71,176,95,51780,5411,2363,12943,68,476,494,152,115,10,8,174,12006,6969,162,2880,2,8154,3984,1519,30,7551,1483,874,128,147,9542,19,3260,3754,2400,238,122,7341,1685,262511,44,313258,301,59,153977,25424,23050,36,6274,1107,3658,32246,11667,297,248,22114,4657,896,44350,6571,168242,7177,22148,104116,34824,496,415,1674,143891,34,422,23748,1311,949,4436,37991,52,22,327322,111421,164407,275882,191572,0,0,411669,73170,11356,14136,35,24940,54499,45302,14,71723,39821,877383,59,1347,10502,2262,36639,0,0,0,0,5893,201,7597,291639,82,2,0,304,53,89,2,112716,0,3995,2997,6,2,174,306,2554,315,1804,1121602,677,39442,32608,421759,494,58,3450,0,566
"EHI01797",0,228,277,9,350,0,10,149,2,3627,0,0,0,0,0,0,35,295,21,1051,0,0,0,2477,2,0,1336,1,0,0,0,4,0,0,0,0,0,603,82,0,51,0,0,0,8026,53,0,0,15,8,19066,0,2,15,3724,59,475,0,0,3,0,0,943,0,0,316,707,0,23,107,0,1,17,25,323,10536,0,42,0,2,0,23,6,0,0,32,6,0,0,0,0,0,1,0,22,0,0,2,0,21,0,0,0,0,2,0,0,0,0,13,0,0,0,0,0,0,0,6,0,0,1,0,26,16,357,0,0,0,0,2,0,0,0,0,1300,3,544,0,7,1,0,4,0,0,9,65,63,6,20,35,0,68,0,0,47,11,0,0,0,2,6,2753,0,0,0,3,52,0,0,0,0,2,20964,3,286,0,0,17728,0,2,322,0,0,0,0,0,4,0,0,1,0,0,0,0,0,0,85,10563,94,22,0,0,0,17,12,0,0,2,0,428,0,0,0,9,32,93,0,77,651,41,27811,77,0,745,0,360,2,6
"EHI01790",0,43,0,2,7,5,64,69,4,1782,17,0,57,206,77,1276,0,312,6,2530,33,6,7150,4614,6,30,2207,165,56,31,10461,311,254,2,6,9,36,120,37,2772,8964,31,385,410,8,48,7,20,73,35,107,19,68,373,5528,31,857,0,0,0,0,2,4,0,21,743,1696,0,120,32,1,7,19,0,69,7790,0,3,0,6,5,136,544,4,4,20,14,0,97,18,0,2,2,163,4,8,35,39,0,19,0,0,0,0,2,5,0,30,8,9,2,57,187,6,41,129,16,32,0,0,8,131,2,4,24,0,677,141,2,216,0,412,0,14,10,200,582,0,24,36,4,243,0,1,28,3,78,0,3,8,1,291,0,0,11,12,9,1,20,229,0,16,0,2,0,2,12,0,0,0,0,0,16192,0,55,2,0,18008,3,2,9,0,7,0,0,0,230,0,2,15,20,0,276,271,137,6,58,2175,22,803,4130,103,505,99,282,1647,1059,503,1203,356,2,68,291,750,56,49,0,36,120,9,29905,89,433,1293,4,12,4,6
"EHI01117",0,109,2138,8711,396,4,676,67,181,791,2,5,82,12,2,24,33,252,343,407,0,302,2,2470,1853,43,1359,11,10,57,19,50,12,1503,0,1354,2,159,77,0,59,776,29,244,250,10513,80,136,27593,2609,1497,2,8,29,4591,381,304,0,13,67,72,0,24,122,0,818,598,559,547,8853,9,165,12,7,1319,5057,0,279,50,0,0,9674,178,315,4,12,445,961,0,239,61,123,2962,0,7666,696,50,811,0,25,29,20,2,0,0,0,1,1,9,43,0,2,56,226,0,1148,177,157,25,4,16,0,355,408,897,0,30,11,399,949,2,279,10,4,111,71,375,0,844,6,2,45,0,0,516,5,64,0,13,1629,2,586,96,0,10,7322,489,3,16,101,59,4,2,144,43,65,14,0,0,0,3,2,8612,0,134,529,1686,9579,2,0,771,0,0,22,0,0,130,10,218,1217,0,124,0,0,0,0,85674,4378,504,194,0,0,0,343,902,24,0,248,2,285,717,0,1,10430,5265,14649,1012,18,169129,455,23027,697,399,1422,7,50006,20,10
"EHI01127",9,161,10395,1181,1773,4,113,211,560,2545,38,477,420,1667,143,253,121,1558,385,1735,2,6,126,11854,8025,7083,8083,1305,1715,759,124,406,1740,1799,2,9974,830,418,215,40,369,47305,780,1331,108,84832,4820,33,26843,16114,683,201,1857,3658,34375,1566,825,51,28,58,2,3,16,2,6,2999,1228,4,180,9616,2,2043,136,62,8405,51062,0,12927,212,0,2,4530,469,4834,33,91,2042,48,2,1920,62,419,12132,0,544,8537,8106,75,0,111,6,39,0,0,0,0,11,10,39,124,0,22,1696,2077,0,1274,972,11336,1,2,59,229,155,285,94,6,130,510,785,598,39,4649,4,159,41,434,3126,18,9638,576,14,312,2,11,28,34,216,2,146,57,0,2969,135,32,10,23191,2573,21,32,3557,2,25,3,2,8,5,81,5,0,0,0,6,38492,0,853,3,9,52351,0,14,2145,2,0,2,0,0,925,12,801,11902,0,11,0,0,2,6,68036,20924,2678,112,16,2,0,4668,2768,355,0,784,47,1070,4053,1565,51,199106,7581,6446,4,40,11311,2302,150234,13880,1994,63195,60,153,190,19230
"EHI01087",6,22952,331,6665,1327,18,4545,7770,37,2776,24240,2,311,8,4,23,107,747,1211,9899,15,6829,1,5243,18871,42,2828,2,378,136,20,76,7,3093,0,31297,137,1779,15139,2,224,1927,103,258,3910,54482,123,187,56302,123319,6700,60,314,142,11451,1199,371,0,82,127,41,2,200,69,0,6263,703,1650,299,19038,12,423,28,1047,13382,15161,0,42,3,0,7,1983,280,6618,17,29518,500,20,0,156,191,142,16462,0,22138,14396,250,2629,2,880,2883,420,4,310,0,15,29,199,50,304,0,328,231,364,0,77,124,577,212,1389,156,2,143,220,63,15,5,12,603,2528,29,100,1106,12,1561,372,2615,2,15110,6,11,93,0,6,8728,5,136,0,182,316,0,1272,520,42,16,36279,912,88,241,290,35,217,8,338,2,2411,34,3,2,2,3,10,14038,0,50,7,381,17124,2,14,4234,0,0,29,0,0,67,18,572,14746,787,6,0,0,0,5,4924,2477,978,10265,10,2,2,1673,1276,0,0,493,270,498,12001,227,0,4561,9679,33338,40703,165,511827,43,40601,1197,113,11890,17,138,1,9
"EHI01195",35,5554,827,537,1736,256,614,1196,313,180,276,83,8753,32169,8090,184843,16,54,285,294,3296,42,247952,426045,6769,22516,55011,29027,62002,2002,235230,19955,40856,191,82,4544,27739,33,2986,45949,194846,29507,56471,29732,33,5312,69945,769,14284,7205,145,43645,55729,95279,2551,6730,22931,3,325,105,375,28,0,3032,3612,27497,132,3254,7714,3928,42,988,21,22,2494,1495,3,436,23,58,614,9760,16373,2063,756,5120,1588,37,1774,543,91,97,505,5133,125,3873,40132,3286,32,27,13,70,134,0,41,254,9,31,1930,28373,48,17,32880,2187,1486,58524,2292,20501,2,1,214,14872,204,313,102,68,125510,4237,358,10394,27,52570,6,9925,310,8482,80,915,4374,4873,114,9625,3,99,87,12,58,0,17,69,0,126161,118,5,0,4293,1912,9,62,1493,43,25,4,51,4,0,11,7,24,5,24,6,2221,0,70,0,3,2075,128,64,950,6,30,6,4,0,16709,4,802,4975,606,11,884,5731,1707,57,37283,2069,1480,58405,672,22309,1048,30881,4356,288869,10774,27455,938,811,1951,50632,12272,187102,2147,5083,62,1069,1821,201,4030,7824,32942,12717,19,742,35,131
"EHI01098",8,9,12,259,894,16,125,8,9,24,6,0,1105,230,520,15052,60,14,167,351,108,2,5778,297,2349,1103,4170,181,2924,796,15462,4444,295,3,0,2112,1436,513,10,9462,28309,206,2319,7547,6,15248,9032,220,3498,7930,24,3763,2754,297817,407,1843,756,0,5,2,6,2,0,35115,3,5818,6,314,1937,1202,18,239,0,11,18657,138,2,0,0,5,15,2655,2888,450,350,10,0,4,948,56,10,86,154,43,19,1081,352,187,2,352,667,88,8,16,70,26,47,124,201,245906,0,145,297,170,144,2132,612,615,14,40,31,737,86,73,117,8,8109,2567,175,3697,18,30383,171,534,0,4354,117,28,1017,113,0,1517,0,1,16,4,30,0,56,6,0,18677,42,9,0,3304,4,19,8,17,5,1,0,2,0,44,0,0,0,0,0,1,132,0,0,8,0,175,0,2,414,0,2,0,0,0,3786,7,252,1009,32,8,74,36,33,0,689,6,367,512,781,42,44,3360,653,1116,86,6672,54,70,930,2465,162,2,26,4220,2,0,463,2,518,55,8224,4210,2,36,0,0
"EHI01223",8,1313,20,64,74,222,764,185,115,137,320,0,2366,9295,15682,687391,0,26,96,6828,4029,2,336168,89221,509,1738,10364,10432,16750,24,290159,16209,11433,12,70,249,7091,6,962,877659,781571,1894,68950,29098,58,6,89926,609,3403,403,12,10563,15423,14925,809,1605,117184,22,57,35,31,77,0,0,16,30280,144,0,7,1064,37,316,9,14,0,920,3,9,0,62,499,11368,15364,81,468,296,12,38,4831,736,218,279,2,33892,21,173,3999,2345,10,22,0,3,74,0,58,652,0,2,6,60,63,8,14003,524,1457,30,109,1469,0,0,66,27118,0,0,1,1,317537,11152,6,12229,0,23399,0,1745,5,26384,78,155,290,2887,18,8362,0,146,28,0,3,4,4,2,0,92,0,3,2,2129,13,2,8,2,52,1,2,16,0,0,2,0,8,3,10,4,1896,0,1774,0,1,2182,111,86,457,2,82,4,0,0,18181,0,19,283,1229,0,58,17,53,0,432,74740,388,508,48,151,24,5283,1334,94953,52,25824,268,3888,150,13061,93967,313,35,1759,12,5,1685,384,3956,1225,33904,115,6,188,33,25
"EHI01185",31,12006,218,3176,1490,237,1243,3431,219,219,1033,7,30324,33318,5164,826890,162,133,336,88,4022,17,41569,87306,4202,62984,10130,36266,34445,64404,22712,12185,40235,1263,97,2196,20653,61,12276,110951,123423,79860,39236,61724,34,9456,232681,3281,54597,4538,139,9857,31794,25042,7726,65929,479,4,50,81,97,116,0,325,57,60462,75,2623,37490,14387,77,2490,5,29,18422,3717,2,75,4,92,14597,22195,20597,570,1367,14405,118,75,396,8941,1019,604,1089,12924,824,1654,11889,2836,14,26,39,27,58,0,6,358,5,5873,97,3197,11,9346,41118,8641,145,11125,22869,54176,13,10,502,9838,5299,7717,571,55,377536,2767,799,25613,0,148530,0,6927,33,15799,184,1289,2103,9750,136,9744,0,578,37,3,619,7,45,15718,94,8674,6,79,9,13451,294,41,10117,79,24,48,1,34,0,3,4,2,4,0,38,4,4592,0,388,84,1294,4605,1383,93,1460,0,31,996,1,0,35632,2,10488,1949,830,4,492,792,946,6,20371,14126,2921,31154,595,443,2047,5372,5845,291131,2849,27566,261,651,1410,27211,29595,532,4510,2342,86,12,16941,69,8074,3600,70757,27037,4,13282,2119,22
"EHI01634",41,82999,892,22961,5056,59,16250,28092,216,9570,84136,15,1065,9,12,35,377,2828,4639,34968,28,24376,4,22289,67734,131,11016,26,1382,533,72,263,36,9256,0,102783,471,6636,53482,23,726,6786,311,793,13318,193741,490,555,200043,448492,22842,216,1017,483,45976,4562,1727,0,328,449,213,41,722,273,0,21405,2393,5956,1097,69906,45,1610,147,3266,48390,56349,0,183,21,8,40,7026,967,24096,68,104309,2044,59,0,649,587,548,59229,0,78771,51604,844,8804,27,3223,10158,1572,8,1034,4,28,61,758,152,1245,0,1159,967,1612,0,285,391,2001,967,5443,533,34,491,723,210,14,8,43,1891,9142,68,341,4055,89,5991,1215,10262,8,54431,28,34,226,0,29,31795,37,398,0,602,1091,0,4805,1738,118,79,131328,3419,415,815,1228,127,719,26,1015,22,9255,181,1,19,4,11,15,52866,6,229,22,1423,63408,24,31,16197,16,0,73,0,0,207,52,2200,53718,2857,14,3,0,0,16,18564,8857,3819,35269,44,10,0,6521,4327,1,0,1643,1001,1822,43094,848,9,15822,35751,119186,139673,515,1807551,108,154475,4347,555,43335,60,621,16,30
"EHI01823",74,2176,108,15484,13951,23,374,700,417,2731,37,2,3510,7135,1263,67226,25,720,2013,13347006,472,6,26441,43907,72117,4842,7563,7248,5679,342,21160,8190,8690,57,11,74273,2243,308,780,38894,41573,23118,5319,24186,180,1054,1042,500,751556,145798,601,2675,4375,8482,24301,8244,3547,0,1012,960,6,32,9,467,21,21858,1675,24,2603,237857,35,62111,42,70,5324,14201,2,52,4,13,78,9728,9856,26590,141,419,426,7,327,52660,589,134,14,1765,769,43626,798,1117,1,81,34,25,16,0,5,34,21,320,190,25404,137,118,6401,6578,164,18182,704,21412,0,8,67870,2116,105,61,309,21,35607,1677,114,9825,4,18216,2,558,79,24033,1675,66,53017,4002,124,4745,6,64,44,241,188,0,78,118,0,15304,461,45,7,179738,330,18,9354,10030,6,433,28,46,691,8,39,73142,0,3,37,13,28576,5,2893,9,11,32010,17,28,26883,0,92,112,5,2,11544,1,182,72404,168,20,173244,291605,82446,48834,542840,264016,248281,8284,853250,218918,432703,142667,125119,31221,286270,16176,393771,15679,59004,4809,4185,33061,776,276853,10,20784,812,914,55136,52823,27580,2648,11412,41837,552,33
"EHI01655",0,40917,31,169,470,74,153,12363,100,406,152,2,5257,3000,2422,94716,50,159,176,633,762,65,16144,7736,180,3316,10304,1692,5897,228,25145,6010,2301,4,516,171,3169,132,25909,67167,142768,4647,10521,5436,195,300,8378,408,800,302,5136,13517,7818,7847,4248,892,3113,2,262,150,309,83,8,129,20347,7631,585,74504,1036,384,4,294,9,144,1449,7429,0,18,1,108,119,2774,7759,80,591,29307,34,363,1506,594,47,885,13,8580,49,114,3131,6521,2,45,93,31,303,0,31,132,15,8,28,1008,4,30,3669,649,174,1636,145,1302,5,6,287,4120,225,195,1034,55,45799,5864,15,3231,6,7937,10,2501,878,3869,320,646,267,881,63,4120,186,91,83,307,105,11,118,303,4,32145,18,9,3,508,61,94,37,70,18,56,12,12,134,18,21,0,120,21,17,100,4931,0,19,4,8,6018,43,26,329,50,236,11,43,27,3863,3,152,180,187,109,921,2718,2239,19,397,719,381,1867662,12667,5587,466,1530,1901,27361,1060,11092,1821,591,62,4811,12890,4773,52,350,133,14,671,5,12954,197,6929,694,2,1169,2,4
"EHI01657",0,30429,28735,17,4536,0,16,9714,1329,2446,2,1795,2,0,0,0,149,2038,1290,51805,0,2,4,16011,27,0,6986,2,0,5,37,8,0,49,0,30,0,901,14966,0,86,22,0,4,6682,157,0,0,277,69,3633,0,14,29,21486,64,628,355,25,19,15,0,251,2,0,2425,1085,0,24,149,0,24,284,69,1601,26022,0,5467,869,0,0,128,0,8,2,11549,538,0,0,24,0,0,0,0,54,22,1,14,0,77,0,1,0,0,0,0,0,2,0,104,0,4,0,0,0,4,4,0,0,4,235,0,6,3,100,0,0,4,3,18,0,0,0,0,228,149,2532,0,27,2,0,13,0,2,20,6,151,0,20,2,0,44,4,400,22,27,90,0,6,72,0,418,0,1,0,0,37,61,0,0,0,3,28429,1,3412,0,0,36371,0,10,114,0,0,16,1,0,4,0,6,19,0,0,0,0,0,64,159,94705,51,13517,5,2,0,41,28,0,0,2,35,2571,18,0,0,748,176,413,2,643,1291,9737,137663,645,2,5366,41,118,181,49196
"EHI01109",6,38616,13052,10,234,3,71,12615,1583,1058,0,249,176,104,26,260,7,561,56,100992,2,6,672,4476,31,66,3555,104,921,106,486,332,109,205,0,23,432,203,82486,1701,1267,778,76,673,49,185,1888,22,306,63,222,855,920,315,12055,128,366,118,32,13,11,0,6,3,0,1660,494,2,6,128,3,84,238,105,2,19909,0,2301,1394,0,2,394,382,14,0,23946,168,0,6,128,20,15,0,25,841,17,438,127,0,35,0,0,0,0,0,0,0,0,0,159,0,6,142,79,10,15,299,147,0,0,451,23,2,0,0,0,109,34,2,434,0,30,0,124,8,270,967,17,31,31,0,180,0,8,473,6,71,0,19,0,0,170,4,6,2,76,120,4,6,2,7,8,4,16,0,2,18,0,0,2,0,0,11903,2,10627,0,0,13046,0,10,71,0,3,18,0,0,412,0,0,28,6,0,0,0,0,9,108,342183,87,21358,2,0,0,462,257,60,0,479,63,11347,13,801,97,1506,841,157,2,18,19681,22076,66681,450,1148,1555,67,393,392,20437
"EHI01121",0,938,1389,0,38,6,50,331,55,724,0,10,0,0,0,0,4,1598,6,659,0,12,6,10748,14,0,4361,0,0,0,5,4,0,20,0,7,0,190,332,0,29,8,0,2,2,6,0,0,71,17,681,0,0,16,15427,9,205,0,0,2,0,0,6,0,0,673,379,0,22,18,0,2,21,2,94,12066,0,262,15,0,0,0,0,0,0,231,92,0,0,0,0,0,0,0,0,0,0,0,0,20,6,0,0,0,0,0,0,2,2,9,0,2,2,0,0,113,2,0,0,0,6,0,2,0,13,2,0,0,0,2,0,0,0,0,40,2,1463,0,2,0,1,9,0,0,13,10,115,0,0,4,0,149,0,0,6,12,38,0,0,58,0,3,0,1,0,2,18,33,0,0,0,2,10701,0,18,2,0,15685,1,2,11,0,0,0,0,0,0,0,0,5,0,0,0,0,0,8,22,305,0,289,12,0,0,42,126,0,0,0,12,279,10,0,0,2011,108,118,2,51,48,36,46579,339,4,3618,4,639,74,3
"EHI01187",0,23,64,0,48,1,2,59,2,806,2,0,0,4,0,20,11,207,4,5368,2,2,26,2525,3,2,1213,0,0,90,29,6,0,2,0,2,2,16,27,50,130,6,2,9,8,41,0,1,5,15,75,2,10,33,3388,56,367,0,2,8,0,1,1,1,0,245,547,10,139,12,0,13,12,11,29,3723,0,22,2,0,0,11,16,0,0,0,54,0,2,0,0,0,1,0,6,0,0,0,0,26,0,0,0,0,0,0,0,5003,6,39,0,9156,0,0,0,226,37,0,0,0,238,0,0,2,291,2,16,8,0,0,2,13,0,0,12,65,275,0,18,4,6,6,0,0,2,7,40,0,5,18,0,230,8,2,6,2,44,0,41,6,0,18,0,0,0,0,14,45,4,0,0,0,7559,2,7,2,0,8883,0,5,6,0,0,8,0,0,8,0,5,6,0,1,0,0,0,31,12,36,13,871,0,0,0,13,5,21,0,6,147,138,2,6,5,3824,41,5,0,40,4,15,15940,45,10,835,15759,1724,6,9
"EHI01639",1,115,24399,4,7,0,18,156,5184,2418,0,441,6,2,0,0,0,4227,67,5008,0,2,1,22553,12,8,11440,0,0,6,53,17,4,14,0,2,2,1144,190,0,44,7,0,5,118,14,6,20,12,8,1225,10,28,25,49448,9,1222,82,10,1,0,1,4,0,0,1834,1250,38,28,8,0,2,1039,8,4,44465,0,4089,5376,0,0,8,9,0,3,83,457,0,0,2,0,0,0,0,191,2,2,15,0,49,0,0,0,0,0,0,0,0,0,6,0,2,4,14,0,12,0,13,0,0,27,2,4,4,36,2,0,14,0,15,2,10,0,2,22,72,3888,2,32,0,0,19,2,0,34,14,266,8,8,2,0,132,0,0,4,0,158,274,0,0,3,7,114,7,0,8,525,2,2,0,0,0,40259,0,16,0,2,49673,0,16,9,1,0,2,3,0,18,33,1,11,0,0,0,0,0,0,2,851,8,151,0,0,0,2,11,0,0,14,0,1119,4,0,2,3193,153,24,0,63,3891,74721,201201,879,20,8143,2,435,6,18784
"EHI01650",3,64,21,764,2211,38,275,6,42,23,13,0,2621,489,1225,37090,138,45,507,947,232,2,14515,684,3489,2755,8975,519,6705,1926,38143,10591,670,13,8,5099,3349,1354,12,23341,70230,490,5894,18446,26,37274,22574,514,8516,20540,32,10630,7090,731089,977,4492,1853,5,42,33,7,6,0,88250,9,14951,27,902,4662,3027,21,479,0,52,46404,310,3,1,0,12,29,6575,6652,1317,793,18,2,21,2288,130,20,202,316,139,78,2630,960,409,0,740,1479,263,67,36,196,100,101,235,427,612576,2,332,613,483,313,5058,1424,1633,52,105,64,2023,200,182,288,12,20693,6361,526,8964,15,75713,395,1372,10,10783,236,72,2788,237,4,3968,0,7,37,8,63,0,161,51,0,46327,86,45,0,7842,5,41,31,60,18,6,7,35,4,77,0,0,6,0,2,0,392,0,0,0,2,558,8,4,971,0,9,9,0,0,9600,26,693,2833,84,20,187,66,73,0,1709,16,987,1271,1879,141,125,8621,1763,2923,254,16113,151,246,2424,6364,291,7,45,10145,24,5,1177,6,1371,120,20234,10006,3,90,0,2
"EHI01791",10,18221,15,4149,1858,2,996,6293,26,6802,0,0,474,4,0,0,25,400,5760,516781,0,63,0,4742,18864,5,2596,21,163,2,35,11,23,13,0,19669,5,350,5602,0,275,1711,5,0,5998,22382,5,4,156314,41653,43267,0,5,112,8813,1149,1128,0,6,268,6,12,341,28,0,1025,1021,3,65,49525,3,2063,37,8,2174,12444,0,0,2,0,0,189,53,7119,0,3546,59,0,0,3194,28,35,2,0,217,11833,42,33,0,74,2,4,0,0,0,0,2,23,0,989,0,7,11,466,0,82,13,70,0,6,2536,2,37,55,23,0,0,110,62,45,0,0,0,5,2697,705,846,1,13656,50,2,22,0,8,84,0,119,0,20,96,0,201,18,15,17,50813,46,11,438,368,7,118,8,71,26,0,19,3168,0,0,0,3,24023,1,5290,2,2,24847,0,10,6104,0,0,29,0,0,1,0,11,19234,0,0,0,0,17,2022,30878,375755,7876,3792,1239,10,257,397,755,0,9,9,3426,2882,14634,0,0,3462,166,78763,74,7125,5980,1069,41219,12035,5,1460,393,94662,222,41
"EHI01789",0,2663,49,18,924,0,646,837,7,5923,1,0,9,0,0,0,8,458,9117,6587,0,1,3,4560,89,4,2668,1,0,0,13,3,5,106,0,103,0,1328,775,0,112,47,1,5,77761,2970,2,1,391,218,39832,1,3,18,6753,228,557,0,0,41,2,0,3829,0,0,729,1926,1,255,279,0,59,26,18,1456,10497,0,33,2,2,0,289,8,41,0,488,150,0,0,107,13,0,0,0,706,46,5,77,0,59,0,0,0,0,0,0,0,0,0,32,0,4,4,20,0,1,0,16,0,2,59,0,22,15,9,0,0,12,10,76,4,0,0,0,3006,48,949,0,79,2,0,19,0,0,31,0,122,2,11,43,0,197,1,478,214,537,246,1,9,737,1,153,0,3,0,0,8,1181,0,0,0,0,22060,1,1456,0,0,24087,0,9,732,0,0,9,0,0,15,1,13,80,0,0,0,0,0,790,124,50504,244,431,8,0,0,106,427,0,2,17,22,1052,65,0,3,14383,623,69,0,256,17088,195,39285,355,33,1587,26,29,70,61
"EHI01798",11,222616,43581,4022,33897,4,2349,72073,1202,14882,0,138,187,69,8,8,751,835,54532,26798,0,6,14,8373,6677,1266,5161,102,380,147,33,22,81,193,0,7306,94,5942,76418,6,236,1701,42,191,253226,15038,15,58,22988,14157,100061,28,232,197,13613,2488,1273,12,73,519,47,9,20297,19,0,5037,2461,27,1224,8046,10,467,60,402,64462,26807,0,6527,125,0,2,2760,62,2924,4,49946,1763,3,6,1228,103,34,13,0,3304,4334,89,347,0,105,9,4,0,0,0,0,0,6,99,156,0,17,56,1451,0,999,85,591,0,20,266,19,264,322,120,2,0,203,98,438,1,168,4,42,8108,295,1528,0,5460,96,16,64,0,3,48,22,228,1,360,944,0,4362,24,286,883,8359,275,82,158,1660,13,1999,5,49,3631,10,62,3332,0,1,0,2,38098,0,1743,4,14,38762,0,17,2983,0,0,27,0,2,100,3,95,7702,0,10,0,0,15,2320,12054,42565,1409,51988,506,16,78,4230,5743,0,10,111,3991,5389,4964,221,0,4045,858,30134,2,11362,75102,689,143987,5983,424,3040,22,265910,99,100
"EHI01820",9,1850,18,439,294,66,269,609,52,1931,70,2,6079,6265,5030,35543,33,311,137,4363,1276,11,194974,63354,1471,28050,5071,6330,20730,165,228653,14009,6911,128,33,1424,9657,216,634,315219,127252,3293,20433,16300,54,435,800,549,10961,2753,646,3652,18931,6653,6429,1300,13145,4,38,250,6,27,4,51,131,12706,1953,7,607,3972,23,689,30,51,3610,9977,4,7,0,17,442,4981,8418,596,237,376,72,3,1937,1516,259,67,19,10535,729,930,1585,857,0,42,1,6,21,0,22,110,0,33,77,85,40,41,5705,1396,1189,1350,121,3849,0,16,150,8407,34,9,141,16,21097,2496,48,6001,0,25413,0,1592,175,5772,861,168,1166,4092,22,5392,2,13,39,35,97,2,46,47,0,8472,28,5,10,3928,77,14,907,3022,14,103,1,17,12271,2,70,3363,0,7,6,10,22066,0,800,0,10,21060,37,30,622,4,14,4,0,2,7841,3,12,1536,495,59,190,289,1482,2454,18139,23909,855,64460,724,161,190,20704,20393,25281,275,20442,6681,27139,1069,21061,21918,5944,524,4711,0,570,913,105,40909,1061,20054,720,1,103360,108,45
"EHI01637",1,155588,52342,79,929,6,350,51476,6629,4270,0,1251,789,426,69,1179,18,2580,198,408583,15,21,2702,21207,126,274,15556,438,3692,366,2445,1217,489,848,0,122,1647,759,353696,6554,4943,3295,368,2915,193,765,7220,110,1298,282,1042,3478,4063,1440,56429,573,1588,339,79,71,23,2,14,5,0,6997,1918,0,23,563,9,375,1117,328,9,86691,0,9598,5792,2,3,1623,1356,65,5,95446,631,2,55,561,100,50,0,108,3704,69,1861,530,0,164,0,4,4,0,0,1,0,17,6,766,6,33,460,325,18,123,1115,563,0,0,1833,104,2,0,4,0,608,128,9,1854,2,94,0,529,23,955,4429,80,148,156,4,676,0,6,1826,11,285,2,50,2,0,855,7,10,11,298,584,9,31,12,19,50,2,93,2,6,87,0,0,0,0,12,53568,0,43526,0,0,57006,1,14,333,2,4,80,0,0,2021,0,4,159,8,0,0,0,0,60,480,1391534,362,86633,1,2,0,1937,1003,223,0,2217,237,46174,75,3184,346,6091,3601,499,0,102,81753,88992,289217,2057,4463,7200,331,1528,1528,80382
"EHI01652",0,694,1408,12,173,0,913,465,3186,4568,0,35,12,0,0,0,7,4115,3414,3464,0,8,3,32600,46,2,13505,1,0,5,12,12,0,391,0,38,0,1141,380,0,145,0,0,40,32238,789,2,2,265,117,4315,0,10,38,46414,67,1918,20,8,34,0,0,1265,0,0,2415,1920,0,77,130,0,22,693,22,53,49137,0,614,3589,0,0,335,2,16,0,126,302,0,0,2,0,0,0,0,203,18,4,12,0,188,0,1,0,0,0,0,0,1,0,15,0,0,0,5,0,6,0,10,0,0,13,0,5,8,12,1,0,0,1,41,4,0,0,2,451,44,4742,0,34,0,0,49,0,2,28,24,361,0,4,2,0,116,0,10,123,0,470,0,1,221,0,27,0,9,0,0,56,191,0,0,0,2,51350,2,726,0,0,65175,0,12,79,0,0,0,0,0,24,2,0,43,0,1,0,0,0,117,251,17513,50,169,0,0,0,82,694,0,0,14,38,1395,16,0,4,23846,1544,819,11,942,3776,40059,176388,1064,76,11725,21,7030,34,193
"EHI01107",0,16124,15212,8,2456,0,0,5354,667,1314,0,1029,0,0,0,0,91,916,692,26588,0,6,2,7083,7,0,3195,0,0,9,17,2,2,29,0,2,0,383,7052,0,54,6,4,0,3438,79,0,0,165,31,1883,0,10,9,10125,28,357,169,15,6,5,0,141,1,0,1308,579,0,7,77,0,21,157,24,802,12721,0,2600,476,0,0,51,0,10,0,5990,302,0,0,10,0,0,0,0,18,8,1,1,0,20,0,0,0,0,0,0,0,0,0,84,0,4,0,2,0,2,0,0,0,0,96,0,2,2,55,0,0,0,0,2,0,0,0,0,151,79,1234,0,23,0,0,4,0,0,10,2,91,0,5,2,0,28,1,186,21,4,53,0,10,26,0,191,0,0,0,0,15,27,0,0,0,0,14005,1,1873,0,0,18029,0,8,67,0,0,6,0,0,1,0,2,16,0,0,0,0,0,22,79,50067,23,7075,0,0,0,29,30,0,0,2,27,1400,8,0,0,401,66,233,0,346,643,5083,68722,237,5,2455,21,49,91,25584
"EHI01638",1,17760,8162,1130,3869,0,1462,6354,91,13548,1,37,132,18,12,66,74,7105,26277,99906,0,12,58,69693,6084,111,34828,52,68,22,193,35,24,200,0,6893,20,5863,5279,333,628,4976,65,43,195724,1157,23,9,14376,15564,80837,20,70,108,117649,907,2546,6,30,745,5,4,11553,14,0,5116,2955,20,814,6266,6,507,216,284,2478,100414,0,1852,8,3,0,1239,41,2757,2,3306,7000,8,0,1285,165,7,6,0,1753,4576,77,168,5,223,14,12,3,0,0,0,1,224,14,563,0,302,54,1431,0,153,10,329,2,8,1157,25,406,400,43,1,42,175,516,179,38,18,3,6,7567,527,13042,5,5503,48,4,44,0,10,54,88,475,5,146,1233,0,831,18,594,775,15125,3911,70,55,187,10,608,15,36,565,6,164,1144,0,2,2,8,86941,1,1432,3919,12,107856,0,24,3202,3,0,144,1,2,29,53,77,6756,0,14,0,0,6,623,4331,26073,1286,9498,94,16,14,820,1400,52,0,42,886,3473,4480,12,56,405795,5104,13371,6,5164,29403,646,356887,7120,78,23482,140011,249329,159,498
"EHI01821",12,1816,5,542,1032,9,68,664,53,6727,1,0,1115,724,318,6118,16,1036,202,529539,94,9,14304,13142,1669,670,9253,779,2474,401,15315,769,864,65,0,1443,1239,521,622,22147,9616,1331,1681,1522,13,1291,144,70,18696,3367,10203,2163,2405,2840,19388,617,3281,0,184,32,10,9,0,81,1,2607,3191,56,670,5562,6,645,101,19,13340,29373,0,4,0,2,15,764,1106,504,57,387,44,3,174,1108,61,40,27,669,12,891,442,96,0,177,1,3,8,2,6,8,0,621,51,1116,44,925,682,453,99,2383,181,573,0,6,2750,664,51,41,159,13,3504,1365,179,767,2,6443,2,650,798,1354,2128,55,1032,193,13,645,0,10,22,56,266,4,27,56,0,6558,37,0,16,1952,43,4,1449,286293,3,148,2,3,15530,0,102,21792,0,0,0,5,56697,3,2885,0,4,62633,0,43,948,0,13,25,0,0,771,0,19,1341,61,824,92888,43179,150233,27958,7713,129542,790,70063,141611,134987,79845,8813,11308,3832,118112,1499,81717,30280,1016,2469,1102,3610,275,15308,2,7942,148,512,111936,1228,1689,3956,773,46,109,44
"EHI01659",12,139721,30149,39935,21181,7,8658,46265,939,4863,1488,1931,189,218,77,981,1952,2629,17682,1657,7,631,73,19125,4418,1063,9081,344,112,7239,186,3075,297,22977,0,3513,36,6215,47735,232,697,49468,656,11323,65129,90790,34792,29931,55812,10299,6632,40,86,2947,31045,18986,1147,271,376,353,171,15,15081,216,120,21486,1925,5532,9841,17790,572,7856,123,159,17754,36109,2,8782,93,11,684,55054,6550,1154,17,33914,2798,1153,6,19073,4873,234,923,8,116093,2875,973,12386,0,106,6,35,20,0,0,14,9,135,56,1732,0,164,1391,3886,0,6795,5072,2321,8,21,96,112,490,584,8650,53,552,447,596,17140,0,643,8,38,2023,1113,3399,2,3115,162,40,2696,10,13,851,570,351,6,265,2246,145,3535,25,377,505,10766,6788,33,2168,475,165,1318,8,1294,6,9,54,0,2,24,4,20,40015,4,12273,27,2352,46317,198,14,2911,7,12,78,0,0,7291,0,281,3366,60,4,0,0,0,13,93941,384807,9145,28282,37,0,0,921,1765,427,2,8221,705,8654,2148,64,20,20090,104270,2687,1091,336,2419304,2504,152351,39930,16079,10503,4,137082,135804,74999
"EHI01104",1,8374,3923,532,1687,0,741,3003,40,6547,0,23,42,6,6,22,29,2916,12344,46480,0,10,34,28100,2737,58,14270,27,42,16,88,13,11,108,0,3206,4,2892,2406,142,279,2166,30,11,90957,618,4,1,6507,7189,36286,0,42,75,47964,381,1148,4,18,354,1,4,5539,3,0,1984,1339,8,350,2831,2,271,82,98,1131,43390,0,960,8,0,0,555,24,1184,1,1445,3233,0,0,542,89,0,0,4,777,2074,22,84,2,83,4,2,0,0,0,0,1,92,5,236,0,130,19,672,0,84,14,178,0,6,572,8,152,189,30,4,14,63,301,57,16,8,0,0,3473,244,5651,2,2412,12,0,18,0,8,18,39,218,6,40,558,0,390,9,301,368,6926,1836,33,22,119,0,303,6,12,297,2,54,522,0,0,0,4,36747,5,645,1859,2,46987,0,17,1486,0,0,61,0,0,17,18,30,2915,0,2,0,0,0,342,1826,12083,587,4447,24,6,5,375,603,20,2,14,459,1527,2141,10,33,183591,2312,6022,2,2370,13463,334,153442,3162,39,9276,64393,115083,72,263
"EHI01643",2,2071,3467,6,66,0,116,910,94,1469,0,11,0,0,0,0,0,4309,12,1806,0,11,6,28303,22,0,11541,0,2,8,6,2,0,26,0,6,0,440,775,2,55,12,10,10,12,17,0,0,160,49,1714,0,10,19,38909,9,393,6,2,6,0,0,2,0,0,1617,813,0,59,78,0,5,54,8,159,28726,0,616,5,0,0,0,0,6,0,553,143,0,0,2,0,0,1,0,6,4,2,0,0,31,2,0,2,0,0,0,0,2,1,23,0,6,0,0,0,255,0,2,0,2,19,2,0,4,80,4,0,0,0,2,0,0,0,0,56,7,3496,0,10,0,0,2,0,0,26,14,168,0,6,4,0,313,2,2,7,6,67,0,4,169,2,4,0,0,6,2,88,23,0,0,0,6,25085,4,25,0,0,36975,0,6,26,0,0,0,0,0,8,0,2,14,0,0,0,0,1,11,125,847,13,671,2,0,0,117,284,0,0,0,36,704,4,0,0,4863,177,244,14,145,99,70,110675,816,16,10092,4,1605,112,13
"EHI01802",0,108263,12870,1630,7822,3,61826,34593,347,4704,4,17,4,0,0,0,304,373,10140,4464,0,10,1,3868,101,0,2365,26,0,9,10,40,2,10,0,96,0,3008,27030,0,109,3,25,282,150200,13099,49,87,442,153,31947,0,2,27,6387,508,598,2,29,121,17,1,16956,0,0,2432,925,34,500,344,20,13,127,448,41431,12851,0,1948,299,0,0,763,82,23,2,19491,391,0,0,18,0,8,0,0,6332,38,64,733,0,58,0,0,0,0,0,1,0,3,2,29,0,5,73,4,0,17,1,70,0,0,64,0,140,134,47,1,0,34,109,793,0,0,0,0,2293,135,798,4,73,4,0,83,0,0,13,2,108,6,329,389,0,100,3,827,632,36,70,3,10,441,14,1045,0,127,34,0,60,156,0,0,0,0,20478,4,301,0,0,23445,0,10,710,0,0,48,0,0,112,21,64,68,0,4,0,0,4,178,160,12718,230,19650,40,0,8,3,0,0,0,171,42,856,36,0,0,1023,121,3109,6,318,147105,3168,61922,197,479,2153,25,697,16,482
"EHI01648",110,17256,431,11398,3405,4,4731,3658,3632,6234,0,17,641,1739,1819,140,78,2225,30441,38676,0,14,34,18473,18570,6721,8081,1750,203,1638,106,8931,1972,982,0,16414,13,4104,3260,91,431,19311,6751,32893,162259,29782,1877,8898,140007,33342,26656,17,65,1899,49275,5044,1197,0,259,431,6,11,23154,45,7,27491,1881,17,1788,46225,115,10859,711,72,18770,28287,2,232,2987,0,0,13060,11476,7217,59,2419,940,275,16,37621,4804,394,28,10,54466,13562,971,6384,6,197,50,202,2,0,0,5,44,36,48,561,0,40,2157,21176,2,444,1552,3130,11,114,426,2852,54,106,151,17,90,1516,133,18760,27,4715,28,21,2660,1138,3185,4,15274,828,17,5464,3,4,33,9,244,0,72,130,0,1352,1829,80,782,80577,1018,8,1225,48,98,1258,13,739,6305,8,64,6,2,6,36,13,34043,0,282,6,8111,41157,2,8,7241,2,8,143,0,5,15151,32,75,18386,0,77,0,0,0,6,745203,10167,16436,2589,63,2,2,9024,2026,176,0,19740,847,7880,9486,38,12,72373,4786,76166,2,226,1144231,40254,99550,46667,46804,6559,814,2448,2,92
"EHI01110",4,66345,14245,18937,9905,2,4171,21984,419,2241,742,920,107,128,37,511,953,1177,8396,862,6,278,28,7758,1947,502,3718,167,41,3652,106,1523,119,12384,0,1767,29,3167,22486,102,270,22715,292,5561,31218,43318,16781,14144,26185,5023,3242,8,36,1360,13300,9002,590,136,196,145,83,6,7270,102,66,9954,793,2478,4503,8260,244,3532,60,93,8365,16670,0,4127,59,4,306,25751,3067,550,7,16058,1263,510,2,9000,2408,115,385,2,54965,1251,385,5871,0,50,19,28,9,0,0,8,1,66,42,758,0,81,711,1829,0,3051,2353,1053,2,9,53,52,212,277,3929,18,250,193,267,7886,0,313,7,11,860,529,1684,0,1525,59,21,1158,7,10,365,254,151,4,102,1039,87,1649,5,177,187,4953,3023,28,1033,242,78,596,2,589,6,2,28,0,2,6,8,6,17959,0,6006,4,1067,20966,96,4,1433,2,5,44,3,4,3376,0,122,1536,41,2,0,0,0,3,43764,184274,4279,12839,36,0,2,434,816,218,0,4041,326,4190,1047,30,16,9231,46723,1181,494,103,1139652,1239,68318,18826,7712,4508,3,64883,64889,36434
"EHI01793",6,146,6,33,23,3,4,123,10,2033,0,0,2,44,24,85,1,416,4,1981,2,4,1925,4533,39,46,2670,27,8,21,1338,70,70,15,0,7,12,97,70,55,281,6,85,616,3,14,16,5,354,37,146,14,14,129,7103,39,1084,0,9,5,0,0,0,4,16,899,1396,1,63,107,0,44,25,6,14,9563,0,0,0,0,0,170,75,6,0,26,17,5,15,12,0,0,0,0,7,6,1,2,0,45,0,0,1,0,0,2,1,9,0,12,0,2,55,21,5,73,9,146,0,0,13,15,6,8,48,0,61,18,0,170,0,136,0,8,18,48,722,0,23,8,0,23,0,2,6,5,71,0,15,31,0,135,0,0,1,18,20,0,582,211,0,28,0,3,238,3,67,0,2,0,0,0,20246,0,1292,0,0,21245,0,5,59,0,2,2,0,0,218,0,0,15,0,2,17,44,59,1,1857,49430,36,68,130,225,128,24491,8207,156,172,159,1331,1286,3,6,6,432,168,1314,0,43,34,190,36826,260,719,1488,0,275,5,16
"EHI01646",14,216,14814,1838,2839,6,162,221,795,3530,77,568,720,2461,138,307,209,2385,547,2517,3,8,167,18921,11724,10571,12772,1908,2766,1086,152,544,2476,2128,10,13776,1204,498,258,48,549,69522,1065,2042,167,121623,6798,48,38840,22875,899,357,2612,5428,52338,2623,1324,76,46,97,2,13,32,15,2,4372,1681,10,289,13843,9,2902,167,86,12114,75658,1,18416,302,2,2,6618,773,7161,81,182,3050,87,0,3028,83,687,17261,2,810,12022,11906,91,0,213,25,37,4,2,0,0,24,8,55,205,0,19,2419,3103,0,1823,1338,17181,2,0,98,346,225,405,98,5,241,731,1154,954,74,6854,4,207,28,658,4658,23,13859,889,19,423,0,13,32,63,318,0,210,112,2,4530,174,51,6,34241,3999,20,48,5209,4,50,7,8,12,4,167,7,0,0,2,6,57931,0,1156,10,10,76673,0,19,2856,7,2,9,2,0,1280,28,1383,18016,0,36,0,0,0,13,99398,30618,4013,168,15,0,0,6777,4106,569,0,992,108,1785,6267,2301,96,288186,11291,9729,25,69,16703,3266,221338,20512,2846,91446,71,289,258,27573
"EHI01095",2,21228,40,107,281,42,60,6483,35,234,74,1,2695,1397,1292,48679,24,90,86,315,408,28,8373,3926,127,1700,6184,989,3172,151,12986,3388,1328,4,298,102,1877,82,13489,34685,74318,2383,5561,2884,109,154,4349,168,425,167,2713,6484,4072,4101,1896,495,1478,0,133,95,136,37,6,53,10314,3951,302,37773,530,191,6,172,5,45,717,4025,0,19,0,108,70,1467,3773,51,333,15166,26,148,764,302,21,457,10,4230,23,59,1557,3415,1,16,45,13,163,0,14,51,5,4,21,496,2,25,1864,344,99,872,42,649,2,2,141,2254,95,112,519,37,23386,2915,14,1615,5,4013,8,1254,456,1923,157,330,109,494,50,2166,89,47,38,145,52,2,52,187,10,16512,10,7,7,183,26,33,15,28,12,43,4,3,85,12,14,0,43,2,8,40,2553,0,2,2,4,3076,10,24,169,27,112,0,26,8,2233,0,72,79,102,56,504,1390,1150,10,272,435,213,977898,6802,2875,251,925,1056,13938,551,5535,971,318,25,2663,6458,2573,38,213,52,6,364,20,6249,102,3706,327,4,719,0,1
"EHI01224",1,3827,18,233,357,59,524,1377,20,577,48,0,612,3148,777,16188,7,207,67,1714,488,6,82781,13606,1381,719,2511,3163,970,139,192542,22788,3554,15,0,832,424,39,1547,143443,75307,396,4107,38442,22,95,1608,1064,7024,1579,153,1049,977,5465,3232,1440,3110,0,11,13,4,8,0,5,4,25181,456,0,1609,2206,48,377,24,25,812,3796,1,3,0,14,123,11055,30602,332,157,963,18,0,923,353,24,67,14,532,41,466,793,3393,3,27,0,5,6,0,31,34,0,22654,178,135,18,41286,3191,191,1029,8539,158,1310,0,4,954,1443,33,30,424,17,10061,916,4,13630,0,27429,4,231,55,2903,291,28,664,775,0,15181,0,30,13,12,65,1,18,31,0,13331,14,6,4,512,28,4,316,1160,4,61,2,19,7,2,15,10,2,0,24,0,7230,0,1,0,0,8164,14,8,445,0,10,17,0,0,15791,0,48,695,195,7,835,716,363,10,1523,111,902,45941,3834,119,1488,11434,11026,35229,1062,46886,1368,546,537,816,1041,2173,38,9272,2,39,1663,3,14840,484,42413,818,8,1177,2,1
"EHI01188",0,13,487,2,96,5,7,25,7,821,3,0,10,137,14,1510,2,331,20,97200,70,0,9965,3976,3,69,1491,150,0,813,9639,32,177,36,2,8,8,38,15,3176,1194,4,166,221,2,2,7,5,111,7,60,23,21,186,3902,146,478,0,9,2,0,0,0,1,0,412,502,0,301,35,0,37,17,0,0,4855,0,638,0,0,24,84,66,0,0,2,23,0,51,9,4,0,2,168,6,4,2,4,0,13,0,0,0,0,2,2,0,0,2,153,0,0,115,4,65,161,234,10,0,0,425,71,1,1,62,0,792,37,2,79,0,224,0,4,0,536,361,6,8,42,0,40,0,2,3,0,98,0,0,4,0,126,7,0,2,2,11,0,38,52,0,38,0,0,0,0,11,24,0,0,0,0,9284,2,340,0,0,10666,0,4,58,0,2,0,0,0,86,0,2,7,3,0,8,24,8,16,155,16258,29,2,663,22,47,3836,1106,2625,30,88,631,522,2,24,518,159,40,190,0,26,9,51,20726,143,246,975,70,2,14,8
"EHI01182",58,90,48,7609,802,112,1301,57,295,534,226,0,8474,87476,15222,490023,23,246,270,623,1882,0,12255,104386,13654,51299,5643,104378,7328,5556,5548,51039,109484,0,133,8540,4639,390,45,106940,284702,3407,61184,92597,29,67,3908,87351,16567,11771,49,3829,6599,18814,8602,8283,2537,0,41,88,12,31,0,98,13,63780,230,0,1252,5715,177,5011,8,18,276,3892,0,6,9,42,476,22866,40465,4056,814,32,21,44,1054,19183,2755,109,134,17767,248,8015,3592,6730,10,41,10,27,29,0,814,330,16,26,11,507,0,25,90773,4868,59,337,3119,28921,16,227,283,26267,69,18,135,866,239114,5428,40,29384,2,95304,6,5160,3,20636,294,2545,9024,16746,68,22538,2,302,36,14,53,0,5,14,6,3388,4322,15,0,13809,71,73,65,2,29,9,8,44,13793,22,2,0,3,0,21,0,7976,0,16,0,20815,8182,52,45,1558,0,29,33,2,0,38863,2,107,9245,278,131,14,25,206,1,30377,1088,6151,166,33,97,14,9942,2184,311246,89,81339,69,16102,3320,6108,77877,1620,72,26998,4,15,7570,21,14496,3071,98837,1027,11,388,0,2
"EHI01152",50,9652,315,7095,1999,0,2799,2053,2123,3832,0,20,263,957,1098,110,47,1151,17903,23041,0,4,16,9234,11044,3939,4223,1038,131,964,47,5449,1163,629,0,10737,11,2511,1931,44,273,11604,3725,19599,94876,17811,1119,5170,82474,19753,15839,4,47,1000,27200,2880,663,3,154,224,4,6,13790,29,2,16512,1147,6,1012,27395,70,6489,403,39,10902,15872,0,107,1972,0,0,7695,6454,4138,27,1428,557,146,4,21877,3019,239,13,4,32814,7694,566,3809,2,98,32,82,6,0,0,3,36,16,33,329,0,22,1352,12554,0,291,887,2015,7,86,257,1527,33,68,81,5,30,943,67,11180,20,2703,10,13,1609,718,1664,4,8932,443,12,3351,2,3,15,12,166,0,44,60,0,755,1031,41,447,47465,588,11,801,33,77,729,17,449,3541,12,54,3,7,4,9,3,18495,0,156,8,4852,23451,0,4,4172,2,5,98,2,0,9089,16,42,10254,0,53,0,0,0,2,434947,5777,9967,1527,38,4,0,5052,1277,91,0,11320,463,4503,5555,26,9,42233,2712,45480,0,128,676345,24853,54202,27903,28081,3330,526,1329,0,13
"EHI01654",18,456,10261,39741,1455,3,2899,241,783,3495,15,85,387,51,12,174,77,1474,1487,1898,2,1587,41,14969,8362,277,7825,73,45,219,64,271,53,5874,0,5438,2,634,277,38,317,3425,137,1295,927,49694,356,623,131634,12500,7349,13,22,228,26432,1847,1667,0,85,399,317,3,158,504,0,4011,2849,2600,2358,40793,38,913,129,39,6164,28160,0,1477,183,3,2,43469,682,1594,14,84,2038,4310,0,1324,304,588,13716,0,35439,3168,199,3784,2,153,87,63,3,4,2,4,19,2,47,286,0,8,364,771,0,5341,990,649,81,22,99,9,1663,2164,3989,8,92,64,1762,4324,5,1364,12,3,420,360,2278,0,4287,19,5,240,0,3,2361,105,332,0,60,7600,31,2680,528,23,11,35269,2506,19,63,588,256,59,4,609,202,336,91,0,0,0,20,8,46782,0,650,2253,7896,50756,1,10,3820,0,0,131,0,2,532,30,1064,5468,0,579,6,0,2,0,412549,20313,2494,1034,0,0,0,1885,3986,152,4,1036,14,1390,3565,6,13,49359,25363,69271,4359,152,776330,2320,126817,3160,1584,7981,33,234327,138,115
"EHI01128",0,422,952,10,103,0,581,334,1858,2989,0,40,0,0,0,0,0,2441,2247,2219,0,4,2,17556,37,0,7460,0,8,0,19,11,0,298,0,20,0,703,226,0,111,0,4,22,20314,474,0,2,188,62,2563,0,8,28,25966,44,1103,15,0,29,0,0,809,0,0,1348,1130,0,60,68,2,2,482,7,24,28731,0,387,2309,0,0,219,2,6,0,87,167,0,0,4,0,0,0,0,115,0,4,14,0,93,0,0,0,0,0,0,0,0,0,16,0,0,4,2,0,12,0,10,0,2,6,0,4,0,4,0,0,3,2,22,11,0,0,0,288,24,2653,0,31,0,0,11,0,3,21,16,197,0,2,7,0,72,2,6,96,8,371,1,5,109,0,10,0,2,0,6,26,78,0,0,0,0,29696,4,426,0,0,38348,0,10,54,0,0,0,0,0,13,1,0,28,0,0,0,0,0,67,152,11634,20,113,2,0,0,61,382,0,0,4,6,907,7,0,2,14713,1048,501,2,571,2321,25043,101705,587,43,6076,8,4317,23,74
"EHI01097",0,55,13539,6,15,0,10,79,2927,1412,0,258,0,0,0,0,0,2214,15,2911,0,8,0,11667,0,0,5634,0,4,2,14,2,0,12,0,2,2,647,109,0,23,24,3,2,72,12,2,10,9,27,661,0,8,12,25605,7,615,65,2,2,0,0,0,0,0,941,622,44,46,0,0,2,565,5,2,24290,0,2349,3064,0,0,8,0,4,0,44,254,0,0,0,0,0,0,0,96,0,3,6,0,13,0,2,0,0,0,0,0,0,0,9,0,0,12,2,0,10,2,4,0,0,5,0,2,6,24,0,2,8,0,12,2,6,0,6,22,53,2003,0,19,0,0,10,0,0,7,8,97,0,3,0,0,81,0,0,6,3,110,173,2,4,1,2,74,4,0,0,311,0,0,0,0,0,21730,0,13,0,0,27152,0,4,5,0,0,2,0,0,4,31,0,2,0,0,0,0,0,2,6,499,4,97,0,0,0,2,14,0,0,6,2,596,0,2,0,1744,62,16,4,29,2183,43038,108751,445,8,3916,0,284,4,10608
"EHI01220",0,190,31,0,67,8,7,114,9,700,0,0,16,141,12,1461,4,325,4,402,12,6,828,3207,6,22,1528,133,203,47,461,201,118,12,2,12,69,24,98,503,1049,10,104,466,2,162,50,8,72,12,94,48,183,1036,3687,36,562,0,1,2,3,0,0,123,10,659,968,56,224,30,0,12,17,9,41,4575,0,1,0,4,0,159,213,6,8,64,12,34,22,4,0,2,12,100,17,0,28,0,2,33,16,0,5,0,11,10,2,12,2,844,0,32,138,4,3,1291,15,18,0,0,6,16,205,404,2281,7,854,61,7,166,0,1003,0,10,37,152,346,4,9,27,0,89,0,0,19,1,254,0,2,1439,0,1413,0,0,3,12,12,6,38,32,2,4,0,0,0,0,20,0,2,0,2,2,9336,0,2,14,2,9895,4,0,33,0,0,4,0,0,268,0,17,17,4,0,470,171,156,4,62,112,13,969,5430,82,555,41,52,1253,2070,348,197,268,0,147,112,609,74,48,0,26,160,4,18573,69,536,1078,0,87,0,0
