"genome"	"domain"	"phylum"	"class"	"order"	"family"	"genus"	"species"	"completeness"	"contamination"	"mag_size"
"153"	"EHA01589_bin.14"	"d__Bacteria"	"p__Bacillota"	"c__Bacilli"	"o__Erysipelotrichales"	"f__Erysipelotrichaceae"	"g__Faecalicoccus"	"s__Faecalicoccus sp900546545"	86.79	1.266	1865859
"165"	"EHA01589_bin.17"	"d__Bacteria"	"p__Pseudomonadota"	"c__Gammaproteobacteria"	"o__Enterobacterales"	"f__Enterobacteriaceae"	"g__Escherichia"	"s__Escherichia coli"	99.62	0.104	4669122
"91"	"EHA01589_bin.2"	"d__Bacteria"	"p__Campylobacterota"	"c__Campylobacteria"	"o__Campylobacterales"	"f__Campylobacteraceae"	"g__Campylobacter_D"	"s__"	97.23	1.102	1716490
"151"	"EHA01589_bin.9"	"d__Bacteria"	"p__Bacillota_A"	"c__Clostridia"	"o__Peptostreptococcales"	"f__Peptostreptococcaceae"	"g__Peptostreptococcus"	"s__Peptostreptococcus russellii_A"	99.3	0	2014505
"164"	"EHA01595_bin.11"	"d__Bacteria"	"p__Bacillota_A"	"c__Clostridia"	"o__Clostridiales"	"f__Clostridiaceae"	"g__Clostridium"	"s__Clostridium paraputrificum"	99.19	1.612	3725538
"32"	"EHA01595_bin.1"	"d__Bacteria"	"p__Bacteroidota"	"c__Bacteroidia"	"o__Bacteroidales"	"f__Bacteroidaceae"	"g__Phocaeicola"	"s__Phocaeicola vulgatus"	95.46	1.503	4255551
"222"	"EHA01595_bin.2"	"d__Bacteria"	"p__Fusobacteriota"	"c__Fusobacteriia"	"o__Fusobacteriales"	"f__Fusobacteriaceae"	"g__Fusobacterium_A"	"s__"	100	3.37	2316780
"218"	"EHA01595_bin.5"	"d__Bacteria"	"p__Pseudomonadota"	"c__Gammaproteobacteria"	"o__Enterobacterales"	"f__Enterobacteriaceae"	"g__Escherichia"	"s__Escherichia coli"	52.91	0.338	2174755
"145"	"EHA01595_bin.6"	"d__Bacteria"	"p__Campylobacterota"	"c__Campylobacteria"	"o__Campylobacterales"	"f__Helicobacteraceae"	"g__Helicobacter_D"	"s__"	99.64	0.353	1613761
"225"	"EHA01595_bin.7"	"d__Bacteria"	"p__Bacillota_A"	"c__Clostridia"	"o__Peptostreptococcales"	"f__Peptostreptococcaceae"	"g__GCA-900066495"	"s__"	84	6.572	1665645
"89"	"EHA01595_bin.8"	"d__Bacteria"	"p__Bacteroidota"	"c__Bacteroidia"	"o__Bacteroidales"	"f__Bacteroidaceae"	"g__Bacteroides"	"s__Bacteroides fragilis"	99.25	0	5020724
"48"	"EHA01595_bin.9"	"d__Bacteria"	"p__Campylobacterota"	"c__Campylobacteria"	"o__Campylobacterales"	"f__Helicobacteraceae"	"g__"	"s__"	97.06	0.997	1635587
"81"	"EHA01598_bin.13"	"d__Bacteria"	"p__Bacillota_A"	"c__Clostridia"	"o__Peptostreptococcales"	"f__Filifactoraceae"	"g__"	"s__"	52.5	0	1062340
"2"	"EHA01598_bin.2"	"d__Bacteria"	"p__Bacillota"	"c__Bacilli"	"o__Erysipelotrichales"	"f__Erysipelotrichaceae"	"g__Bulleidia"	"s__"	94.28	2	1402507
"194"	"EHA01598_bin.4"	"d__Bacteria"	"p__Bacillota_C"	"c__Negativicutes"	"o__Acidaminococcales"	"f__Acidaminococcaceae"	"g__"	"s__"	53.53	1.102	859429
"136"	"EHA01598_bin.9"	"d__Bacteria"	"p__Bacteroidota"	"c__Bacteroidia"	"o__Bacteroidales"	"f__Bacteroidaceae"	"g__"	"s__"	90.66	1.303	2345063
"95"	"EHA01634_bin.19"	"d__Bacteria"	"p__Bacillota_A"	"c__Clostridia"	"o__Clostridiales"	"f__Clostridiaceae"	"g__Clostridium"	"s__Clostridium tertium"	95.65	1.148	3520802
"41"	"EHA01634_bin.28"	"d__Bacteria"	"p__Bacillota_A"	"c__Clostridia"	"o__Oscillospirales"	"f__Ruminococcaceae"	"g__Anaerotruncus"	"s__"	93.28	0.938	1876391
"106"	"EHA01634_bin.3"	"d__Bacteria"	"p__Bacillota_A"	"c__Clostridia"	"o__Clostridiales"	"f__Clostridiaceae"	"g__Clostridium_J"	"s__"	93.63	0	2482936
"58"	"EHA01634_bin.46"	"d__Bacteria"	"p__Bacillota"	"c__Bacilli"	"o__Lactobacillales"	"f__Catellicoccaceae"	"g__Catellicoccus"	"s__Catellicoccus marimammalium"	98.34	0.736	1245718
"105"	"EHA01634_bin.6"	"d__Bacteria"	"p__Bacteroidota"	"c__Bacteroidia"	"o__Bacteroidales"	"f__Bacteroidaceae"	"g__Bacteroides"	"s__Bacteroides stercoris"	97.58	0.464	3590997
"26"	"EHA01634_bin.9"	"d__Bacteria"	"p__Pseudomonadota"	"c__Gammaproteobacteria"	"o__Enterobacterales"	"f__Enterobacteriaceae"	"g__Plesiomonas"	"s__Plesiomonas shigelloides"	90.6	2.589	2746158
"67"	"EHA01666_bin.11"	"d__Bacteria"	"p__Bacteroidota"	"c__Bacteroidia"	"o__Bacteroidales"	"f__Bacteroidaceae"	"g__Alloprevotella"	"s__"	98.65	0.374	2276711
"57"	"EHA01666_bin.15"	"d__Bacteria"	"p__Bacteroidota"	"c__Bacteroidia"	"o__Bacteroidales"	"f__Porphyromonadaceae"	"g__Porphyromonas"	"s__"	99.92	0	2602434
"224"	"EHA01666_bin.16"	"d__Bacteria"	"p__Bacillota_A"	"c__Clostridia"	"o__Peptostreptococcales"	"f__Peptostreptococcaceae"	"g__Peptostreptococcus"	"s__"	68.1	2.923	1198117
"65"	"EHA01666_bin.21"	"d__Bacteria"	"p__Bacillota"	"c__Bacilli"	"o__Erysipelotrichales"	"f__Erysipelotrichaceae"	"g__Bulleidia"	"s__"	95.66	1.068	1515236
"140"	"EHA01666_bin.24"	"d__Bacteria"	"p__Bacillota_A"	"c__Clostridia"	"o__Peptostreptococcales"	"f__Filifactoraceae"	"g__"	"s__"	57.21	0	1710717
"76"	"EHA01666_bin.26"	"d__Bacteria"	"p__Bacillota"	"c__Bacilli"	"o__Erysipelotrichales"	"f__Erysipelotrichaceae"	"g__Bulleidia"	"s__"	87.61	0.136	1181433
"45"	"EHA01666_bin.8"	"d__Bacteria"	"p__Bacillota_A"	"c__Clostridia"	"o__Peptostreptococcales"	"f__Filifactoraceae"	"g__"	"s__"	81.43	8.027	1842423
"152"	"EHA01709_bin.1"	"d__Bacteria"	"p__Bacillota_A"	"c__Clostridia"	"o__Clostridiales"	"f__Clostridiaceae"	"g__Clostridium_H"	"s__Clostridium_H massiliodielmoense"	87.45	6.479	2275212
"54"	"EHA01709_bin.31"	"d__Bacteria"	"p__Bacteroidota"	"c__Bacteroidia"	"o__Bacteroidales"	"f__Bacteroidaceae"	"g__Prevotella"	"s__"	98.41	0.694	2419316
"143"	"EHA01709_bin.35"	"d__Bacteria"	"p__Fusobacteriota"	"c__Fusobacteriia"	"o__Fusobacteriales"	"f__Fusobacteriaceae"	"g__Fusobacterium_A"	"s__"	57.36	1.724	1567091
"70"	"EHA01709_bin.43"	"d__Bacteria"	"p__Bacillota"	"c__Bacilli"	"o__Erysipelotrichales"	"f__Erysipelotrichaceae"	"g__Bulleidia"	"s__"	91.66	3.183	1597129
"12"	"EHA01709_bin.44"	"d__Bacteria"	"p__Campylobacterota"	"c__Campylobacteria"	"o__Campylobacterales"	"f__Campylobacteraceae"	"g__Campylobacter_D"	"s__Campylobacter_D volucris"	74.74	8.693	1084458
"180"	"EHA01709_bin.60"	"d__Bacteria"	"p__Bacteroidota"	"c__Bacteroidia"	"o__Bacteroidales"	"f__Bacteroidaceae"	"g__Phocaeicola"	"s__Phocaeicola coprophilus"	92.73	1.069	3140143
"128"	"EHA01709_bin.62"	"d__Bacteria"	"p__Bacillota_A"	"c__Clostridia"	"o__Peptostreptococcales"	"f__Peptostreptococcaceae"	"g__Peptostreptococcus"	"s__"	77.38	4.487	1623513
"121"	"EHA01709_bin.65"	"d__Bacteria"	"p__Bacillota_A"	"c__Clostridia"	"o__Peptostreptococcales"	"f__Filifactoraceae"	"g__"	"s__"	50.86	3.448	1138975
"3"	"EHA01709_bin.77"	"d__Bacteria"	"p__Bacillota_A"	"c__Clostridia"	"o__Clostridiales"	"f__Clostridiaceae"	"g__Clostridium"	"s__"	75.87	4.17	4212517
"104"	"EHA02611_bin.11"	"d__Bacteria"	"p__Pseudomonadota"	"c__Gammaproteobacteria"	"o__Enterobacterales"	"f__Enterobacteriaceae"	"g__Escherichia"	"s__Escherichia coli"	90.39	1.21	3704706
"122"	"EHA02611_bin.15"	"d__Bacteria"	"p__Bacteroidota"	"c__Bacteroidia"	"o__Bacteroidales"	"f__Porphyromonadaceae"	"g__Porphyromonas"	"s__"	99.86	0.26	2660349
"123"	"EHA02611_bin.16"	"d__Bacteria"	"p__Bacteroidota"	"c__Bacteroidia"	"o__Bacteroidales"	"f__Bacteroidaceae"	"g__Alloprevotella"	"s__"	98.92	0.11	2284639
"201"	"EHA02611_bin.22"	"d__Bacteria"	"p__Bacillota_A"	"c__Clostridia"	"o__Tissierellales"	"f__Peptoniphilaceae"	"g__Anaerosphaera"	"s__"	98.77	0.24	1354865
"214"	"EHA02611_bin.24"	"d__Bacteria"	"p__Bacillota_C"	"c__Negativicutes"	"o__Acidaminococcales"	"f__Acidaminococcaceae"	"g__"	"s__"	99.99	0.09	1323819
"127"	"EHA02611_bin.28"	"d__Bacteria"	"p__Fusobacteriota"	"c__Fusobacteriia"	"o__Fusobacteriales"	"f__Fusobacteriaceae"	"g__Fusobacterium_A"	"s__Fusobacterium_A sp018205345"	99.98	0.02	1516220
"77"	"EHA02611_bin.31"	"d__Bacteria"	"p__Bacillota_A"	"c__Clostridia"	"o__Lachnospirales"	"f__Cellulosilyticaceae"	"g__Zhenhengia"	"s__"	98.27	0.15	1629418
"28"	"EHA02611_bin.32"	"d__Bacteria"	"p__Bacillota_A"	"c__Clostridia"	"o__Clostridiales"	"f__Clostridiaceae"	"g__Sarcina"	"s__"	94.44	0.48	2196345
"219"	"EHA02611_bin.33"	"d__Bacteria"	"p__Fusobacteriota"	"c__Fusobacteriia"	"o__Fusobacteriales"	"f__Fusobacteriaceae"	"g__Fusobacterium_A"	"s__"	93.86	2.1	2591257
"80"	"EHA02611_bin.34"	"d__Bacteria"	"p__Fusobacteriota"	"c__Fusobacteriia"	"o__Fusobacteriales"	"f__Fusobacteriaceae"	"g__Fusobacterium_A"	"s__"	82.12	2.33	1533764
"23"	"EHA02611_bin.37"	"d__Bacteria"	"p__Bacillota_A"	"c__Clostridia"	"o__Peptostreptococcales"	"f__Peptostreptococcaceae"	"g__Peptostreptococcus"	"s__"	100	1.22	1890629
"204"	"EHA02611_bin.39"	"d__Bacteria"	"p__Bacillota_A"	"c__Clostridia"	"o__Peptostreptococcales"	"f__Peptostreptococcaceae"	"g__Peptostreptococcus"	"s__"	80.41	1.53	1153524
"119"	"EHA02611_bin.44"	"d__Bacteria"	"p__Bacillota_A"	"c__Clostridia"	"o__Peptostreptococcales"	"f__Peptostreptococcaceae"	"g__GCA-900066495"	"s__"	99.99	1.43	2023690
"131"	"EHA02611_bin.48"	"d__Bacteria"	"p__Bacillota_A"	"c__Clostridia"	"o__Peptostreptococcales"	"f__Filifactoraceae"	"g__"	"s__"	79.22	2.99	1820152
"55"	"EHA02611_bin.49"	"d__Bacteria"	"p__Bacillota_A"	"c__Clostridia"	"o__Peptostreptococcales"	"f__Filifactoraceae"	"g__"	"s__"	67.82	2.34	1665419
"189"	"EHA02611_bin.53"	"d__Bacteria"	"p__Bacillota_A"	"c__Clostridia"	"o__Lachnospirales"	"f__Lachnospiraceae"	"g__"	"s__"	66.03	5.64	1116267
"20"	"EHA02611_bin.54"	"d__Bacteria"	"p__Bacillota_A"	"c__Clostridia"	"o__Lachnospirales"	"f__Lachnospiraceae"	"g__UBA9414"	"s__"	50.93	4.24	1854508
"50"	"EHA02611_bin.59"	"d__Bacteria"	"p__Bacillota_A"	"c__Clostridia"	"o__Clostridiales"	"f__Clostridiaceae"	"g__Clostridium_H"	"s__"	50.18	1.55	1265860
"29"	"EHA02611_bin.9"	"d__Bacteria"	"p__Pseudomonadota"	"c__Gammaproteobacteria"	"o__Pseudomonadales"	"f__Moraxellaceae"	"g__"	"s__"	83.35	1.55	1651380
"167"	"EHA02637_bin.10"	"d__Bacteria"	"p__Campylobacterota"	"c__Campylobacteria"	"o__Campylobacterales"	"f__Helicobacteraceae"	"g__"	"s__"	90.49	2.12	1407615
"178"	"EHA02637_bin.13"	"d__Bacteria"	"p__Bacillota_A"	"c__Clostridia"	"o__Oscillospirales"	"f__Ruminococcaceae"	"g__Gemmiger"	"s__"	99.91	0.27	2939468
"197"	"EHA02637_bin.16"	"d__Bacteria"	"p__Bacillota_A"	"c__Clostridia"	"o__Lachnospirales"	"f__Anaerotignaceae"	"g__Anaerotignum"	"s__Anaerotignum sp001304995"	99.68	0.02	2579061
"53"	"EHA02637_bin.18"	"d__Bacteria"	"p__Pseudomonadota"	"c__Gammaproteobacteria"	"o__Enterobacterales"	"f__Enterobacteriaceae"	"g__Edwardsiella"	"s__Edwardsiella tarda"	99.98	0.29	3434725
"36"	"EHA02637_bin.35"	"d__Bacteria"	"p__Bacillota_A"	"c__Clostridia"	"o__Lachnospirales"	"f__Lachnospiraceae"	"g__Enterocloster"	"s__Enterocloster clostridioformis_A"	99.72	0.97	5006847
"9"	"EHA02637_bin.37"	"d__Bacteria"	"p__Bacillota_A"	"c__Clostridia"	"o__Lachnospirales"	"f__Cellulosilyticaceae"	"g__Zhenhengia"	"s__"	98.58	1.47	3690239
"125"	"EHA02637_bin.44"	"d__Bacteria"	"p__Bacillota"	"c__Bacilli"	"o__Lactobacillales"	"f__Lactobacillaceae"	"g__Lactobacillus"	"s__Lactobacillus johnsonii"	93.09	0.47	1608628
"215"	"EHA02637_bin.50"	"d__Bacteria"	"p__Bacteroidota"	"c__Bacteroidia"	"o__Bacteroidales"	"f__Bacteroidaceae"	"g__Prevotella"	"s__Prevotella sp002353825"	98.12	1.42	1992756
"60"	"EHA02637_bin.51"	"d__Bacteria"	"p__Fusobacteriota"	"c__Fusobacteriia"	"o__Fusobacteriales"	"f__Fusobacteriaceae"	"g__Fusobacterium_A"	"s__Fusobacterium_A sp018205345"	97.23	3.29	4252426
"34"	"EHA02637_bin.61"	"d__Bacteria"	"p__Bacillota_A"	"c__Clostridia"	"o__Oscillospirales"	"f__Oscillospiraceae"	"g__Flavonifractor"	"s__Flavonifractor plautii"	72.5	1.19	1517629
"206"	"EHA02637_bin.63"	"d__Bacteria"	"p__Bacillota"	"c__Bacilli"	"o__Lactobacillales"	"f__Streptococcaceae"	"g__Lactococcus"	"s__Lactococcus lactis"	100	0.14	2032098
"16"	"EHA02637_bin.64"	"d__Bacteria"	"p__Bacillota_A"	"c__Clostridia"	"o__Clostridiales"	"f__Clostridiaceae"	"g__Hathewaya"	"s__Hathewaya sp003288255"	100	0.13	2318333
"202"	"EHA02637_bin.67"	"d__Bacteria"	"p__Bacillota_A"	"c__Clostridia"	"o__Peptostreptococcales"	"f__Peptostreptococcaceae"	"g__Peptostreptococcus"	"s__"	99.78	0.87	1571106
"168"	"EHA02637_bin.70"	"d__Bacteria"	"p__Fusobacteriota"	"c__Fusobacteriia"	"o__Fusobacteriales"	"f__Fusobacteriaceae"	"g__Fusobacterium_A"	"s__Fusobacterium_A sp900555845"	77.23	2.24	2608093
"155"	"EHA02637_bin.73"	"d__Bacteria"	"p__Bacillota_A"	"c__Clostridia"	"o__Peptostreptococcales"	"f__Anaerovoracaceae"	"g__"	"s__"	74.21	0.74	1076801
"78"	"EHA02637_bin.75"	"d__Bacteria"	"p__Campylobacterota"	"c__Campylobacteria"	"o__Campylobacterales"	"f__Helicobacteraceae"	"g__Helicobacter_D"	"s__"	74.98	1.08	656342
"134"	"EHA02637_bin.78"	"d__Bacteria"	"p__Bacillota_A"	"c__Clostridia"	"o__Clostridiales"	"f__Clostridiaceae"	"g__Clostridium"	"s__Clostridium sp015667795"	85.31	1.44	1852834
"69"	"EHA02637_bin.7"	"d__Bacteria"	"p__Bacillota_A"	"c__Clostridia"	"o__Clostridiales"	"f__Clostridiaceae"	"g__Sarcina"	"s__Sarcina perfringens"	90.3	0	1999736
"177"	"EHA02637_bin.80"	"d__Bacteria"	"p__Pseudomonadota"	"c__Gammaproteobacteria"	"o__Enterobacterales"	"f__Enterobacteriaceae"	"g__Escherichia"	"s__Escherichia marmotae"	99.95	0.09	1455777
"74"	"EHA02637_bin.82"	"d__Bacteria"	"p__Pseudomonadota"	"c__Gammaproteobacteria"	"o__Burkholderiales"	"f__Burkholderiaceae_A"	"g__Parasutterella"	"s__Parasutterella excrementihominis"	56.48	0.74	3185561
"228"	"EHA03085_bin.10"	"d__Bacteria"	"p__Campylobacterota"	"c__Campylobacteria"	"o__Campylobacterales"	"f__Campylobacteraceae"	"g__Campylobacter_D"	"s__"	99.56	0.01	1612933
"109"	"EHA03085_bin.13"	"d__Bacteria"	"p__Campylobacterota"	"c__Campylobacteria"	"o__Campylobacterales"	"f__Helicobacteraceae"	"g__Helicobacter_D"	"s__"	85.88	2.08	1395988
"4"	"EHA03085_bin.15"	"d__Bacteria"	"p__Bacteroidota"	"c__Bacteroidia"	"o__Bacteroidales"	"f__Bacteroidaceae"	"g__Bacteroides"	"s__Bacteroides uniformis"	79.13	1.25	3238644
"227"	"EHA03085_bin.16"	"d__Bacteria"	"p__Bacteroidota"	"c__Bacteroidia"	"o__Bacteroidales"	"f__Bacteroidaceae"	"g__Bacteroides"	"s__Bacteroides nordii"	87.59	1.24	5140684
"35"	"EHA03085_bin.25"	"d__Bacteria"	"p__Fusobacteriota"	"c__Fusobacteriia"	"o__Fusobacteriales"	"f__Fusobacteriaceae"	"g__Fusobacterium_A"	"s__Fusobacterium_A sp018205345"	70.73	8.2	1364662
"112"	"EHA03085_bin.26"	"d__Bacteria"	"p__Fusobacteriota"	"c__Fusobacteriia"	"o__Fusobacteriales"	"f__Fusobacteriaceae"	"g__Fusobacterium_A"	"s__"	60.98	8.74	2143311
"117"	"EHA03085_bin.28"	"d__Bacteria"	"p__Bacillota_A"	"c__Clostridia"	"o__Peptostreptococcales"	"f__Peptostreptococcaceae"	"g__Peptostreptococcus"	"s__"	51.24	3.58	833562
"5"	"EHA03085_bin.2"	"d__Bacteria"	"p__Pseudomonadota"	"c__Gammaproteobacteria"	"o__Burkholderiales"	"f__Burkholderiaceae_A"	"g__Parasutterella"	"s__Parasutterella sp900766055"	99.99	0.87	2733717
"169"	"EHA03085_bin.3"	"d__Bacteria"	"p__Pseudomonadota"	"c__Gammaproteobacteria"	"o__Enterobacterales"	"f__Enterobacteriaceae"	"g__Escherichia"	"s__Escherichia coli"	83.73	2.91	3813447
"6"	"EHA03085_bin.5"	"d__Bacteria"	"p__Campylobacterota"	"c__Campylobacteria"	"o__Campylobacterales"	"f__Campylobacteraceae"	"g__Campylobacter_D"	"s__"	100	0.08	1521764
"100"	"EHA03128_bin.11"	"d__Bacteria"	"p__Bacillota"	"c__Bacilli"	"o__Lactobacillales"	"f__Streptococcaceae"	"g__Streptococcus"	"s__Streptococcus gallolyticus"	99.96	0.72	2054746
"207"	"EHA03128_bin.12"	"d__Bacteria"	"p__Bacteroidota"	"c__Bacteroidia"	"o__Bacteroidales"	"f__Bacteroidaceae"	"g__Prevotella"	"s__"	53.74	9.99	1585039
"44"	"EHA03128_bin.14"	"d__Bacteria"	"p__Bacillota_A"	"c__Clostridia"	"o__Peptostreptococcales"	"f__Anaerovoracaceae"	"g__"	"s__"	82.49	3.16	1472062
"59"	"EHA03128_bin.18"	"d__Bacteria"	"p__Actinomycetota"	"c__Coriobacteriia"	"o__Coriobacteriales"	"f__Atopobiaceae"	"g__RGIG4373"	"s__"	96.12	4.72	1239373
"85"	"EHA03128_bin.27"	"d__Bacteria"	"p__Bacillota_A"	"c__Clostridia"	"o__Peptostreptococcales"	"f__Filifactoraceae"	"g__"	"s__"	94.73	0.29	1503403
"93"	"EHA03128_bin.28"	"d__Bacteria"	"p__Bacillota_A"	"c__Clostridia"	"o__Clostridiales"	"f__Clostridiaceae"	"g__Clostridium_F"	"s__"	77.85	0.75	2211905
"79"	"EHA03128_bin.2"	"d__Bacteria"	"p__Bacteroidota"	"c__Bacteroidia"	"o__Bacteroidales"	"f__UBA932"	"g__Cryptobacteroides"	"s__"	88.98	3.76	1720855
"56"	"EHA03128_bin.34"	"d__Bacteria"	"p__Bacillota_A"	"c__Clostridia"	"o__TANB77"	"f__CAG-508"	"g__CAG-793"	"s__"	61.56	9.38	648195
"116"	"EHA03128_bin.35"	"d__Bacteria"	"p__Bacillota_A"	"c__Clostridia"	"o__Peptostreptococcales"	"f__Peptostreptococcaceae"	"g__Peptostreptococcus"	"s__"	70.27	3.2	1523403
"52"	"EHA03128_bin.7"	"d__Bacteria"	"p__Bacillota_A"	"c__Clostridia"	"o__Lachnospirales"	"f__Lachnospiraceae"	"g__"	"s__"	91.01	1.76	1920443
"126"	"EHA03128_bin.9"	"d__Bacteria"	"p__Fusobacteriota"	"c__Fusobacteriia"	"o__Fusobacteriales"	"f__Fusobacteriaceae"	"g__Fusobacterium_A"	"s__"	68.76	3.14	1428831
"209"	"EHA03130_bin.11"	"d__Bacteria"	"p__Bacillota_A"	"c__Clostridia"	"o__Tissierellales"	"f__Tissierellaceae"	"g__"	"s__"	90.43	0.03	1449622
"199"	"EHA03130_bin.12"	"d__Bacteria"	"p__Bacillota_A"	"c__Clostridia"	"o__Tissierellales"	"f__"	"g__"	"s__"	86.39	1.04	1214359
"226"	"EHA03130_bin.13"	"d__Bacteria"	"p__Bacillota_A"	"c__Clostridia"	"o__Tissierellales"	"f__Tepidimicrobiaceae"	"g__"	"s__"	68.74	0.78	1682530
"213"	"EHA03130_bin.14"	"d__Bacteria"	"p__Bacillota_A"	"c__Clostridia"	"o__Tissierellales"	"f__Tepidimicrobiaceae"	"g__"	"s__"	91.86	2.97	2054510
"179"	"EHA03130_bin.2"	"d__Bacteria"	"p__Pseudomonadota"	"c__Gammaproteobacteria"	"o__Cardiobacteriales"	"f__Wohlfahrtiimonadaceae"	"g__"	"s__"	61.9	6.91	1407550
"120"	"EHA03130_bin.3"	"d__Bacteria"	"p__Bacillota_A"	"c__Clostridia"	"o__Tissierellales"	"f__Tissierellaceae"	"g__"	"s__"	79.02	2.05	1252392
"181"	"EHA03130_bin.4"	"d__Bacteria"	"p__Bacteroidota"	"c__Bacteroidia"	"o__Bacteroidales"	"f__Bacteroidaceae"	"g__Bacteroides_E"	"s__"	99.12	0.04	2434284
"147"	"EHA03130_bin.5"	"d__Bacteria"	"p__Bacteroidota"	"c__Bacteroidia"	"o__Bacteroidales"	"f__Bacteroidaceae"	"g__Bacteroides_E"	"s__"	99.64	0.7	2574702
"192"	"EHA03130_bin.6"	"d__Bacteria"	"p__Bacillota_A"	"c__Clostridia"	"o__Tissierellales"	"f__Tissierellaceae"	"g__"	"s__"	80.39	0.03	1220604
"90"	"EHA03130_bin.7"	"d__Bacteria"	"p__Bacillota"	"c__Bacilli"	"o__Lactobacillales"	"f__Lactobacillaceae"	"g__Ligilactobacillus"	"s__"	67.35	0.44	1130998
"13"	"EHA03130_bin.9"	"d__Bacteria"	"p__Bacillota_A"	"c__Clostridia"	"o__Tissierellales"	"f__Tissierellaceae"	"g__"	"s__"	59.32	1.01	1195280
"158"	"EHA03138_bin.10"	"d__Bacteria"	"p__Bacteroidota"	"c__Bacteroidia"	"o__Bacteroidales"	"f__Bacteroidaceae"	"g__Bacteroides_E"	"s__"	97.5	0.44	2593657
"73"	"EHA03138_bin.11"	"d__Bacteria"	"p__Bacillota"	"c__Bacilli"	"o__Mycoplasmatales"	"f__Mycoplasmoidaceae"	"g__Ureaplasma"	"s__"	74.22	1.92	623639
"159"	"EHA03138_bin.14"	"d__Bacteria"	"p__Bacillota"	"c__Bacilli"	"o__Lactobacillales"	"f__Lactobacillaceae"	"g__Ligilactobacillus"	"s__"	93.18	0.42	1441003
"1"	"EHA03138_bin.16"	"d__Bacteria"	"p__Bacillota"	"c__Bacilli"	"o__Erysipelotrichales"	"f__Erysipelotrichaceae"	"g__Bulleidia"	"s__"	89.62	3.55	1452671
"113"	"EHA03138_bin.17"	"d__Bacteria"	"p__Bacillota_A"	"c__Clostridia"	"o__Lachnospirales"	"f__Lachnospiraceae"	"g__UBA9414"	"s__"	98.14	0.67	2010942
"160"	"EHA03138_bin.20"	"d__Bacteria"	"p__Bacteroidota"	"c__Bacteroidia"	"o__Bacteroidales"	"f__Bacteroidaceae"	"g__Prevotella"	"s__"	82.28	1.81	1934021
"62"	"EHA03138_bin.21"	"d__Bacteria"	"p__Bacillota_A"	"c__Clostridia"	"o__Clostridiales"	"f__Clostridiaceae"	"g__Clostridium_H"	"s__Clostridium_H haemolyticum"	74.29	0.1	1819711
"200"	"EHA03138_bin.22"	"d__Bacteria"	"p__Bacillota_A"	"c__Clostridia"	"o__Clostridiales"	"f__Clostridiaceae"	"g__Clostridium_H"	"s__Clostridium_H massiliodielmoense"	86.15	0.8	2357334
"72"	"EHA03138_bin.25"	"d__Bacteria"	"p__Bacillota_C"	"c__Negativicutes"	"o__Veillonellales"	"f__Veillonellaceae"	"g__"	"s__"	98.29	0.03	1235128
"220"	"EHA03138_bin.27"	"d__Bacteria"	"p__Bacillota_A"	"c__Clostridia"	"o__Tissierellales"	"f__"	"g__"	"s__"	55.09	3.74	849286
"98"	"EHA03138_bin.28"	"d__Bacteria"	"p__Bacillota_A"	"c__Clostridia"	"o__Tissierellales"	"f__Tissierellaceae_A"	"g__"	"s__"	67.73	0.76	1308070
"142"	"EHA03138_bin.29"	"d__Bacteria"	"p__Bacillota"	"c__Bacilli"	"o__Lactobacillales"	"f__Lactobacillaceae"	"g__F6-6636"	"s__"	96.72	0.01	946213
"71"	"EHA03138_bin.31"	"d__Bacteria"	"p__Bacillota_C"	"c__Negativicutes"	"o__Acidaminococcales"	"f__Acidaminococcaceae"	"g__"	"s__"	78.4	0.23	1313437
"14"	"EHA03138_bin.32"	"d__Bacteria"	"p__Bacillota_A"	"c__Clostridia"	"o__Peptostreptococcales"	"f__Peptostreptococcaceae"	"g__Paraclostridium"	"s__Paraclostridium sordellii"	86.44	8.77	1508472
"8"	"EHA03138_bin.33"	"d__Bacteria"	"p__Bacillota_A"	"c__Clostridia"	"o__Clostridiales"	"f__Clostridiaceae"	"g__Clostridium"	"s__"	67.11	8.65	2821329
"183"	"EHA03138_bin.36"	"d__Bacteria"	"p__Bacillota_A"	"c__Clostridia"	"o__Clostridiales"	"f__Clostridiaceae"	"g__Clostridium"	"s__Clostridium septicum"	93.93	0.3	3135374
"216"	"EHA03138_bin.37"	"d__Bacteria"	"p__Bacillota_A"	"c__Clostridia"	"o__Clostridiales"	"f__Clostridiaceae"	"g__Clostridium_G"	"s__"	83.95	0.53	2389823
"102"	"EHA03138_bin.41"	"d__Bacteria"	"p__Bacteroidota"	"c__Bacteroidia"	"o__Bacteroidales"	"f__Bacteroidaceae"	"g__"	"s__"	76.62	5.55	1859744
"75"	"EHA03138_bin.42"	"d__Bacteria"	"p__Bacteroidota"	"c__Bacteroidia"	"o__Bacteroidales"	"f__Bacteroidaceae"	"g__Prevotella"	"s__"	55.34	9.53	1951735
"144"	"EHA03138_bin.45"	"d__Bacteria"	"p__Bacillota_A"	"c__Clostridia"	"o__Clostridiales"	"f__Clostridiaceae"	"g__Clostridium"	"s__"	67.45	0.72	2155014
"47"	"EHA03138_bin.47"	"d__Bacteria"	"p__Fusobacteriota"	"c__Fusobacteriia"	"o__Fusobacteriales"	"f__Fusobacteriaceae"	"g__Fusobacterium_A"	"s__Fusobacterium_A sp018205345"	59.57	3.13	1246497
"39"	"EHA03138_bin.48"	"d__Bacteria"	"p__Bacillota_A"	"c__Clostridia"	"o__Tissierellales"	"f__Tissierellaceae"	"g__"	"s__"	50.63	9.31	846384
"161"	"EHA03138_bin.4"	"d__Bacteria"	"p__Pseudomonadota"	"c__Gammaproteobacteria"	"o__Burkholderiales"	"f__Burkholderiaceae_A"	"g__Sutterella"	"s__Sutterella sp905215795"	97.48	0.54	1644618
"38"	"EHA03138_bin.50"	"d__Bacteria"	"p__Bacillota_A"	"c__Clostridia"	"o__Tissierellales"	"f__"	"g__"	"s__"	52.52	7.26	1102174
"49"	"EHA03138_bin.52"	"d__Bacteria"	"p__Bacillota_A"	"c__Clostridia"	"o__Peptostreptococcales"	"f__Filifactoraceae"	"g__"	"s__"	79.66	3.79	2066147
"92"	"EHA03138_bin.5"	"d__Bacteria"	"p__Bacillota_A"	"c__Clostridia"	"o__Peptostreptococcales"	"f__Peptostreptococcaceae"	"g__GCA-900066495"	"s__"	76.21	5.34	1368943
"68"	"EHA03138_bin.60"	"d__Bacteria"	"p__Bacteroidota"	"c__Bacteroidia"	"o__Bacteroidales"	"f__Bacteroidaceae"	"g__Prevotella"	"s__"	63.44	7.85	2161898
"61"	"EHA03138_bin.63"	"d__Bacteria"	"p__Bacillota"	"c__Bacilli"	"o__Bacillales"	"f__Planococcaceae"	"g__Savagea"	"s__"	51.26	4.21	1525783
"107"	"EHA03138_bin.64"	"d__Bacteria"	"p__Bacillota_A"	"c__Clostridia"	"o__Peptostreptococcales"	"f__Filifactoraceae"	"g__"	"s__"	50.04	0.05	800077
"138"	"EHA03138_bin.66"	"d__Bacteria"	"p__Bacillota_A"	"c__Clostridia"	"o__Peptostreptococcales"	"f__Peptostreptococcaceae"	"g__Peptostreptococcus"	"s__"	71.51	6.3	1720730
"156"	"EHA03138_bin.70"	"d__Bacteria"	"p__Bacillota"	"c__Bacilli"	"o__Erysipelotrichales"	"f__Erysipelotrichaceae"	"g__Bulleidia"	"s__"	53.13	4.86	1288078
"176"	"EHA03161_bin.106"	"d__Bacteria"	"p__Bacteroidota"	"c__Bacteroidia"	"o__Bacteroidales"	"f__Bacteroidaceae"	"g__Bacteroides"	"s__Bacteroides thetaiotaomicron"	60	5.73	3544005
"198"	"EHA03161_bin.107"	"d__Bacteria"	"p__Fusobacteriota"	"c__Fusobacteriia"	"o__Fusobacteriales"	"f__Fusobacteriaceae"	"g__Fusobacterium_A"	"s__"	51.17	2.99	1257039
"115"	"EHA03161_bin.108"	"d__Bacteria"	"p__Bacillota_A"	"c__Clostridia"	"o__Oscillospirales"	"f__Oscillospiraceae"	"g__Lawsonibacter"	"s__Lawsonibacter sp000177015"	51.99	0.83	1432994
"19"	"EHA03161_bin.10"	"d__Bacteria"	"p__Bacteroidota"	"c__Bacteroidia"	"o__Bacteroidales"	"f__Bacteroidaceae"	"g__Phocaeicola"	"s__Phocaeicola massiliensis"	60.27	2.31	2474232
"223"	"EHA03161_bin.11"	"d__Bacteria"	"p__Pseudomonadota"	"c__Gammaproteobacteria"	"o__Enterobacterales"	"f__Enterobacteriaceae"	"g__Plesiomonas"	"s__Plesiomonas shigelloides"	83.66	3.81	3226307
"188"	"EHA03161_bin.12"	"d__Bacteria"	"p__Bacillota"	"c__Bacilli"	"o__Haloplasmatales"	"f__Turicibacteraceae"	"g__Turicibacter"	"s__"	72.49	3.35	2389035
"182"	"EHA03161_bin.14"	"d__Bacteria"	"p__Bacillota_A"	"c__Clostridia"	"o__Clostridiales"	"f__Clostridiaceae"	"g__Clostridium"	"s__Clostridium butyricum"	82.76	2.68	3581962
"99"	"EHA03161_bin.15"	"d__Bacteria"	"p__Bacillota_A"	"c__Clostridia"	"o__Oscillospirales"	"f__Ruminococcaceae"	"g__Ruthenibacterium"	"s__"	99.24	0.98	2662150
"163"	"EHA03161_bin.16"	"d__Bacteria"	"p__Bacillota_A"	"c__Clostridia"	"o__Clostridiales"	"f__Clostridiaceae"	"g__Clostridium"	"s__"	86.53	2.56	2996250
"146"	"EHA03161_bin.17"	"d__Bacteria"	"p__Bacillota_A"	"c__Clostridia"	"o__Peptostreptococcales"	"f__Peptostreptococcaceae"	"g__Paraclostridium"	"s__Paraclostridium sordellii"	99.78	1.27	3218486
"103"	"EHA03161_bin.18"	"d__Bacteria"	"p__Bacillota"	"c__Bacilli"	"o__Erysipelotrichales"	"f__Coprobacillaceae"	"g__Thomasclavelia"	"s__Thomasclavelia ramosa"	90.2	3.09	2966966
"184"	"EHA03161_bin.19"	"d__Bacteria"	"p__Bacillota_A"	"c__Clostridia"	"o__Clostridiales"	"f__Clostridiaceae"	"g__Clostridium_H"	"s__Clostridium_H haemolyticum"	99.29	0.03	2439538
"150"	"EHA03161_bin.1"	"d__Bacteria"	"p__Bacillota"	"c__Bacilli"	"o__Lactobacillales"	"f__Vagococcaceae"	"g__Vagococcus_C"	"s__Vagococcus_C humatus"	88.84	1.77	1932257
"27"	"EHA03161_bin.21"	"d__Bacteria"	"p__Bacillota_A"	"c__Clostridia"	"o__Clostridiales"	"f__Clostridiaceae"	"g__Clostridium_X"	"s__"	99.72	1.42	2334000
"154"	"EHA03161_bin.22"	"d__Bacteria"	"p__Bacillota_A"	"c__Clostridia"	"o__Lachnospirales"	"f__Cellulosilyticaceae"	"g__Zhenhengia"	"s__Zhenhengia yiwuensis"	80.48	2.16	2985375
"17"	"EHA03161_bin.23"	"d__Bacteria"	"p__Bacillota_A"	"c__Clostridia"	"o__Peptostreptococcales"	"f__Peptostreptococcaceae"	"g__"	"s__"	99.81	0.01	1842362
"33"	"EHA03161_bin.26"	"d__Bacteria"	"p__Campylobacterota"	"c__Campylobacteria"	"o__Campylobacterales"	"f__Campylobacteraceae"	"g__Campylobacter_D"	"s__Campylobacter_D volucris"	86.54	0.04	1261729
"101"	"EHA03161_bin.27"	"d__Bacteria"	"p__Bacillota_A"	"c__Clostridia"	"o__Oscillospirales"	"f__Ruminococcaceae"	"g__Anaerofilum"	"s__"	98.39	0.67	2112124
"96"	"EHA03161_bin.28"	"d__Bacteria"	"p__Bacillota"	"c__Bacilli"	"o__Lactobacillales"	"f__Lactobacillaceae"	"g__Ligilactobacillus"	"s__"	99.96	0.07	1766178
"86"	"EHA03161_bin.32"	"d__Bacteria"	"p__Bacillota"	"c__Bacilli"	"o__Mycoplasmatales"	"f__Mycoplasmoidaceae"	"g__Mycoplasma_L"	"s__"	88.49	0.48	857799
"210"	"EHA03161_bin.34"	"d__Bacteria"	"p__Chlamydiota"	"c__Chlamydiia"	"o__Chlamydiales"	"f__Chlamydiaceae"	"g__Chlamydiifrater"	"s__"	96.25	0.27	1144730
"130"	"EHA03161_bin.37"	"d__Bacteria"	"p__Bacillota_A"	"c__Clostridia"	"o__Peptostreptococcales"	"f__Peptostreptococcaceae"	"g__Terrisporobacter"	"s__Terrisporobacter othiniensis"	83.82	3.72	3074350
"137"	"EHA03161_bin.40"	"d__Bacteria"	"p__Bacillota_A"	"c__Clostridia"	"o__Lachnospirales"	"f__Anaerotignaceae"	"g__Anaerotignum"	"s__"	84.75	0.55	1485624
"133"	"EHA03161_bin.41"	"d__Bacteria"	"p__Fusobacteriota"	"c__Fusobacteriia"	"o__Fusobacteriales"	"f__Fusobacteriaceae"	"g__Fusobacterium_A"	"s__Fusobacterium_A sp900555845"	54.74	2.48	1014061
"108"	"EHA03161_bin.44"	"d__Bacteria"	"p__Bacillota"	"c__Bacilli"	"o__Lactobacillales"	"f__Lactobacillaceae"	"g__Lactobacillus"	"s__Lactobacillus amylovorus"	95.68	1.2	1977323
"196"	"EHA03161_bin.47"	"d__Bacteria"	"p__Bacillota_A"	"c__Clostridia"	"o__Tissierellales"	"f__Peptoniphilaceae"	"g__"	"s__"	92.24	0.6	1479071
"64"	"EHA03161_bin.4"	"d__Bacteria"	"p__Bacillota_A"	"c__Clostridia"	"o__Oscillospirales"	"f__Ruminococcaceae"	"g__Anaerotruncus"	"s__"	50.03	0.93	1150331
"87"	"EHA03161_bin.50"	"d__Bacteria"	"p__Bacillota"	"c__Bacilli"	"o__Mycoplasmatales"	"f__Mycoplasmoidaceae"	"g__Mycoplasma_L"	"s__"	81.59	1.43	938184
"43"	"EHA03161_bin.52"	"d__Bacteria"	"p__Bacteroidota"	"c__Bacteroidia"	"o__Bacteroidales"	"f__Tannerellaceae"	"g__Parabacteroides"	"s__Parabacteroides distasonis"	99.5	1.66	4335884
"31"	"EHA03161_bin.58"	"d__Bacteria"	"p__Actinomycetota"	"c__Coriobacteriia"	"o__Coriobacteriales"	"f__Atopobiaceae"	"g__UBA1367"	"s__UBA1367 sp900314645"	65.72	2.83	2377274
"221"	"EHA03161_bin.59"	"d__Bacteria"	"p__Bacillota"	"c__Bacilli"	"o__Erysipelotrichales"	"f__Coprobacillaceae"	"g__Thomasclavelia"	"s__Thomasclavelia spiroformis"	85.74	0.84	2448597
"22"	"EHA03161_bin.61"	"d__Bacteria"	"p__Bacillota_A"	"c__Clostridia"	"o__Lachnospirales"	"f__Lachnospiraceae"	"g__Blautia"	"s__Blautia coccoides"	87.61	7.75	5475173
"187"	"EHA03161_bin.62"	"d__Bacteria"	"p__Bacillota_A"	"c__Clostridia"	"o__Lachnospirales"	"f__Lachnospiraceae"	"g__Clostridium_AP"	"s__Clostridium_AP scindens"	82.32	1.09	1945075
"63"	"EHA03161_bin.68"	"d__Bacteria"	"p__Desulfobacterota"	"c__Desulfovibrionia"	"o__Desulfovibrionales"	"f__Desulfovibrionaceae"	"g__Mailhella"	"s__"	99.86	0	2133075
"84"	"EHA03161_bin.69"	"d__Bacteria"	"p__Campylobacterota"	"c__Campylobacteria"	"o__Campylobacterales"	"f__Helicobacteraceae"	"g__Helicobacter_G"	"s__"	99.96	0.01	1455729
"141"	"EHA03161_bin.6"	"d__Bacteria"	"p__Bacillota_A"	"c__Clostridia"	"o__Clostridiales"	"f__Clostridiaceae"	"g__Dwaynesavagella"	"s__"	98.98	0.2	1558041
"166"	"EHA03161_bin.70"	"d__Bacteria"	"p__Bacillota_A"	"c__Clostridia"	"o__Tissierellales"	"f__Peptoniphilaceae"	"g__"	"s__"	97.08	3.94	1533176
"148"	"EHA03161_bin.72"	"d__Bacteria"	"p__Fusobacteriota"	"c__Fusobacteriia"	"o__Fusobacteriales"	"f__Fusobacteriaceae"	"g__Fusobacterium_A"	"s__"	85.41	5.35	2710253
"25"	"EHA03161_bin.75"	"d__Bacteria"	"p__Bacteroidota"	"c__Bacteroidia"	"o__Bacteroidales"	"f__Bacteroidaceae"	"g__Bacteroides"	"s__Bacteroides xylanisolvens"	83.64	4.74	4479036
"205"	"EHA03161_bin.77"	"d__Bacteria"	"p__Bacteroidota"	"c__Bacteroidia"	"o__Bacteroidales"	"f__Bacteroidaceae"	"g__Phocaeicola"	"s__Phocaeicola plebeius_A"	61.7	1.13	1982628
"149"	"EHA03161_bin.7"	"d__Bacteria"	"p__Deferribacterota"	"c__Deferribacteres"	"o__Deferribacterales"	"f__Mucispirillaceae"	"g__"	"s__"	96.24	0.13	2116395
"15"	"EHA03161_bin.80"	"d__Bacteria"	"p__Bacillota_A"	"c__Clostridia"	"o__Oscillospirales"	"f__Ruminococcaceae"	"g__Anaerofilum"	"s__"	82.31	1.92	2008179
"171"	"EHA03161_bin.82"	"d__Bacteria"	"p__Bacillota_A"	"c__Clostridia"	"o__Oscillospirales"	"f__Oscillospiraceae"	"g__Pseudoflavonifractor_A"	"s__Pseudoflavonifractor_A merdipullorum"	65.85	1.51	1765554
"114"	"EHA03161_bin.83"	"d__Bacteria"	"p__Bacillota"	"c__Bacilli"	"o__Lactobacillales"	"f__Vagococcaceae"	"g__Vagococcus"	"s__"	71.45	2.53	1497814
"172"	"EHA03161_bin.84"	"d__Bacteria"	"p__Bacillota_A"	"c__Clostridia"	"o__Oscillospirales"	"f__Butyricicoccaceae"	"g__Butyricicoccus"	"s__Butyricicoccus pullicaecorum"	97.28	0.6	2142272
"135"	"EHA03161_bin.85"	"d__Bacteria"	"p__Bacillota_A"	"c__Clostridia"	"o__Lachnospirales"	"f__Lachnospiraceae"	"g__Sellimonas"	"s__Sellimonas intestinalis"	97.36	1.18	2508618
"212"	"EHA03161_bin.87"	"d__Bacteria"	"p__Fusobacteriota"	"c__Fusobacteriia"	"o__Fusobacteriales"	"f__Fusobacteriaceae"	"g__Fusobacterium_A"	"s__Fusobacterium_A sp018205345"	74.94	9.33	1858889
"190"	"EHA03161_bin.8"	"d__Bacteria"	"p__Bacillota_A"	"c__Clostridia"	"o__Oscillospirales"	"f__Ruminococcaceae"	"g__RGIG3102"	"s__"	54.21	0.56	693882
"88"	"EHA03161_bin.91"	"d__Bacteria"	"p__Bacillota_A"	"c__Clostridia"	"o__Clostridiales"	"f__Clostridiaceae"	"g__Clostridium"	"s__Clostridium sardiniense"	94.62	1.12	3493233
"193"	"EHA03161_bin.94"	"d__Bacteria"	"p__Bacillota_A"	"c__Clostridia"	"o__Peptostreptococcales"	"f__Peptostreptococcaceae"	"g__Peptostreptococcus"	"s__"	77.17	1.18	1770081
"66"	"EHA03161_bin.98"	"d__Bacteria"	"p__Bacteroidota"	"c__Bacteroidia"	"o__Bacteroidales"	"f__Bacteroidaceae"	"g__Bacteroides"	"s__Bacteroides caccae"	86.83	4.27	4405980
"10"	"EHA03161_bin.9"	"d__Bacteria"	"p__Bacillota"	"c__Bacilli"	"o__Lactobacillales"	"f__Lactobacillaceae"	"g__Limosilactobacillus"	"s__Limosilactobacillus reuteri"	99.74	1.05	1951852
"42"	"EHA03189_bin.10"	"d__Bacteria"	"p__Bacillota"	"c__Bacilli"	"o__Mycoplasmatales"	"f__Mycoplasmoidaceae"	"g__RGIG1987"	"s__"	77.95	0.42	733059
"203"	"EHA03189_bin.11"	"d__Bacteria"	"p__Bacillota"	"c__Bacilli"	"o__Mycoplasmatales"	"f__Mycoplasmoidaceae"	"g__RGIG1987"	"s__"	78.22	1.75	751241
"118"	"EHA03189_bin.12"	"d__Bacteria"	"p__Bacillota"	"c__Bacilli"	"o__Mycoplasmatales"	"f__Mycoplasmoidaceae"	"g__RGIG1987"	"s__"	88.86	3.17	765979
"211"	"EHA03189_bin.14"	"d__Bacteria"	"p__Bacillota"	"c__Bacilli"	"o__Mycoplasmatales"	"f__Mycoplasmoidaceae"	"g__Mycoplasma_L"	"s__"	77.43	0.55	692823
"191"	"EHA03189_bin.19"	"d__Bacteria"	"p__Bacillota_A"	"c__Clostridia"	"o__Tissierellales"	"f__Peptoniphilaceae"	"g__Anaerosphaera"	"s__"	99.19	0.2	1863836
"173"	"EHA03189_bin.1"	"d__Bacteria"	"p__Campylobacterota"	"c__Campylobacteria"	"o__Campylobacterales"	"f__Helicobacteraceae"	"g__Helicobacter_G"	"s__"	99.38	0.7	1359287
"124"	"EHA03189_bin.20"	"d__Bacteria"	"p__Bacillota_A"	"c__Clostridia"	"o__Peptostreptococcales"	"f__Anaerovoracaceae"	"g__"	"s__"	94.15	2.65	1860135
"37"	"EHA03189_bin.28"	"d__Bacteria"	"p__Pseudomonadota"	"c__Gammaproteobacteria"	"o__Enterobacterales"	"f__Enterobacteriaceae"	"g__Escherichia"	"s__Escherichia coli"	63.41	0.99	2801312
"162"	"EHA03189_bin.31"	"d__Bacteria"	"p__Bacillota"	"c__Bacilli"	"o__Mycoplasmatales"	"f__Mycoplasmoidaceae"	"g__Ureaplasma"	"s__"	70.08	1.8	672393
"51"	"EHA03189_bin.32"	"d__Bacteria"	"p__Bacillota"	"c__Bacilli"	"o__Mycoplasmatales"	"f__Mycoplasmoidaceae"	"g__Ureaplasma"	"s__"	77.4	0.19	693427
"195"	"EHA03189_bin.33"	"d__Bacteria"	"p__Bacillota"	"c__Bacilli"	"o__Mycoplasmatales"	"f__Mycoplasmoidaceae"	"g__Ureaplasma"	"s__"	77.72	0.01	711134
"110"	"EHA03189_bin.34"	"d__Bacteria"	"p__Bacillota_C"	"c__Negativicutes"	"o__Selenomonadales"	"f__Selenomonadaceae"	"g__"	"s__"	99.84	1.22	1738761
"46"	"EHA03189_bin.35"	"d__Bacteria"	"p__Bacillota_C"	"c__Negativicutes"	"o__Veillonellales"	"f__Veillonellaceae"	"g__"	"s__"	91.77	0.89	1640911
"208"	"EHA03189_bin.40"	"d__Bacteria"	"p__Bacteroidota"	"c__Bacteroidia"	"o__Bacteroidales"	"f__Bacteroidaceae"	"g__"	"s__"	74.63	0.67	1910923
"83"	"EHA03189_bin.41"	"d__Bacteria"	"p__Bacillota"	"c__Bacilli"	"o__Mycoplasmatales"	"f__Mycoplasmoidaceae"	"g__RGIG1987"	"s__"	66.67	7.03	546068
"21"	"EHA03189_bin.42"	"d__Bacteria"	"p__Fusobacteriota"	"c__Fusobacteriia"	"o__Fusobacteriales"	"f__Fusobacteriaceae"	"g__Fusobacterium_A"	"s__"	64.27	6.99	2160407
"157"	"EHA03189_bin.44"	"d__Bacteria"	"p__Actinomycetota"	"c__Actinomycetia"	"o__Mycobacteriales"	"f__Mycobacteriaceae"	"g__Mycobacterium"	"s__"	50.08	9.17	1906923
"185"	"EHA03189_bin.45"	"d__Bacteria"	"p__Bacillota"	"c__Bacilli"	"o__Lactobacillales"	"f__Lactobacillaceae"	"g__Lactobacillus"	"s__Lactobacillus amylovorus"	54.83	2.35	1373364
"170"	"EHA03189_bin.46"	"d__Bacteria"	"p__Bacillota_A"	"c__Clostridia"	"o__Peptostreptococcales"	"f__Peptostreptococcaceae"	"g__Peptostreptococcus"	"s__"	51.8	1.26	723008
"97"	"EHA03189_bin.47"	"d__Bacteria"	"p__Bacillota_A"	"c__Clostridia"	"o__Peptostreptococcales"	"f__Filifactoraceae"	"g__"	"s__"	59.66	4.21	1679731
"186"	"EHA03189_bin.7"	"d__Bacteria"	"p__Bacteroidota"	"c__Bacteroidia"	"o__Bacteroidales"	"f__UBA932"	"g__Cryptobacteroides"	"s__"	97.93	2.44	1970890
"175"	"EHA03189_bin.9"	"d__Bacteria"	"p__Campylobacterota"	"c__Campylobacteria"	"o__Campylobacterales"	"f__Campylobacteraceae"	"g__Campylobacter_D"	"s__"	97.69	0.06	1312338
"94"	"EHA03206_bin.10"	"d__Bacteria"	"p__Campylobacterota"	"c__Campylobacteria"	"o__Campylobacterales"	"f__Campylobacteraceae"	"g__Campylobacter_D"	"s__"	96.79	0.4	1404743
"11"	"EHA03206_bin.11"	"d__Bacteria"	"p__Bacillota_A"	"c__Clostridia"	"o__Peptostreptococcales"	"f__Peptostreptococcaceae"	"g__Peptostreptococcus"	"s__"	87.79	1.76	2186012
"18"	"EHA03206_bin.14"	"d__Bacteria"	"p__Pseudomonadota"	"c__Gammaproteobacteria"	"o__Enterobacterales"	"f__Enterobacteriaceae"	"g__Plesiomonas"	"s__Plesiomonas shigelloides"	82.26	3.6	3030699
"174"	"EHA03206_bin.17"	"d__Bacteria"	"p__Bacillota"	"c__Bacilli"	"o__Mycoplasmatales"	"f__UBA3375"	"g__UBA3375"	"s__"	58.87	1.16	489997
"139"	"EHA03206_bin.1"	"d__Bacteria"	"p__Fusobacteriota"	"c__Fusobacteriia"	"o__Fusobacteriales"	"f__Fusobacteriaceae"	"g__Fusobacterium_A"	"s__Fusobacterium_A sp900015295"	99.99	0.91	1975022
"24"	"EHA03206_bin.23"	"d__Bacteria"	"p__Campylobacterota"	"c__Campylobacteria"	"o__Campylobacterales"	"f__Helicobacteraceae"	"g__Helicobacter_D"	"s__"	99.98	0.03	1537304
"132"	"EHA03206_bin.24"	"d__Bacteria"	"p__Campylobacterota"	"c__Campylobacteria"	"o__Campylobacterales"	"f__Campylobacteraceae"	"g__Campylobacter_D"	"s__"	98.35	2.14	1584534
"129"	"EHA03206_bin.25"	"d__Bacteria"	"p__Bacillota_B"	"c__Peptococcia"	"o__Peptococcales"	"f__Peptococcaceae"	"g__"	"s__"	98.33	0.05	1425866
"111"	"EHA03206_bin.26"	"d__Bacteria"	"p__Fusobacteriota"	"c__Fusobacteriia"	"o__Fusobacteriales"	"f__Fusobacteriaceae"	"g__Fusobacterium_A"	"s__Fusobacterium_A sp018205345"	80.26	4.74	1934459
"82"	"EHA03206_bin.3"	"d__Bacteria"	"p__Bacillota_A"	"c__Clostridia"	"o__Clostridiales"	"f__Clostridiaceae"	"g__Clostridium"	"s__"	50.56	6.53	1753632
"40"	"EHA03206_bin.5"	"d__Bacteria"	"p__Bacillota"	"c__Bacilli"	"o__Lactobacillales"	"f__Catellicoccaceae"	"g__Catellicoccus"	"s__"	100	0.1	1412153
"7"	"EHA03206_bin.6"	"d__Bacteria"	"p__Bacillota_A"	"c__Clostridia"	"o__Lachnospirales"	"f__CAG-274"	"g__Tyzzerella"	"s__"	100	0.08	1828956
"30"	"EHA03206_bin.7"	"d__Bacteria"	"p__Campylobacterota"	"c__Campylobacteria"	"o__Campylobacterales"	"f__Helicobacteraceae"	"g__Helicobacter_G"	"s__"	99.95	0	1333144
"217"	"EHA03206_bin.9"	"d__Bacteria"	"p__Campylobacterota"	"c__Campylobacteria"	"o__Campylobacterales"	"f__Helicobacteraceae"	"g__"	"s__"	100	0	1568065
