"","Sample","sample_code","species","region","sample_type","order","sex","country","latitude","longitude","singlem_fraction","reads_post_fastp","host_reads","reads_lost_fastp_percent","metagenomic_bases","host_bases","bases_lost_fastp_percent","diversity","C","state"
"1","EHI01801","AIJ37E1L1I1","Cathartes aura","Texas, 3.3 mi SE of Cruz Calle, Howell Cattle Company","Colon contents","Accipitriformes","Male","United States",27.34788,-98.23905,0.1878,60895286,50108890,0.034991599656779,1215533615,7774744948,0.0502062469750033,12.9076223267424,0.931582090203449,"Texas"
"2","EHI01644","AIJ15E1L1I1","Cathartes aura","Texas, 3.3 mi SE of Cruz Calle, Howell Cattle Company","Colon contents","Accipitriformes","Male","United States",27.34788,-98.23905,0.431,69857788,52199160,0.0483389378581341,2190124363,7479792300,0.121788858403408,15.0099316819679,0.938803243904165,"Texas"
"3","EHI01822","AIH31E1L1I1","Cathartes aura","Florida, 4.1 mi N of Brooker","Stomach contents","Accipitriformes","Male","United States",29.94825,-82.32286,0.7935,153980774,61053756,0.0172816892162518,13312271862,9426682207,0.0325204915224495,16.9392368828427,0.982910454935407,"Florida"
"4","EHI01146","AIG09E1L1I1","Cathartes aura","Florida, 4.1 mi N of Brooker","Stomach contents","Accipitriformes","Male","United States",29.94825,-82.32286,0.0015,26549002,3445444,0.0912589032592138,3089107080,478267809,0.185953036548442,19.4692480910957,0.606532483791083,"Florida"
"5","EHI01660","AIJ04E1L1I1","Cathartes aura","Texas, 3.3 mi SE of Cruz Calle, Howell Cattle Company","Colon contents","Accipitriformes","Female","United States",27.34788,-98.23905,0.0442,44204062,35703190,0.117311007693785,931852319,4767386323,0.241298199575773,11.835825501369,0.9321158071326,"Texas"
"6","EHI01636","AII97E1L1I1","Cathartes aura","Texas, 3.3 mi SE of Cruz Calle, Howell Cattle Company","Stomach contents","Accipitriformes","Female","United States",27.34788,-98.23905,0,39855802,32920370,0.0975010327976312,0,5223461135,0.211462649016704,11.9745694476557,0.931002330643258,"Texas"
"7","EHI01089","AIF81E1L1I1","Cathartes aura","Florida, 4.1 mi N of Brooker","Colon contents","Accipitriformes","Female","United States",29.94825,-82.32286,0.6039,38082656,15720033,0.0386259125663985,3046705271,2298098614,0.100490617486791,15.507180766522,0.949988040277412,"Florida"
"8","EHI01196","AIG48E1L1I1","Cathartes aura","Florida, 4.1 mi N of Brooker","Colon contents","Accipitriformes","Female","United States",29.94825,-82.32286,0.772,17324726,11288736,0.0277424130440028,802437639,1732535639,0.0515878857127037,15.2541183045961,0.839728064721938,"Florida"
"9","EHI01119","AIJ20E1L1I1","Cathartes aura","Texas, 3.3 mi SE of Cruz Calle, Howell Cattle Company","Stomach contents","Accipitriformes","Female","United States",27.34788,-98.23905,0,25557202,20129784,0.0757571538478062,0,3393895657,0.181761294639048,12.7020146007893,0.836856236646161,"Texas"
"10","EHI01219","AIF86E1L1I1","Cathartes aura","Florida, 4.1 mi N of Brooker","Stomach contents","Accipitriformes","Female","United States",29.94825,-82.32286,0,28555532,23541124,0.0355423140284622,0,4193717507,0.055719902207963,12.6468378160195,0.909250472361577,"Florida"
"11","EHI01147","AIG37E1L1I1","Cathartes aura","Florida, 4.1 mi N of Brooker","Colon contents","Accipitriformes","Female","United States",29.94825,-82.32286,0,21537840,17335962,0.0590376353664673,0,2935187528,0.145101211947675,12.3531552022007,0.876007432511531,"Florida"
"12","EHI01824","AIJ53E1L1I1","Cathartes aura","Texas, 3.3 mi SE of Cruz Calle, Howell Cattle Company","Stomach contents","Accipitriformes","Male","United States",27.34788,-98.23905,0.0126,59242788,49804470,0.0239039677424999,1052735409,7671855404,0.0416793038572575,12.8054631371322,0.930809069919893,"Texas"
"13","EHI01796","AIH37E1L1I1","Cathartes aura","Florida, 4.1 mi N of Brooker","Colon contents","Accipitriformes","Male","United States",29.94825,-82.32286,0.8136,51361730,5372689,0.027175070276468,6778293215,830288748,0.039256373250251,17.6846484661023,0.960986146497493,"Florida"
"14","EHI01787","AIJ42E1L1I1","Cathartes aura","Texas, 3.3 mi SE of Cruz Calle, Howell Cattle Company","Stomach contents","Accipitriformes","Female","United States",27.34788,-98.23905,0.0042,73832954,61499388,0.0312251345595838,1330425274,9537166543,0.0493630797818236,12.201779309101,0.962527503772286,"Texas"
"15","EHI01799","AIJ59E1L1I1","Cathartes aura","Texas, 3.3 mi SE of Cruz Calle, Howell Cattle Company","Colon contents","Accipitriformes","Male","United States",27.34788,-98.23905,0.2004,59710014,47444560,0.0208709723714811,1405862520,7353792851,0.0423903494905491,13.0702619957954,0.942719798851127,"Texas"
"16","EHI01140","AIG42E1L1I1","Cathartes aura","Florida, 4.1 mi N of Brooker","Stomach contents","Accipitriformes","Female","United States",29.94825,-82.32286,0.0016,24469060,264552,0.0251520434785345,3519645399,41389705,0.0541884883098345,19.9704786375806,0.625646972343317,"Florida"
"17","EHI01186","AIJ09E1L1I1","Cathartes aura","Texas, 3.3 mi SE of Cruz Calle, Howell Cattle Company","Stomach contents","Accipitriformes","Male","United States",27.34788,-98.23905,0,20325124,16873352,0.0323719477650666,0,2991858517,0.0504342542208004,12.5096266432857,0.876590516785032,"Texas"
"18","EHI01139","AIG15E1L1I1","Cathartes aura","Florida, 4.1 mi N of Brooker","Colon contents","Accipitriformes","Male","United States",29.94825,-82.32286,0.4459,25909478,17933980,0.0676509007371859,987536266,2485911979,0.166722864232219,15.0533840336406,0.893317933443402,"Florida"
"19","EHI01795","AIH15E1L1I1","Cathartes aura","Florida, 4.1 mi N of Brooker","Colon contents","Accipitriformes","Male","United States",29.94825,-82.32286,0.3883,34545064,23604604,0.0293938174537736,1429463564,3660199979,0.0466445216956936,15.5068786330274,0.911104171116037,"Florida"
"20","EHI01656","AIJ20E1L1I1","Cathartes aura","Texas, 3.3 mi SE of Cruz Calle, Howell Cattle Company","Stomach contents","Accipitriformes","Female","United States",27.34788,-98.23905,0.0043,59384838,46533076,0.0813519553604981,1446217319,6377779582,0.193116212102358,13.1283688593934,0.869665188084429,"Texas"
"21","EHI01189","AIG31E1L1I1","Cathartes aura","Florida, 4.1 mi N of Brooker","Stomach contents","Accipitriformes","Female","United States",29.94825,-82.32286,0.0048,23308028,370630,0.0206332345620083,3400657762,59160815,0.0308256798161946,19.9222517974629,0.643096651503212,"Florida"
"22","EHI01642","AIG37E1L1I1","Cathartes aura","Florida, 4.1 mi N of Brooker","Colon contents","Accipitriformes","Female","United States",29.94825,-82.32286,0.0734,81023240,64945300,0.0656446597996255,1842611337,9109374161,0.158015557359151,12.9606388634827,0.934176789351051,"Florida"
"23","EHI01645","AII04E1L1I1","Cathartes aura","Texas, 7.8 mi N of Alice","Colon contents","Accipitriformes","Female","United States",27.86424,-98.05131,0.4224,74433158,50636604,0.070388221530414,2933416746,6898453612,0.18138432433721,15.5535136447094,0.935115130739995,"Texas"
"24","EHI01193","AIH97E1L1I1","Cathartes aura","Texas, 7.8 mi N of Alice","Stomach contents","Accipitriformes","Female","United States",27.86424,-98.05131,0,22380466,18711472,0.0307127724796762,0,3293188883,0.0491571468011964,11.9153296190722,0.92112278365021,"Texas"
"25","EHI01649","AIG09E1L1I1","Cathartes aura","Florida, 4.1 mi N of Brooker","Stomach contents","Accipitriformes","Male","United States",29.94825,-82.32286,0.0012,60165034,7851494,0.10178423336249,6926949868,1075435760,0.203538615492956,19.5370552296782,0.693605104786498,"Florida"
"26","EHI01106","AIJ15E1L1I1","Cathartes aura","Texas, 3.3 mi SE of Cruz Calle, Howell Cattle Company","Colon contents","Accipitriformes","Male","United States",27.34788,-98.23905,0.4501,31277018,23396680,0.0429092921376254,976916173,3382271747,0.110712696021104,15.0241283806623,0.892772840680078,"Texas"
"27","EHI01221","AIG20E1L1I1","Cathartes aura","Florida, 4.1 mi N of Brooker","Stomach contents","Accipitriformes","Female","United States",29.94825,-82.32286,0,25656472,21823888,0.0494383727585372,0,3774078569,0.0678130477472321,11.8595591347963,0.934020390512672,"Florida"
"28","EHI01647","AIF81E1L1I1","Cathartes aura","Florida, 4.1 mi N of Brooker","Colon contents","Accipitriformes","Female","United States",29.94825,-82.32286,0.5809,77628846,31978218,0.043495587052067,6193040094,4631304091,0.110851741870988,15.5466762232938,0.972696500349018,"Florida"
"29","EHI01184","AIH48E1L1I1","Cathartes aura","Florida, 1.4 mi W of Hasan","Colon contents","Accipitriformes","Male","United States",29.85755,-82.4619,0.7522,18117110,9006627,0.0397453032238752,1261113152,1409999614,0.0561597741324209,16.728428645493,0.91580599805231,"Florida"
"30","EHI01101","AIF53E1L1I1","Cathartes aura","Florida, Lake Butler","Stomach contents","Accipitriformes","Male","United States",30.02768,-82.34884,0.0601,49282654,29650128,0.0919670979615244,2452268908,4107120177,0.19428837220603,17.6531299026636,0.642372462692513,"Florida"
"31","EHI01143","AIG26E1L1I1","Cathartes aura","Florida, 4.1 mi N of Brooker","Colon contents","Accipitriformes","Female","United States",29.94825,-82.32286,0.8642,28129526,9925362,0.0548534914226425,2469945357,1433702974,0.125587922394313,16.9148323977137,0.928047790385059,"Florida"
"32","EHI01641","AIG15E1L1I1","Cathartes aura","Florida, 4.1 mi N of Brooker","Colon contents","Accipitriformes","Male","United States",29.94825,-82.32286,0.4384,63217598,43668370,0.0736582231063914,2415298413,6002895168,0.177642023026783,15.1152139952151,0.944824544996005,"Florida"
"33","EHI01640","AIF92E1L1I1","Cathartes aura","Florida, 4.1 mi N of Brooker","Colon contents","Accipitriformes","Female","United States",29.94825,-82.32286,0.7105,61618564,25528468,0.0660776240655064,4761548041,3582609766,0.15687793002492,17.2735844819621,0.932695501614322,"Florida"
"34","EHI01788","AIH09E1L1I1","Cathartes aura","Florida, 4.1 mi N of Brooker","Stomach contents","Accipitriformes","Male","United States",29.94825,-82.32286,0.4477,40196724,31049596,0.0245543087491602,1125411663,4802022629,0.041067751308312,14.4954671907205,0.916478818876889,"Florida"
"35","EHI01828","AIG97E1L1I1","Cathartes aura","Florida, 4.1 mi N of Brooker","Stomach contents","Accipitriformes","Male","United States",29.94825,-82.32286,0.5899,71473944,24870000,0.040359446181945,6579357577,3831029109,0.0681705168144309,17.2573711462058,0.976865737731073,"Florida"
"36","EHI01105","AIJ26E1L1I1","Cathartes aura","Texas, 3.3 mi SE of Cruz Calle, Howell Cattle Company","Colon contents","Accipitriformes","Female","United States",27.34788,-98.23905,0.3485,40580548,29743800,0.0512939142939555,1321762905,4229939989,0.13473579811857,14.1975429358826,0.909185909294576,"Texas"
"37","EHI01792","AIJ48E1L1I1","Cathartes aura","Texas, 3.3 mi SE of Cruz Calle, Howell Cattle Company","Colon contents","Accipitriformes","Female","United States",27.34788,-98.23905,0.5939,31352238,21801438,0.0239277233803774,1240521491,3342902507,0.0487115898093415,14.69762729505,0.941120264260422,"Texas"
"38","EHI01126","AIF59E1L1I1","Cathartes aura","Florida, Lake Butler","Colon contents","Accipitriformes","Male","United States",30.02768,-82.34884,0.524,31523326,20218112,0.116290959881488,1398148988,2776849221,0.219734690057367,15.8552521449918,0.885776240998548,"Florida"
"39","EHI01635","AIG42E1L1I1","Cathartes aura","Florida, 4.1 mi N of Brooker","Stomach contents","Accipitriformes","Female","United States",29.94825,-82.32286,0.0021,88148428,957809,0.0293906201940077,12612458592,147799971,0.063305159943973,19.8797420881275,0.804205871014938,"Florida"
"40","EHI01661","AIJ26E1L1I1","Cathartes aura","Texas, 3.3 mi SE of Cruz Calle, Howell Cattle Company","Colon contents","Accipitriformes","Female","United States",27.34788,-98.23905,0.3498,106980504,78922424,0.057155214311629,3412107018,11125556274,0.145840627126139,14.5144401211119,0.952844285557051,"Texas"
"41","EHI01192","AIH42E1L1I1","Cathartes aura","Florida, 1.4 mi W of Hasan","Stomach contents","Accipitriformes","Male","United States",29.85755,-82.4619,0.0014,19921922,11766631,0.0516914440736623,1120354042,1817923362,0.0675619879453304,18.5111778731232,0.631834419862478,"Florida"
"42","EHI01233","AIF75E1L1I1","Cathartes aura","Florida, 4.1 mi N of Brooker","Stomach contents","Accipitriformes","Female","United States",29.94825,-82.32286,0.7507,22921262,11426561,0.0473481786441352,1608285951,1757350319,0.0674511369583812,16.9649598792976,0.918635219641856,"Florida"
"43","EHI01116","AII04E1L1I1","Cathartes aura","Texas, 7.8 mi N of Alice","Colon contents","Accipitriformes","Female","United States",27.86424,-98.05131,0.4386,32411360,22067640,0.0660341207998009,1278955458,3042197453,0.169877603062503,15.3762614386434,0.906889028325031,"Texas"
"44","EHI01658","AIF53E1L1I1","Cathartes aura","Florida, Lake Butler","Stomach contents","Accipitriformes","Male","United States",30.02768,-82.34884,0.0574,93588144,56137212,0.0992823951498297,4650932608,7720936197,0.206198594445885,17.7560677620889,0.662450091513513,"Florida"
"45","EHI01794","AIJ31E1L1I1","Cathartes aura","Texas, 3.3 mi SE of Cruz Calle, Howell Cattle Company","Stomach contents","Accipitriformes","Male","United States",27.34788,-98.23905,0,22139042,18729568,0.0244922954469226,0,3258935096,0.0426817641021013,12.0604140766014,0.91434959662455,"Texas"
"46","EHI01120","AII97E1L1I1","Cathartes aura","Texas, 3.3 mi SE of Cruz Calle, Howell Cattle Company","Stomach contents","Accipitriformes","Female","United States",27.34788,-98.23905,0,30747548,25436446,0.0881373790403036,0,4069727662,0.195375940771278,11.9099928900634,0.918082341748026,"Texas"
"47","EHI01651","AIG26E1L1I1","Cathartes aura","Florida, 4.1 mi N of Brooker","Colon contents","Accipitriformes","Female","United States",29.94825,-82.32286,0.8394,61445490,21557998,0.0611034416621898,5386219171,3085009822,0.137055434942508,16.9129168543793,0.957269418629915,"Florida"
"48","EHI01800","AIH04E1L1I1","Cathartes aura","Florida, 4.1 mi N of Brooker","Colon contents","Accipitriformes","Male","United States",29.94825,-82.32286,0.424,47140504,30900768,0.0340099453698916,2170702609,4784269485,0.0498710163650435,15.3671492859646,0.941111070795118,"Florida"
"49","EHI01125","AIJ04E1L1I1","Cathartes aura","Texas, 3.3 mi SE of Cruz Calle, Howell Cattle Company","Colon contents","Accipitriformes","Female","United States",27.34788,-98.23905,0,29237494,23670530,0.104230380320497,0,3825874713,0.218559945298222,11.6441478982591,0.913003614201977,"Texas"
"50","EHI01653","AIF59E1L1I1","Cathartes aura","Florida, Lake Butler","Colon contents","Accipitriformes","Male","United States",30.02768,-82.34884,0.4921,55338840,35470412,0.128969873058628,2435813587,4802463612,0.240466249083909,15.9238661852928,0.904342449114882,"Florida"
"51","EHI01090","AIF92E1L1I1","Cathartes aura","Florida, 4.1 mi N of Brooker","Colon contents","Accipitriformes","Female","United States",29.94825,-82.32286,0.7414,65927922,27367840,0.0598056067927499,5130134555,3891643356,0.142272879091278,17.3040649400252,0.936881180545043,"Florida"
"52","EHI01797","AII59E1L1I1","Coragyps atratus","Texas, 7.8 mi N of Alice","Colon contents","Accipitriformes","Female","United States",27.86424,-98.05131,0,35447356,28576684,0.0165816970566051,0,5205102278,0.0372967264699876,11.8625855071457,0.92648272277186,"Texas"
"53","EHI01790","AII75E1L1I1","Coragyps atratus","Texas, 7.8 mi N of Alice","Stomach contents","Accipitriformes","Female","United States",27.86424,-98.05131,0.0099,37114160,30022540,0.0357474426788699,872329573,4614054944,0.049731908079593,12.0900636231426,0.922550544439607,"Texas"
"54","EHI01117","AIH26E1L1I1","Coragyps atratus","Florida, 4.1 mi N of Brooker","Colon contents","Accipitriformes","Female","United States",29.94825,-82.32286,0,19220816,15053401,0.0325017295436663,0,2780003173,0.067105766393886,12.5462861494666,0.883889876915211,"Florida"
"55","EHI01127","AIF70E1L1I1","Coragyps atratus","Florida, Lake Butler","Colon contents","Accipitriformes","Female","United States",30.02768,-82.34884,0.0753,42457266,30838276,0.0513813947066086,1442812985,4180238155,0.162431399465647,12.5140040704646,0.902072104065646,"Florida"
"56","EHI01087","AIG04E1L1I1","Coragyps atratus","Florida, 4.1 mi N of Brooker","Colon contents","Accipitriformes","Male","United States",29.94825,-82.32286,0.2016,30333886,23110756,0.0663627907331773,901666067,3302283366,0.137386350361889,13.5841024789703,0.874359790901148,"Florida"
"57","EHI01195","AIF64E1L1I1","Coragyps atratus","Florida, Lake Butler","Stomach contents","Accipitriformes","Female","United States",30.02768,-82.34884,0.5022,18985248,3919901,0.0206659735159763,2202403704,603037979,0.0352282995448163,19.7025332621212,0.643106179792499,"Florida"
"58","EHI01098","AIF97E1L1I1","Coragyps atratus","Florida, 4.1 mi N of Brooker","Stomach contents","Accipitriformes","Male","United States",29.94825,-82.32286,0.0167,19517274,267179,0.0772848757025576,2614262907,37288829,0.164286675941753,18.7669711941371,0.620438571156549,"Florida"
"59","EHI01223","AIH64E1L1I1","Coragyps atratus","Florida, 1.4 mi W of Hasan","Stomach contents","Accipitriformes","Female","United States",29.85755,-82.4619,0.5973,15034756,3164663,0.0364032074866821,1720283008,478323775,0.0605898119899322,18.7210205338488,0.72032207078051,"Florida"
"60","EHI01185","AIH53E1L1I1","Coragyps atratus","Florida, 1.4 mi W of Hasan","Stomach contents","Accipitriformes","Female","United States",29.85755,-82.4619,0.7285,17444140,9348067,0.0276698286652496,1132903190,1433175170,0.0464513540794805,17.1813577945629,0.804691030694823,"Florida"
"61","EHI01634","AIG04E1L1I1","Coragyps atratus","Florida, 4.1 mi N of Brooker","Colon contents","Accipitriformes","Male","United States",29.94825,-82.32286,0.1883,107119606,81393760,0.0720560002056869,3211049835,11552273575,0.14739931764795,14.2310405417859,0.921997887487032,"Florida"
"62","EHI01823","AII42E1L1I1","Coragyps atratus","Texas, 7.8 mi N of Alice","Stomach contents","Accipitriformes","Female","United States",27.86424,-98.05131,0.6918,92855116,52701124,0.0418337216900424,5638153872,8035743318,0.0593325929013047,15.4064682902426,0.953946158607441,"Texas"
"63","EHI01655","AIG75E1L1I1","Coragyps atratus","Florida, 4.1 mi N of Brooker","Stomach contents","Accipitriformes","Male","United States",29.94825,-82.32286,0.0423,92567944,7973483,0.0632590355869087,12031838452,1179840525,0.108696425447155,20.3787514769461,0.778340252168111,"Florida"
"64","EHI01657","AIH81E1L1I1","Coragyps atratus","Texas, 7.8 mi N of Alice","Colon contents","Accipitriformes","Female","United States",27.86424,-98.05131,0.0357,47053692,36528790,0.0593300084407762,1298988186,5098951827,0.147307409582918,12.138869977108,0.920800357287266,"Texas"
"65","EHI01109","AIH70E1L1I1","Coragyps atratus","Florida, 1.4 mi W of Hasan","Colon contents","Accipitriformes","Female","United States",29.85755,-82.4619,0,22946552,17274620,0.057937618627376,0,3125795836,0.144477227211364,12.8298004721874,0.878163737061778,"Florida"
"66","EHI01121","AIH92E1L1I1","Coragyps atratus","Texas, 7.8 mi N of Alice","Colon contents","Accipitriformes","Female","United States",27.86424,-98.05131,0,16011882,12399834,0.134087711525998,0,2061206631,0.256875133576013,10.9026025719846,0.905274427539627,"Texas"
"67","EHI01187","AII31E1L1I1","Coragyps atratus","Texas, 7.8 mi N of Alice","Stomach contents","Accipitriformes","Female","United States",27.86424,-98.05131,0,17844736,14469059,0.0326170889458997,0,2631976641,0.0487841998906671,11.622338477846,0.903779527353127,"Texas"
"68","EHI01639","AIG81E1L1I1","Coragyps atratus","Florida, 4.1 mi N of Brooker","Colon contents","Accipitriformes","Male","United States",29.94825,-82.32286,0.0145,45272838,32987876,0.0744561999288069,1500218647,4395067940,0.196523980487562,11.9028064194868,0.942609494311152,"Florida"
"69","EHI01650","AIF97E1L1I1","Coragyps atratus","Florida, 4.1 mi N of Brooker","Stomach contents","Accipitriformes","Male","United States",29.94825,-82.32286,0.0171,47982736,657273,0.086342037888709,6367627409,90500662,0.180188456058643,18.8758978383876,0.69756814071221,"Florida"
"70","EHI01791","AII48E1L1I1","Coragyps atratus","Texas, 7.8 mi N of Alice","Colon contents","Accipitriformes","Female","United States",27.86424,-98.05131,0.1813,58178230,46331732,0.025556292300736,1497781791,7104343275,0.0394704177827552,13.2640979288472,0.925377819623425,"Texas"
"71","EHI01789","AII81E1L1I1","Coragyps atratus","Texas, 7.8 mi N of Alice","Colon contents","Accipitriformes","Female","United States",27.86424,-98.05131,0.0421,58836674,48904350,0.0224918337568002,1220166360,7480095757,0.036363241989302,12.3239274386519,0.933689184850049,"Texas"
"72","EHI01798","AII70E1L1I1","Coragyps atratus","Texas, 7.8 mi N of Alice","Colon contents","Accipitriformes","Male","United States",27.86424,-98.05131,0.1375,86515912,68050080,0.0331537542786533,2282606968,10514692748,0.0465706712398017,13.4122170547407,0.932907127672223,"Texas"
"73","EHI01820","AII64E1L1I1","Coragyps atratus","Texas, 7.8 mi N of Alice","Stomach contents","Accipitriformes","Male","United States",27.86424,-98.05131,0.1558,47800472,35336724,0.0216736844854287,1671464046,5236900741,0.0573823806180107,14.0594411834944,0.873869144646476,"Texas"
"74","EHI01637","AIH70E1L1I1","Coragyps atratus","Florida, 1.4 mi W of Hasan","Colon contents","Accipitriformes","Female","United States",29.85755,-82.4619,0.14,94200572,70520000,0.0632026298109349,2955389714,9820658695,0.152972691010879,13.4806559632443,0.93618215659451,"Florida"
"75","EHI01652","AII26E1L1I1","Coragyps atratus","Texas, 7.8 mi N of Alice","Colon contents","Accipitriformes","Female","United States",27.86424,-98.05131,0.01,89098090,71073150,0.0765921561092252,2193015283,9596022525,0.18546028062389,12.489841534645,0.937764088139236,"Texas"
"76","EHI01107","AIH81E1L1I1","Coragyps atratus","Texas, 7.8 mi N of Alice","Colon contents","Accipitriformes","Female","United States",27.86424,-98.05131,0,24838628,19350992,0.0534855908466239,0,3402755769,0.135551457407852,11.71870706395,0.89865634578028,"Texas"
"77","EHI01638","AII37E1L1I1","Coragyps atratus","Texas, 7.8 mi N of Alice","Colon contents","Accipitriformes","Female","United States",27.86424,-98.05131,0.0707,102710446,74313030,0.0911369021857483,3405750402,9893514642,0.215450703261956,12.9449911861124,0.940577835367928,"Texas"
"78","EHI01821","AII86E1L1I1","Coragyps atratus","Texas, 7.8 mi N of Alice","Stomach contents","Accipitriformes","Female","United States",27.86424,-98.05131,0.1063,129221260,98098616,0.025113633659684,4011493448,15073145398,0.0401293503615848,14.105713490166,0.908531030982145,"Texas"
"79","EHI01659","AIH59E1L1I1","Coragyps atratus","Florida, 1.4 mi W of Hasan","Colon contents","Accipitriformes","Female","United States",29.85755,-82.4619,0.2403,85932482,64765984,0.0747092998903401,2669808970,9184268505,0.149063125629499,14.2424280202746,0.913916321242801,"Florida"
"80","EHI01104","AII37E1L1I1","Coragyps atratus","Texas, 7.8 mi N of Alice","Colon contents","Accipitriformes","Female","United States",27.86424,-98.05131,0.0752,47142124,34389904,0.0842882639443269,1532780476,4617462065,0.203564484510348,12.3739581560261,0.912385874943385,"Texas"
"81","EHI01643","AIH92E1L1I1","Coragyps atratus","Texas, 7.8 mi N of Alice","Colon contents","Accipitriformes","Female","United States",27.86424,-98.05131,0.0028,36602400,28302472,0.146859885725879,972774455,3665609366,0.279247389407038,11.6431671274625,0.920883267936371,"Texas"
"82","EHI01802","AII92E1L1I1","Coragyps atratus","Texas, 7.8 mi N of Alice","Colon contents","Accipitriformes","Female","United States",27.86424,-98.05131,0.1145,43543850,34367236,0.0191070247938538,1164392552,5263822142,0.0346297450406848,12.4747782354942,0.926270959262523,"Texas"
"83","EHI01648","AII15E1L1I1","Coragyps atratus","Texas, 7.8 mi N of Alice","Colon contents","Accipitriformes","Male","United States",27.86424,-98.05131,0.2138,67976660,50803184,0.0570220090890454,2144622005,7153414733,0.140112306918729,13.869041149269,0.902505910621625,"Texas"
"84","EHI01110","AIH59E1L1I1","Coragyps atratus","Florida, 1.4 mi W of Hasan","Colon contents","Accipitriformes","Female","United States",29.85755,-82.4619,0.2606,41048108,31033496,0.0674561735315733,1263811225,4434919929,0.136896223269537,13.7937055340838,0.887616007081258,"Florida"
"85","EHI01793","AII53E1L1I1","Coragyps atratus","Texas, 7.8 mi N of Alice","Stomach contents","Accipitriformes","Female","United States",27.86424,-98.05131,0.0208,46302750,37251984,0.0337307684714766,1109386207,5727298935,0.048857285530152,12.3352338208601,0.938288277570347,"Texas"
"86","EHI01646","AIF70E1L1I1","Coragyps atratus","Florida, Lake Butler","Colon contents","Accipitriformes","Female","United States",30.02768,-82.34884,0.077,61736414,44858976,0.0557195455688435,2087261736,6038527497,0.171421051488452,12.7005450390565,0.916239189385013,"Florida"
"87","EHI01095","AIG75E1L1I1","Coragyps atratus","Florida, 4.1 mi N of Brooker","Stomach contents","Accipitriformes","Male","United States",29.94825,-82.32286,0.0416,49167404,4204352,0.054713030175953,6434078753,628965749,0.0947113477826387,20.379138517883,0.688342990445103,"Florida"
"88","EHI01224","AIH86E1L1I1","Coragyps atratus","Texas, 7.8 mi N of Alice","Stomach contents","Accipitriformes","Female","United States",27.86424,-98.05131,0.235,20276532,14329928,0.0292857327513159,790965528,2203675482,0.0442347328116368,15.0072106998338,0.805782539533128,"Texas"
"89","EHI01188","AIH75E1L1I1","Coragyps atratus","Texas, 7.8 mi N of Alice","Stomach contents","Accipitriformes","Female","United States",27.86424,-98.05131,0,19697160,15626528,0.0307457336575669,0,2906365798,0.0465605365567997,11.4956901793285,0.918156060607444,"Texas"
"90","EHI01182","AII09E1L1I1","Coragyps atratus","Texas, 7.8 mi N of Alice","Stomach contents","Accipitriformes","Male","United States",27.86424,-98.05131,0.7058,22167158,14645337,0.0219246683956891,1030494081,2244734042,0.036586818366465,15.7959914798115,0.871795183846368,"Texas"
"91","EHI01152","AII15E1L1I1","Coragyps atratus","Texas, 7.8 mi N of Alice","Colon contents","Accipitriformes","Male","United States",27.86424,-98.05131,0.2256,40517656,30418952,0.0510024354953492,1262366627,4322323101,0.127975723244184,13.6494093205035,0.876757105598177,"Texas"
"92","EHI01654","AIH26E1L1I1","Coragyps atratus","Florida, 4.1 mi N of Brooker","Colon contents","Accipitriformes","Female","United States",29.94825,-82.32286,0.1309,89882678,69667096,0.0385036781701118,2516531544,10411436487,0.0780430677613706,13.3021729596703,0.939446914505825,"Florida"
"93","EHI01128","AII26E1L1I1","Coragyps atratus","Texas, 7.8 mi N of Alice","Colon contents","Accipitriformes","Female","United States",27.86424,-98.05131,0.0087,55729130,44636996,0.0700824380699943,1351155668,6082767271,0.173031471451235,12.2112385987219,0.919105141272968,"Texas"
"94","EHI01097","AIG81E1L1I1","Coragyps atratus","Florida, 4.1 mi N of Brooker","Colon contents","Accipitriformes","Male","United States",29.94825,-82.32286,0,24965912,18176998,0.0683449701683501,0,3277774408,0.184553451958372,11.4365617049974,0.928443621122754,"Florida"
"95","EHI01220","AIH20E1L1I1","Coragyps atratus","Florida, 4.1 mi N of Brooker","Stomach contents","Accipitriformes","Female","United States",29.94825,-82.32286,0,23010076,18611380,0.0338647549484352,0,3391040421,0.0507915841962462,12.0280588704207,0.913123469508779,"Florida"
