Sample,sample_code,species,region,sample_type,order,sex,country,latitude,longitude,singlem_fraction,reads_post_fastp,host_reads,reads_lost_fastp_percent,metagenomic_bases,host_bases,bases_lost_fastp_percent,diversity,C
EHI01797,AII59E1L1I1,Coragyps atratus,"Texas, 7.8 mi N of Alice",Colon contents,Accipitriformes,Female,United States,27.86424,-98.05131,0.0,35447356,28576684,0.01658169705660510,0,5205102278,0.03729672646998760,11.8625855071457,0.92648272277186
EHI01801,AIJ37E1L1I1,Cathartes aura,"Texas, 3.3 mi SE of Cruz Calle, Howell Cattle Company",Colon contents,Accipitriformes,Male,United States,27.34788,-98.23905,0.18780000000000000,60895286,50108890,0.034991599656779000,1215533615,7774744948,0.05020624697500330,12.9076223267424,0.931582090203449
EHI01644,AIJ15E1L1I1,Cathartes aura,"Texas, 3.3 mi SE of Cruz Calle, Howell Cattle Company",Colon contents,Accipitriformes,Male,United States,27.34788,-98.23905,0.431,69857788,52199160,0.048338937858134100,2190124363,7479792300,0.12178885840340800,15.0099316819679,0.938803243904165
EHI01790,AII75E1L1I1,Coragyps atratus,"Texas, 7.8 mi N of Alice",Stomach contents,Accipitriformes,Female,United States,27.86424,-98.05131,0.009900000000000000,37114160,30022540,0.03574744267886990,872329573,4614054944,0.049731908079593000,12.0900636231426,0.922550544439607
EHI01822,AIH31E1L1I1,Cathartes aura,"Florida, 4.1 mi N of Brooker",Stomach contents,Accipitriformes,Male,United States,29.94825,-82.32286,0.7935,153980774,61053756,0.01728168921625180,13312271862,9426682207,0.03252049152244950,16.9392368828427,0.982910454935407
EHI01117,AIH26E1L1I1,Coragyps atratus,"Florida, 4.1 mi N of Brooker",Colon contents,Accipitriformes,Female,United States,29.94825,-82.32286,0.0,19220816,15053401,0.03250172954366630,0,2780003173,0.06710576639388600,12.5462861494666,0.883889876915211
EHI01146,AIG09E1L1I1,Cathartes aura,"Florida, 4.1 mi N of Brooker",Stomach contents,Accipitriformes,Male,United States,29.94825,-82.32286,0.0015,26549002,3445444,0.09125890325921380,3089107080,478267809,0.18595303654844200,19.4692480910957,0.606532483791083
EHI01660,AIJ04E1L1I1,Cathartes aura,"Texas, 3.3 mi SE of Cruz Calle, Howell Cattle Company",Colon contents,Accipitriformes,Female,United States,27.34788,-98.23905,0.044200000000000000,44204062,35703190,0.11731100769378500,931852319,4767386323,0.24129819957577300,11.835825501369,0.9321158071326
EHI01636,AII97E1L1I1,Cathartes aura,"Texas, 3.3 mi SE of Cruz Calle, Howell Cattle Company",Stomach contents,Accipitriformes,Female,United States,27.34788,-98.23905,0.0,39855802,32920370,0.09750103279763120,0,5223461135,0.21146264901670400,11.9745694476557,0.931002330643258
EHI01127,AIF70E1L1I1,Coragyps atratus,"Florida, Lake Butler",Colon contents,Accipitriformes,Female,United States,30.02768,-82.34884,0.0753,42457266,30838276,0.05138139470660860,1442812985,4180238155,0.1624313994656470,12.5140040704646,0.902072104065646
EHI01089,AIF81E1L1I1,Cathartes aura,"Florida, 4.1 mi N of Brooker",Colon contents,Accipitriformes,Female,United States,29.94825,-82.32286,0.6039,38082656,15720033,0.03862591256639850,3046705271,2298098614,0.100490617486791,15.507180766522,0.949988040277412
EHI01196,AIG48E1L1I1,Cathartes aura,"Florida, 4.1 mi N of Brooker",Colon contents,Accipitriformes,Female,United States,29.94825,-82.32286,0.772,17324726,11288736,0.027742413044002800,802437639,1732535639,0.051587885712703700,15.2541183045961,0.839728064721938
EHI01119,AIJ20E1L1I1,Cathartes aura,"Texas, 3.3 mi SE of Cruz Calle, Howell Cattle Company",Stomach contents,Accipitriformes,Female,United States,27.34788,-98.23905,0.0,25557202,20129784,0.07575715384780620,0,3393895657,0.1817612946390480,12.7020146007893,0.836856236646161
EHI01087,AIG04E1L1I1,Coragyps atratus,"Florida, 4.1 mi N of Brooker",Colon contents,Accipitriformes,Male,United States,29.94825,-82.32286,0.2016,30333886,23110756,0.0663627907331773,901666067,3302283366,0.13738635036188900,13.5841024789703,0.874359790901148
EHI01219,AIF86E1L1I1,Cathartes aura,"Florida, 4.1 mi N of Brooker",Stomach contents,Accipitriformes,Female,United States,29.94825,-82.32286,0.0,28555532,23541124,0.035542314028462200,0,4193717507,0.05571990220796300,12.6468378160195,0.909250472361577
EHI01147,AIG37E1L1I1,Cathartes aura,"Florida, 4.1 mi N of Brooker",Colon contents,Accipitriformes,Female,United States,29.94825,-82.32286,0.0,21537840,17335962,0.059037635366467300,0,2935187528,0.1451012119476750,12.3531552022007,0.876007432511531
EHI01824,AIJ53E1L1I1,Cathartes aura,"Texas, 3.3 mi SE of Cruz Calle, Howell Cattle Company",Stomach contents,Accipitriformes,Male,United States,27.34788,-98.23905,0.0126,59242788,49804470,0.02390396774249990,1052735409,7671855404,0.04167930385725750,12.8054631371322,0.930809069919893
EHI01195,AIF64E1L1I1,Coragyps atratus,"Florida, Lake Butler",Stomach contents,Accipitriformes,Female,United States,30.02768,-82.34884,0.5022,18985248,3919901,0.02066597351597630,2202403704,603037979,0.03522829954481630,19.7025332621212,0.643106179792499
EHI01796,AIH37E1L1I1,Cathartes aura,"Florida, 4.1 mi N of Brooker",Colon contents,Accipitriformes,Male,United States,29.94825,-82.32286,0.8136,51361730,5372689,0.02717507027646800,6778293215,830288748,0.039256373250251,17.6846484661023,0.960986146497493
EHI01098,AIF97E1L1I1,Coragyps atratus,"Florida, 4.1 mi N of Brooker",Stomach contents,Accipitriformes,Male,United States,29.94825,-82.32286,0.0167,19517274,267179,0.0772848757025576,2614262907,37288829,0.16428667594175300,18.7669711941371,0.620438571156549
EHI01787,AIJ42E1L1I1,Cathartes aura,"Texas, 3.3 mi SE of Cruz Calle, Howell Cattle Company",Stomach contents,Accipitriformes,Female,United States,27.34788,-98.23905,0.0042,73832954,61499388,0.031225134559583800,1330425274,9537166543,0.04936307978182360,12.201779309101,0.962527503772286
EHI01799,AIJ59E1L1I1,Cathartes aura,"Texas, 3.3 mi SE of Cruz Calle, Howell Cattle Company",Colon contents,Accipitriformes,Male,United States,27.34788,-98.23905,0.2004,59710014,47444560,0.020870972371481100,1405862520,7353792851,0.042390349490549100,13.0702619957954,0.942719798851127
EHI01223,AIH64E1L1I1,Coragyps atratus,"Florida, 1.4 mi W of Hasan",Stomach contents,Accipitriformes,Female,United States,29.85755,-82.4619,0.5973000000000000,15034756,3164663,0.03640320748668210,1720283008,478323775,0.060589811989932200,18.7210205338488,0.72032207078051
EHI01140,AIG42E1L1I1,Cathartes aura,"Florida, 4.1 mi N of Brooker",Stomach contents,Accipitriformes,Female,United States,29.94825,-82.32286,0.0016,24469060,264552,0.025152043478534500,3519645399,41389705,0.05418848830983450,19.9704786375806,0.625646972343317
EHI01186,AIJ09E1L1I1,Cathartes aura,"Texas, 3.3 mi SE of Cruz Calle, Howell Cattle Company",Stomach contents,Accipitriformes,Male,United States,27.34788,-98.23905,0.0,20325124,16873352,0.03237194776506660,0,2991858517,0.05043425422080040,12.5096266432857,0.876590516785032
EHI01139,AIG15E1L1I1,Cathartes aura,"Florida, 4.1 mi N of Brooker",Colon contents,Accipitriformes,Male,United States,29.94825,-82.32286,0.4459,25909478,17933980,0.06765090073718590,987536266,2485911979,0.1667228642322190,15.0533840336406,0.893317933443402
EHI01185,AIH53E1L1I1,Coragyps atratus,"Florida, 1.4 mi W of Hasan",Stomach contents,Accipitriformes,Female,United States,29.85755,-82.4619,0.7285000000000000,17444140,9348067,0.027669828665249600,1132903190,1433175170,0.046451354079480500,17.1813577945629,0.804691030694823
EHI01634,AIG04E1L1I1,Coragyps atratus,"Florida, 4.1 mi N of Brooker",Colon contents,Accipitriformes,Male,United States,29.94825,-82.32286,0.1883,107119606,81393760,0.07205600020568690,3211049835,11552273575,0.14739931764795000,14.2310405417859,0.921997887487032
EHI01823,AII42E1L1I1,Coragyps atratus,"Texas, 7.8 mi N of Alice",Stomach contents,Accipitriformes,Female,United States,27.86424,-98.05131,0.6918000000000000,92855116,52701124,0.0418337216900424,5638153872,8035743318,0.05933259290130470,15.4064682902426,0.953946158607441
EHI01795,AIH15E1L1I1,Cathartes aura,"Florida, 4.1 mi N of Brooker",Colon contents,Accipitriformes,Male,United States,29.94825,-82.32286,0.3883,34545064,23604604,0.029393817453773600,1429463564,3660199979,0.04664452169569360,15.5068786330274,0.911104171116037
EHI01656,AIJ20E1L1I1,Cathartes aura,"Texas, 3.3 mi SE of Cruz Calle, Howell Cattle Company",Stomach contents,Accipitriformes,Female,United States,27.34788,-98.23905,0.0043,59384838,46533076,0.08135195536049810,1446217319,6377779582,0.1931162121023580,13.1283688593934,0.869665188084429
EHI01655,AIG75E1L1I1,Coragyps atratus,"Florida, 4.1 mi N of Brooker",Stomach contents,Accipitriformes,Male,United States,29.94825,-82.32286,0.042300000000000000,92567944,7973483,0.06325903558690870,12031838452,1179840525,0.10869642544715500,20.3787514769461,0.778340252168111
EHI01657,AIH81E1L1I1,Coragyps atratus,"Texas, 7.8 mi N of Alice",Colon contents,Accipitriformes,Female,United States,27.86424,-98.05131,0.035700000000000000,47053692,36528790,0.05933000844077620,1298988186,5098951827,0.14730740958291800,12.138869977108,0.920800357287266
EHI01189,AIG31E1L1I1,Cathartes aura,"Florida, 4.1 mi N of Brooker",Stomach contents,Accipitriformes,Female,United States,29.94825,-82.32286,0.0048,23308028,370630,0.020633234562008300,3400657762,59160815,0.03082567981619460,19.9222517974629,0.643096651503212
EHI01109,AIH70E1L1I1,Coragyps atratus,"Florida, 1.4 mi W of Hasan",Colon contents,Accipitriformes,Female,United States,29.85755,-82.4619,0.0,22946552,17274620,0.05793761862737600,0,3125795836,0.14447722721136400,12.8298004721874,0.878163737061778
EHI01642,AIG37E1L1I1,Cathartes aura,"Florida, 4.1 mi N of Brooker",Colon contents,Accipitriformes,Female,United States,29.94825,-82.32286,0.07340000000000000,81023240,64945300,0.06564465979962550,1842611337,9109374161,0.1580155573591510,12.9606388634827,0.934176789351051
EHI01121,AIH92E1L1I1,Coragyps atratus,"Texas, 7.8 mi N of Alice",Colon contents,Accipitriformes,Female,United States,27.86424,-98.05131,0.0,16011882,12399834,0.1340877115259980,0,2061206631,0.25687513357601300,10.9026025719846,0.905274427539627
EHI01187,AII31E1L1I1,Coragyps atratus,"Texas, 7.8 mi N of Alice",Stomach contents,Accipitriformes,Female,United States,27.86424,-98.05131,0.0,17844736,14469059,0.03261708894589970,0,2631976641,0.04878419989066710,11.622338477846,0.903779527353127
EHI01639,AIG81E1L1I1,Coragyps atratus,"Florida, 4.1 mi N of Brooker",Colon contents,Accipitriformes,Male,United States,29.94825,-82.32286,0.014500000000000000,45272838,32987876,0.07445619992880690,1500218647,4395067940,0.19652398048756200,11.9028064194868,0.942609494311152
EHI01645,AII04E1L1I1,Cathartes aura,"Texas, 7.8 mi N of Alice",Colon contents,Accipitriformes,Female,United States,27.86424,-98.05131,0.4224,74433158,50636604,0.07038822153041400,2933416746,6898453612,0.18138432433721000,15.5535136447094,0.935115130739995
EHI01650,AIF97E1L1I1,Coragyps atratus,"Florida, 4.1 mi N of Brooker",Stomach contents,Accipitriformes,Male,United States,29.94825,-82.32286,0.0171,47982736,657273,0.08634203788870900,6367627409,90500662,0.18018845605864300,18.8758978383876,0.69756814071221
EHI01193,AIH97E1L1I1,Cathartes aura,"Texas, 7.8 mi N of Alice",Stomach contents,Accipitriformes,Female,United States,27.86424,-98.05131,0.0,22380466,18711472,0.030712772479676200,0,3293188883,0.04915714680119640,11.9153296190722,0.92112278365021
EHI01649,AIG09E1L1I1,Cathartes aura,"Florida, 4.1 mi N of Brooker",Stomach contents,Accipitriformes,Male,United States,29.94825,-82.32286,0.0012,60165034,7851494,0.1017842333624900,6926949868,1075435760,0.2035386154929560,19.5370552296782,0.693605104786498
EHI01791,AII48E1L1I1,Coragyps atratus,"Texas, 7.8 mi N of Alice",Colon contents,Accipitriformes,Female,United States,27.86424,-98.05131,0.1813,58178230,46331732,0.025556292300736000,1497781791,7104343275,0.039470417782755200,13.2640979288472,0.925377819623425
EHI01106,AIJ15E1L1I1,Cathartes aura,"Texas, 3.3 mi SE of Cruz Calle, Howell Cattle Company",Colon contents,Accipitriformes,Male,United States,27.34788,-98.23905,0.4501,31277018,23396680,0.0429092921376254,976916173,3382271747,0.11071269602110400,15.0241283806623,0.892772840680078
EHI01789,AII81E1L1I1,Coragyps atratus,"Texas, 7.8 mi N of Alice",Colon contents,Accipitriformes,Female,United States,27.86424,-98.05131,0.0421,58836674,48904350,0.022491833756800200,1220166360,7480095757,0.036363241989302000,12.3239274386519,0.933689184850049
EHI01798,AII70E1L1I1,Coragyps atratus,"Texas, 7.8 mi N of Alice",Colon contents,Accipitriformes,Male,United States,27.86424,-98.05131,0.1375,86515912,68050080,0.0331537542786533,2282606968,10514692748,0.04657067123980170,13.4122170547407,0.932907127672223
EHI01221,AIG20E1L1I1,Cathartes aura,"Florida, 4.1 mi N of Brooker",Stomach contents,Accipitriformes,Female,United States,29.94825,-82.32286,0.0,25656472,21823888,0.04943837275853720,0,3774078569,0.06781304774723210,11.8595591347963,0.934020390512672
EHI01647,AIF81E1L1I1,Cathartes aura,"Florida, 4.1 mi N of Brooker",Colon contents,Accipitriformes,Female,United States,29.94825,-82.32286,0.5809000000000000,77628846,31978218,0.04349558705206700,6193040094,4631304091,0.11085174187098800,15.5466762232938,0.972696500349018
EHI01184,AIH48E1L1I1,Cathartes aura,"Florida, 1.4 mi W of Hasan",Colon contents,Accipitriformes,Male,United States,29.85755,-82.4619,0.7522,18117110,9006627,0.03974530322387520,1261113152,1409999614,0.0561597741324209,16.728428645493,0.91580599805231
EHI01820,AII64E1L1I1,Coragyps atratus,"Texas, 7.8 mi N of Alice",Stomach contents,Accipitriformes,Male,United States,27.86424,-98.05131,0.1558,47800472,35336724,0.021673684485428700,1671464046,5236900741,0.05738238061801070,14.0594411834944,0.873869144646476
EHI01637,AIH70E1L1I1,Coragyps atratus,"Florida, 1.4 mi W of Hasan",Colon contents,Accipitriformes,Female,United States,29.85755,-82.4619,0.14,94200572,70520000,0.06320262981093490,2955389714,9820658695,0.15297269101087900,13.4806559632443,0.93618215659451
EHI01652,AII26E1L1I1,Coragyps atratus,"Texas, 7.8 mi N of Alice",Colon contents,Accipitriformes,Female,United States,27.86424,-98.05131,0.01,89098090,71073150,0.0765921561092252,2193015283,9596022525,0.1854602806238900,12.489841534645,0.937764088139236
EHI01107,AIH81E1L1I1,Coragyps atratus,"Texas, 7.8 mi N of Alice",Colon contents,Accipitriformes,Female,United States,27.86424,-98.05131,0.0,24838628,19350992,0.053485590846623900,0,3402755769,0.13555145740785200,11.71870706395,0.89865634578028
EHI01101,AIF53E1L1I1,Cathartes aura,"Florida, Lake Butler",Stomach contents,Accipitriformes,Male,United States,30.02768,-82.34884,0.0601,49282654,29650128,0.09196709796152440,2452268908,4107120177,0.1942883722060300,17.6531299026636,0.642372462692513
EHI01143,AIG26E1L1I1,Cathartes aura,"Florida, 4.1 mi N of Brooker",Colon contents,Accipitriformes,Female,United States,29.94825,-82.32286,0.8642,28129526,9925362,0.05485349142264250,2469945357,1433702974,0.12558792239431300,16.9148323977137,0.928047790385059
EHI01641,AIG15E1L1I1,Cathartes aura,"Florida, 4.1 mi N of Brooker",Colon contents,Accipitriformes,Male,United States,29.94825,-82.32286,0.4384,63217598,43668370,0.07365822310639140,2415298413,6002895168,0.17764202302678300,15.1152139952151,0.944824544996005
EHI01638,AII37E1L1I1,Coragyps atratus,"Texas, 7.8 mi N of Alice",Colon contents,Accipitriformes,Female,United States,27.86424,-98.05131,0.0707,102710446,74313030,0.09113690218574830,3405750402,9893514642,0.2154507032619560,12.9449911861124,0.940577835367928
EHI01821,AII86E1L1I1,Coragyps atratus,"Texas, 7.8 mi N of Alice",Stomach contents,Accipitriformes,Female,United States,27.86424,-98.05131,0.1063,129221260,98098616,0.025113633659684000,4011493448,15073145398,0.040129350361584800,14.105713490166,0.908531030982145
EHI01659,AIH59E1L1I1,Coragyps atratus,"Florida, 1.4 mi W of Hasan",Colon contents,Accipitriformes,Female,United States,29.85755,-82.4619,0.2403,85932482,64765984,0.07470929989034010,2669808970,9184268505,0.14906312562949900,14.2424280202746,0.913916321242801
EHI01104,AII37E1L1I1,Coragyps atratus,"Texas, 7.8 mi N of Alice",Colon contents,Accipitriformes,Female,United States,27.86424,-98.05131,0.07520000000000000,47142124,34389904,0.08428826394432690,1532780476,4617462065,0.20356448451034800,12.3739581560261,0.912385874943385
EHI01640,AIF92E1L1I1,Cathartes aura,"Florida, 4.1 mi N of Brooker",Colon contents,Accipitriformes,Female,United States,29.94825,-82.32286,0.7105,61618564,25528468,0.06607762406550640,4761548041,3582609766,0.1568779300249200,17.2735844819621,0.932695501614322
EHI01788,AIH09E1L1I1,Cathartes aura,"Florida, 4.1 mi N of Brooker",Stomach contents,Accipitriformes,Male,United States,29.94825,-82.32286,0.44770000000000000,40196724,31049596,0.024554308749160200,1125411663,4802022629,0.04106775130831200,14.4954671907205,0.916478818876889
EHI01828,AIG97E1L1I1,Cathartes aura,"Florida, 4.1 mi N of Brooker",Stomach contents,Accipitriformes,Male,United States,29.94825,-82.32286,0.5899,71473944,24870000,0.04035944618194500,6579357577,3831029109,0.06817051681443090,17.2573711462058,0.976865737731073
EHI01105,AIJ26E1L1I1,Cathartes aura,"Texas, 3.3 mi SE of Cruz Calle, Howell Cattle Company",Colon contents,Accipitriformes,Female,United States,27.34788,-98.23905,0.34850000000000000,40580548,29743800,0.05129391429395550,1321762905,4229939989,0.13473579811857000,14.1975429358826,0.909185909294576
EHI01643,AIH92E1L1I1,Coragyps atratus,"Texas, 7.8 mi N of Alice",Colon contents,Accipitriformes,Female,United States,27.86424,-98.05131,0.0028000000000000000,36602400,28302472,0.1468598857258790,972774455,3665609366,0.27924738940703800,11.6431671274625,0.920883267936371
EHI01792,AIJ48E1L1I1,Cathartes aura,"Texas, 3.3 mi SE of Cruz Calle, Howell Cattle Company",Colon contents,Accipitriformes,Female,United States,27.34788,-98.23905,0.5939,31352238,21801438,0.023927723380377400,1240521491,3342902507,0.04871158980934150,14.69762729505,0.941120264260422
EHI01126,AIF59E1L1I1,Cathartes aura,"Florida, Lake Butler",Colon contents,Accipitriformes,Male,United States,30.02768,-82.34884,0.524,31523326,20218112,0.11629095988148800,1398148988,2776849221,0.21973469005736700,15.8552521449918,0.885776240998548
EHI01802,AII92E1L1I1,Coragyps atratus,"Texas, 7.8 mi N of Alice",Colon contents,Accipitriformes,Female,United States,27.86424,-98.05131,0.11450000000000000,43543850,34367236,0.019107024793853800,1164392552,5263822142,0.034629745040684800,12.4747782354942,0.926270959262523
EHI01648,AII15E1L1I1,Coragyps atratus,"Texas, 7.8 mi N of Alice",Colon contents,Accipitriformes,Male,United States,27.86424,-98.05131,0.2138,67976660,50803184,0.05702200908904540,2144622005,7153414733,0.1401123069187290,13.869041149269,0.902505910621625
EHI01110,AIH59E1L1I1,Coragyps atratus,"Florida, 1.4 mi W of Hasan",Colon contents,Accipitriformes,Female,United States,29.85755,-82.4619,0.2606,41048108,31033496,0.0674561735315733,1263811225,4434919929,0.13689622326953700,13.7937055340838,0.887616007081258
EHI01793,AII53E1L1I1,Coragyps atratus,"Texas, 7.8 mi N of Alice",Stomach contents,Accipitriformes,Female,United States,27.86424,-98.05131,0.0208,46302750,37251984,0.0337307684714766,1109386207,5727298935,0.048857285530152000,12.3352338208601,0.938288277570347
EHI01635,AIG42E1L1I1,Cathartes aura,"Florida, 4.1 mi N of Brooker",Stomach contents,Accipitriformes,Female,United States,29.94825,-82.32286,0.0021,88148428,957809,0.029390620194007700,12612458592,147799971,0.06330515994397300,19.8797420881275,0.804205871014938
EHI01661,AIJ26E1L1I1,Cathartes aura,"Texas, 3.3 mi SE of Cruz Calle, Howell Cattle Company",Colon contents,Accipitriformes,Female,United States,27.34788,-98.23905,0.34980000000000000,106980504,78922424,0.057155214311629000,3412107018,11125556274,0.14584062712613900,14.5144401211119,0.952844285557051
EHI01192,AIH42E1L1I1,Cathartes aura,"Florida, 1.4 mi W of Hasan",Stomach contents,Accipitriformes,Male,United States,29.85755,-82.4619,0.0014000000000000000,19921922,11766631,0.05169144407366230,1120354042,1817923362,0.06756198794533040,18.5111778731232,0.631834419862478
EHI01233,AIF75E1L1I1,Cathartes aura,"Florida, 4.1 mi N of Brooker",Stomach contents,Accipitriformes,Female,United States,29.94825,-82.32286,0.7507000000000000,22921262,11426561,0.04734817864413520,1608285951,1757350319,0.06745113695838120,16.9649598792976,0.918635219641856
EHI01116,AII04E1L1I1,Cathartes aura,"Texas, 7.8 mi N of Alice",Colon contents,Accipitriformes,Female,United States,27.86424,-98.05131,0.4386,32411360,22067640,0.06603412079980090,1278955458,3042197453,0.16987760306250300,15.3762614386434,0.906889028325031
EHI01646,AIF70E1L1I1,Coragyps atratus,"Florida, Lake Butler",Colon contents,Accipitriformes,Female,United States,30.02768,-82.34884,0.077,61736414,44858976,0.05571954556884350,2087261736,6038527497,0.17142105148845200,12.7005450390565,0.916239189385013
EHI01095,AIG75E1L1I1,Coragyps atratus,"Florida, 4.1 mi N of Brooker",Stomach contents,Accipitriformes,Male,United States,29.94825,-82.32286,0.0416,49167404,4204352,0.05471303017595300,6434078753,628965749,0.09471134778263870,20.379138517883,0.688342990445103
EHI01224,AIH86E1L1I1,Coragyps atratus,"Texas, 7.8 mi N of Alice",Stomach contents,Accipitriformes,Female,United States,27.86424,-98.05131,0.235,20276532,14329928,0.02928573275131590,790965528,2203675482,0.04423473281163680,15.0072106998338,0.805782539533128
EHI01658,AIF53E1L1I1,Cathartes aura,"Florida, Lake Butler",Stomach contents,Accipitriformes,Male,United States,30.02768,-82.34884,0.0574,93588144,56137212,0.09928239514982970,4650932608,7720936197,0.20619859444588500,17.7560677620889,0.662450091513513
EHI01188,AIH75E1L1I1,Coragyps atratus,"Texas, 7.8 mi N of Alice",Stomach contents,Accipitriformes,Female,United States,27.86424,-98.05131,0.0,19697160,15626528,0.030745733657566900,0,2906365798,0.0465605365567997,11.4956901793285,0.918156060607444
EHI01794,AIJ31E1L1I1,Cathartes aura,"Texas, 3.3 mi SE of Cruz Calle, Howell Cattle Company",Stomach contents,Accipitriformes,Male,United States,27.34788,-98.23905,0.0,22139042,18729568,0.024492295446922600,0,3258935096,0.04268176410210130,12.0604140766014,0.91434959662455
EHI01120,AII97E1L1I1,Cathartes aura,"Texas, 3.3 mi SE of Cruz Calle, Howell Cattle Company",Stomach contents,Accipitriformes,Female,United States,27.34788,-98.23905,0.0,30747548,25436446,0.08813737904030360,0,4069727662,0.19537594077127800,11.9099928900634,0.918082341748026
EHI01651,AIG26E1L1I1,Cathartes aura,"Florida, 4.1 mi N of Brooker",Colon contents,Accipitriformes,Female,United States,29.94825,-82.32286,0.8394000000000000,61445490,21557998,0.06110344166218980,5386219171,3085009822,0.13705543494250800,16.9129168543793,0.957269418629915
EHI01800,AIH04E1L1I1,Cathartes aura,"Florida, 4.1 mi N of Brooker",Colon contents,Accipitriformes,Male,United States,29.94825,-82.32286,0.424,47140504,30900768,0.03400994536989160,2170702609,4784269485,0.04987101636504350,15.3671492859646,0.941111070795118
EHI01125,AIJ04E1L1I1,Cathartes aura,"Texas, 3.3 mi SE of Cruz Calle, Howell Cattle Company",Colon contents,Accipitriformes,Female,United States,27.34788,-98.23905,0.0,29237494,23670530,0.10423038032049700,0,3825874713,0.21855994529822200,11.6441478982591,0.913003614201977
EHI01182,AII09E1L1I1,Coragyps atratus,"Texas, 7.8 mi N of Alice",Stomach contents,Accipitriformes,Male,United States,27.86424,-98.05131,0.7058,22167158,14645337,0.021924668395689100,1030494081,2244734042,0.036586818366465000,15.7959914798115,0.871795183846368
EHI01152,AII15E1L1I1,Coragyps atratus,"Texas, 7.8 mi N of Alice",Colon contents,Accipitriformes,Male,United States,27.86424,-98.05131,0.2256,40517656,30418952,0.05100243549534920,1262366627,4322323101,0.12797572324418400,13.6494093205035,0.876757105598177
EHI01654,AIH26E1L1I1,Coragyps atratus,"Florida, 4.1 mi N of Brooker",Colon contents,Accipitriformes,Female,United States,29.94825,-82.32286,0.1309,89882678,69667096,0.0385036781701118,2516531544,10411436487,0.0780430677613706,13.3021729596703,0.939446914505825
EHI01128,AII26E1L1I1,Coragyps atratus,"Texas, 7.8 mi N of Alice",Colon contents,Accipitriformes,Female,United States,27.86424,-98.05131,0.0087,55729130,44636996,0.07008243806999430,1351155668,6082767271,0.17303147145123500,12.2112385987219,0.919105141272968
EHI01653,AIF59E1L1I1,Cathartes aura,"Florida, Lake Butler",Colon contents,Accipitriformes,Male,United States,30.02768,-82.34884,0.4921,55338840,35470412,0.12896987305862800,2435813587,4802463612,0.24046624908390900,15.9238661852928,0.904342449114882
EHI01097,AIG81E1L1I1,Coragyps atratus,"Florida, 4.1 mi N of Brooker",Colon contents,Accipitriformes,Male,United States,29.94825,-82.32286,0.0,24965912,18176998,0.06834497016835010,0,3277774408,0.18455345195837200,11.4365617049974,0.928443621122754
EHI01090,AIF92E1L1I1,Cathartes aura,"Florida, 4.1 mi N of Brooker",Colon contents,Accipitriformes,Female,United States,29.94825,-82.32286,0.7414000000000000,65927922,27367840,0.05980560679274990,5130134555,3891643356,0.14227287909127800,17.3040649400252,0.936881180545043
EHI01220,AIH20E1L1I1,Coragyps atratus,"Florida, 4.1 mi N of Brooker",Stomach contents,Accipitriformes,Female,United States,29.94825,-82.32286,0.0,23010076,18611380,0.033864754948435200,0,3391040421,0.05079158419624620,12.0280588704207,0.913123469508779