	EHI01184	EHI01652	EHI01139	EHI01101	EHI01106	EHI01651	EHI01147	EHI01640	EHI01233	EHI01095	EHI01186	EHI01097	EHI01790	EHI01109	EHI01828	EHI01089	EHI01638	EHI01098	EHI01824	EHI01219	EHI01645	EHI01189	EHI01788	EHI01797	EHI01146	EHI01660	EHI01798	EHI01656	EHI01648	EHI01196	EHI01128	EHI01634	EHI01182	EHI01117	EHI01792	EHI01185	EHI01152	EHI01636	EHI01120	EHI01647	EHI01187	EHI01794	EHI01789	EHI01642	EHI01823	EHI01188	EHI01802	EHI01221	EHI01104	EHI01641	EHI01653	EHI01796	EHI01822	EHI01220	EHI01650	EHI01793	EHI01090	EHI01126	EHI01125	EHI01119	EHI01799	EHI01637	EHI01661	EHI01654	EHI01635	EHI01821	EHI01801	EHI01639	EHI01107	EHI01659	EHI01643	EHI01110	EHI01192	EHI01800	EHI01195	EHI01649	EHI01791	EHI01087	EHI01795	EHI01127	EHI01644	EHI01105	EHI01787	EHI01646	EHI01143	EHI01116	EHI01224	EHI01121	EHI01655	EHI01657	EHI01223	EHI01140	EHI01658	EHI01193	EHI01820
EHA01589_bin.14	1	0	8	3	0	1429	2	158198	260	2	0	0	0	6	72	40	1	8	2	272	6	0	15	0	2	0	11	0	110	7	0	41	58	0	49	31	50	0	0	82	0	0	0	16	74	0	0	0	1	28	3	1450	1996	0	3	6	170726	0	0	0	0	1	23	18	0	12	0	1	0	12	2	4	0	3	35	0	10	6	44	9	5	10	2	14	698	4	1	0	0	0	8	0	4	0	9
EHA01589_bin.17	1154407	694	220860	518	57984	243422	6621	4035609	457	21228	95	55	43	38616	944	166743	17760	9	1524	957	891490	1171	10375	228	37	0	222616	42	17256	28881	422	82999	90	109	400315	12006	9652	2	0	338653	23	10	2663	24454	2176	13	108263	0	8374	542312	48818	278190	13105	190	64	146	4305523	28067	0	29	325101	155588	1609420	456	859	1816	14488	115	16124	139721	2071	66345	99	163808	5554	133	18221	22952	155186	161	130547	637027	1288	216	103081	388218	3827	938	40917	30429	1313	220	915	4	1850
EHA01589_bin.2	28767	1408	3	7	1670	6642	299	173446	0	40	54	13539	0	13052	112	5183	8162	12	0	31	1896	0	0	277	0	782	43581	0	431	67	952	892	48	2138	4071	218	315	0	0	11027	64	0	49	1166	108	487	12870	0	3923	20	15999	21129	16	31	21	6	187020	9054	451	0	512	52342	1581	10261	0	5	16342	24399	15212	30149	3467	14245	0	8814	827	0	15	331	59	10395	3953	665	0	14814	2968	852	18	1389	31	28735	20	0	18	0	18
EHA01589_bin.9	6588	12	441	28	663	58297	5124	957227	1868	107	14	6	2	10	6238	69143	1130	259	4	11	5642	9	26	9	6	43	4022	61	11398	237	10	22961	7609	8711	11649	3176	7095	0	0	140993	0	2	18	19797	15484	2	1630	0	532	1090	1911	525651	39824	0	764	33	1035215	1046	23	17	3150	79	19399	39741	23	542	35107	4	8	39935	6	18937	0	935319	537	6	4149	6665	20234	1181	1454	7912	254	1838	27089	2400	233	0	169	17	64	9	76	0	439
EHA01595_bin.11	315845	173	30553	954	238287	3078767	735	515515	7433	281	68	15	7	234	9778	70363	3869	894	237	380	182180	21	7688	350	0	1775	33897	108	3405	24028	103	5056	802	396	152356	1490	1999	3	0	142694	48	57	924	2989	13951	96	7822	76	1687	73551	97776	104584	193900	67	2211	23	555932	57412	1129	25	8927	929	93054	1455	16	1032	20944	7	2456	21181	66	9905	1	214072	1736	3	1858	1327	60128	1773	534724	36950	13	2839	1407552	78232	357	38	470	4536	74	4	1830	96	294
EHA01595_bin.1	9	0	263	114	3839	1252972	0	93980	211	42	11	0	5	3	142	4564	0	16	1	830	43	2	6	0	10	0	4	0	4	0	0	59	112	4	5	237	0	0	0	9388	1	0	0	4	23	5	3	0	0	719	57124	370262	157625	8	38	3	101193	32116	0	0	77	6	1509	3	25	9	19	0	0	7	0	2	0	9	256	17	2	18	72	4	8213	688	0	6	575633	8	59	6	74	0	222	0	123	0	66
EHA01595_bin.2	2555	913	5232	115	278309	805552	300	21866	1244	60	67	10	64	71	140	13751	1462	125	304	20	157366	4	0	10	2	134	2349	4	4731	731	581	16250	1301	676	13181	1243	2799	0	2	28548	2	12	646	1077	374	7	61826	0	741	12816	25809	25032	8656	7	275	4	23685	14908	79	1	301407	350	11834	2899	31	68	172579	18	0	8658	116	4171	2	4654	614	6	996	4545	4093	113	627061	4806	4	162	368420	67928	524	50	153	16	764	6	190	10	269
EHA01595_bin.5	358232	465	70791	276	19183	84432	2170	736594	158	6483	74	79	69	12615	29	55121	6354	8	614	325	294384	290	3168	149	34	194	72073	267	3658	9774	334	28092	57	67	128435	3431	2053	246	129	112378	59	65	837	8468	700	25	34593	58	3003	175689	15454	83460	4337	114	6	123	776585	8801	113	97	102791	51476	527889	241	249	664	4409	156	5354	46265	910	21984	68	51252	1196	65	6293	7770	48638	211	43413	207911	510	221	52914	127130	1377	331	12363	9714	185	83	521	40	609
EHA01595_bin.6	66	3186	106	4	103383	389093	2913	1559	199	35	21	2927	4	1583	36	1187	91	9	0	6	223325	0	0	2	6	13577	1202	0	3632	6312	1858	216	295	181	168	219	2123	0	0	2588	2	0	7	10926	417	7	347	0	40	200	108426	34790	727	9	42	10	1668	63242	8922	0	9375	6629	93143	783	0	53	653	5184	667	939	94	419	0	77630	313	0	26	37	2254	560	233331	37788	0	795	178423	97481	20	55	100	1329	115	0	2	0	52
EHA01595_bin.7	98762	4568	38040	27638	6542	3275257	1453	258761	338	234	589	1412	1782	1058	1054	40361	13548	24	1867	770	69303	29	1157	3627	115	21374	14882	1933	6234	156250	2989	9570	534	791	86227	219	3832	1403	1214	82502	806	624	5923	5845	2731	821	4704	759	6547	93335	325105	23169	2576	700	23	2033	277518	185359	14018	772	2785	4270	389694	3495	22	6727	73765	2418	1314	4863	1469	2241	326	36732	180	287	6802	2776	42650	2545	14596	153348	2330	3530	1479842	29824	577	724	406	2446	137	7	52370	647	1931
EHA01595_bin.8	0	0	168	51	2746	8741924	0	174744	382	74	6	0	17	0	111	1224	1	6	34	1999	84	1	2	0	6	0	0	2	0	0	0	84136	226	2	4	1033	0	1	0	2424	2	0	1	4	37	3	4	15	0	448	48993	2271529	14404	0	13	0	187973	28232	0	0	102212	0	31	15	7	1	163	0	0	1488	0	742	0	0	276	18	0	24240	6327	38	6023	2	4	77	4001168	70	48	0	152	2	320	2	67	1	70
EHA01595_bin.9	0	35	0	365	7784	348983	18	8579	0	1	0	258	0	249	0	43	37	0	0	0	4916	0	0	0	0	4133	138	0	17	85	40	15	0	5	9095	7	20	0	0	142	0	0	0	102	2	0	17	0	23	0	98573	150	2	0	0	0	9678	57704	2883	0	5837	1251	3895	85	0	0	3	441	1029	1931	11	920	0	3335	83	0	0	2	14091	477	17873	1668	0	568	163482	2105	0	10	2	1795	0	0	588	0	2
EHA01598_bin.13	5	12	14	0	16	3	68	220	73665	2695	1728	0	57	176	792	1997	132	1105	9	5	74	230	4	0	148	4	187	0	641	185	0	1065	8474	82	21	30324	263	15	4	4511	0	2	9	296	3510	10	4	2	42	34	65	1790	163253	16	2621	2	188	36	2	0	13	789	3	387	317	1115	25	6	0	189	0	107	66	17	8753	235	474	311	3	420	17	0	20	720	8	36	612	0	5257	2	2366	157	11	18	6079
EHA01598_bin.2	0	0	0	12	0	0	133	21	196529	1397	452	0	206	104	875	533	18	230	55	888	14	190	4	0	167	0	69	4	1739	174	0	9	87476	12	0	33318	957	0	0	1153	4	0	0	605	7135	137	0	20	6	2	4	162	387038	141	489	44	12	0	0	2	9	426	0	51	551	724	0	2	0	218	0	128	2	0	32169	410	4	8	0	1667	2	0	10	2461	0	12	3148	0	3000	0	9295	166	46	30	6265
EHA01598_bin.4	1	0	0	70	4	27	69	19	49855	1292	544	0	77	26	4609	242	12	520	14	206	72	108	2	0	92	0	8	0	1819	89	0	12	15222	2	6	5164	1098	12	16	592	0	0	0	307	1263	14	0	8	6	2	27	969	70148	12	1225	24	21	6	0	0	22	69	13	12	280	318	0	0	0	77	0	37	12	0	8090	109	0	4	0	143	4	4	5	138	16	50	777	0	2422	0	15682	107	94	12	5030
EHA01598_bin.9	4	0	22	906	1111	1734	986	120	825486	48679	6970	0	1276	260	42920	3995	66	15052	1000	1933	39	4124	11	0	3789	0	8	270	140	241	0	35	490023	24	3	826890	110	33	31	8439	20	5	0	4224	67226	1510	0	591	22	27	116	1200	2017715	1461	37090	85	108	61	0	106	120	1179	16	174	6999	6118	0	0	0	981	0	511	157	0	184843	8520	0	23	0	253	2412	4	189	307	723	22	16188	0	94716	0	687391	1947	1643	486	35543
EHA01634_bin.19	21146	7	1061	9	3709	806627	47	183814	120	24	3	0	0	7	129	2609	74	60	36	60	7912	0	439	35	0	2	751	2	78	51	0	377	23	33	323	162	47	0	0	4906	11	0	8	141	25	2	304	16	29	2474	4959	13079	11582	4	138	1	198330	2833	0	0	68	18	15586	77	0	16	262	0	91	1952	0	953	2	1096	16	0	25	107	34683	121	8084	6105	0	209	366341	3316	7	4	50	149	0	0	25	5	33
EHA01634_bin.28	33092	4115	21780	46509	55372	114713	18522	37358	5424	90	8515	2214	312	561	10801	14909	7105	14	14365	11539	150565	180	10798	295	5087	77118	835	73979	2225	4552	2441	2828	246	252	15998	133	1151	46680	31395	35139	207	5474	458	83728	720	331	373	10619	2916	60039	106988	42113	24556	325	45	416	35303	54165	45137	27684	21827	2580	104622	1474	746	1036	23725	4227	916	2629	4309	1177	6449	23108	54	13356	400	747	17817	1558	130093	36539	30501	2385	52864	62502	207	1598	159	2038	26	176	105120	8926	311
EHA01634_bin.3	116619	3414	9584	55	11926	91329	1316	582833	1134	86	8	15	6	56	2526	85740	26277	167	30	69	88974	26	1180	21	0	419	54532	6	30441	3910	2247	4639	270	343	3871	336	17903	0	0	173408	4	3	9117	4467	2013	20	10140	0	12344	23485	41634	159593	18111	4	507	4	624727	24018	287	10	5170	198	46739	1487	10	202	8702	67	692	17682	12	8396	0	83658	285	2	5760	1211	61753	385	27425	18503	2	547	41409	37780	67	6	176	1290	96	0	202	18	137
EHA01634_bin.46	406	3464	1141	1379	66557	1214	1052	733	246	315	2332	2911	2530	100992	2520	331	99906	351	6555	668	2944	14	1563	1051	163	19348	26798	14249	38676	7962	2219	34968	623	407	212668	88	23041	843	722	743	5368	1015	6587	4348	13347006	97200	4464	1081	46480	2756	8751	891	3223	402	947	1981	713	5117	12589	6338	3766	408583	412955	1898	13	529539	6777	5008	26588	1657	1806	862	433	3362	294	316	516781	9899	1162	1735	150461	163144	8372	2517	572	1254	1714	659	633	51805	6828	4	2732	1045	4363
EHA01634_bin.6	0	0	6	118	748	1244720	4	536	1789	408	240	0	33	2	1296	78	0	108	32	69	0	10	6	0	31	0	0	6	0	0	0	28	1882	0	0	4022	0	1	1	164	2	2	0	13	472	70	0	8	0	10	29182	29595	9700	12	232	2	531	16897	0	4	226	15	23	2	112	94	0	0	0	7	0	6	6	1	3296	71	0	15	18	2	1539	7	3	3	568533	2	488	0	762	0	4029	39	278	10	1276
EHA01634_bin.9	109316	8	107187	15	527	15	36	22	0	28	3	8	6	6	0	4	12	2	7	6	1857	0	1	0	4	1	6	9	14	14	4	24376	0	302	6120	17	4	6	0	26	2	2	1	122	6	0	10	0	10	232939	254	15585	17	6	2	4	29	127	0	1	6725	21	1196	1587	2	9	469	2	6	631	11	278	0	43	42	2	63	6829	5845	6	1033	554	3	8	2	898	6	12	65	2	2	2	26	0	11
EHA01666_bin.11	15	3	10	1866	0	27	6	0	18102	8373	4434	0	7150	672	34029	308	58	5778	2304	9223	37	275	120	0	1454	0	14	393	34	340	2	4	12255	2	3	41569	16	49	40	786	26	20	3	20	26441	9965	1	360	34	8	111	2	77456	828	14515	1925	8	98	2	132	186	2702	4	41	2547	14304	2	1	2	73	6	28	764	0	247952	3609	0	1	2	126	15	0	140	167	22	6	82781	6	16144	4	336168	653	3487	179	194974
EHA01666_bin.15	4	32600	2	648	7	8	224	8	68056	3926	13829	11667	4614	4476	13628	74	69693	297	286	1394	30	530	62	2477	452	0	8373	92	18473	215	17556	22289	104386	2470	0	87306	9234	35	20	176	2525	2	4560	1094	43907	3976	3868	127	28100	0	8	39	851930	3207	684	4533	18	18	0	26	48	21207	0	14969	6512	13142	0	22553	7083	19125	28303	7758	98	0	426045	1108	4742	5243	0	11854	10	0	49	18921	5	26	13606	10748	7736	16011	89221	1946	1250	492	63354
EHA01666_bin.16	23	46	26	24	281	193	2391	5610	9497	127	24	0	6	31	624	24489	6084	2349	4	32	1397	93	0	2	0	191	6677	2	18570	504	37	67734	13654	1853	107	4202	11044	0	0	52035	3	2	89	8771	72117	3	101	0	2737	81	441	34807	39730	6	3489	39	5785	229	123	0	41	126	59	8362	211	1669	398	12	7	4418	22	1947	18	938	6769	4	18864	18871	57	8025	554	25	0	11724	104	556	1381	14	180	27	509	54	35	0	1471
EHA01666_bin.21	2	2	7	10	0	6	154	30	50043	1700	472	0	30	66	236	820	111	1103	14	114	267	97	0	0	98	0	1266	6	6721	572	0	131	51299	43	14	62984	3939	3	0	1771	2	0	4	570	4842	69	0	0	58	15	8	359	405560	22	2755	46	17	4	0	6	2	274	2	277	316	670	3	8	0	1063	0	502	0	2	22516	199	5	42	6	7083	0	2	6	10571	0	96	719	0	3316	0	1738	81	24	12	28050
EHA01666_bin.24	1	13505	0	19	6	20	17	68	5351	6184	1039	5634	2207	3555	1487	106	34828	4170	15	27	36	124	58	1336	74	10	5161	13	8081	57	7460	11016	5643	1359	0	10130	4223	19	8	161	1213	1	2668	70	7563	1491	2365	0	14270	0	6	117	54296	1528	8975	2670	95	25	4	5	13	15556	15	7825	202	9253	13	11440	3195	9081	11541	3718	18	2	55011	161	2596	2828	3	8083	9	6	16	12772	3	8	2511	4361	10304	6986	10364	40	35	13	5071
EHA01666_bin.26	104	1	34	17	4	44	130	667	61147	989	308	0	165	104	324	233	52	181	31	595	337	88	8	1	55	2	102	0	1750	78	0	26	104378	11	8	36266	1038	4	2	588	0	0	1	561	7248	150	26	2	27	77	67	207	209970	133	519	27	719	22	0	0	28	438	4	73	205	779	9	0	0	344	0	167	0	36	29027	158	21	2	65	1305	5	0	0	1908	12	163	3163	0	1692	2	10432	63	26	16	6330
EHA01666_bin.8	0	0	2	4	2	10	50	4	24204	3172	1206	4	56	921	1133	143	68	2924	10	8	3	152	2	0	58	0	380	0	203	195	8	1382	7328	10	13	34445	131	6	3	252	0	0	0	163	5679	0	0	0	42	5	4	77	168837	203	6705	8	2	3	0	0	13	3692	2	45	428	2474	1	0	0	112	2	41	12	0	62002	220	163	378	1	1715	4	5	20	2766	7	2	970	0	5897	0	16750	123	2	12	20730
EHA01709_bin.1	24	5	17	138	8	186	29	3985	105921	151	43	2	31	106	877	8925	22	796	535	3955	8790	20	29428	0	18	2	147	905	1638	1463	0	533	5556	57	21	64404	964	8	2	17959	90	51	0	98	342	813	9	56	16	29	130	648	141603	47	1926	21	4442	92	0	335	26	366	4139	219	51	401	276	6	9	7239	8	3652	2	150	2002	23	2	136	567	759	19	1836	26	1086	52	3773	139	0	228	5	24	20	201	2144	165
EHA01709_bin.31	18	12	91	576	59	253	3	213	798	12986	354	14	10461	486	3300	115	193	15462	104	728	119	54	148	0	241	16	33	12	106	58	19	72	5548	19	30	22712	47	0	0	193	29	0	13	28	21160	9639	10	45	88	240	337	833	5901	461	38143	1338	234	180	10	2	33	2445	87	64	496	15315	20	53	17	186	6	106	65	53	235230	672	35	20	44	124	135	35	9	152	102	42	192542	5	25145	37	290159	118	1156	41	228653
EHA01709_bin.35	12	12	261	14	72	687	72	26936	26419	3388	1267	2	311	332	899	1107	35	4444	169	84	8502	255	2	4	48	14	22	19	8931	163	11	263	51039	50	321	12185	5449	26	27	2293	6	0	3	287	8190	32	40	0	13	598	786	77480	161745	201	10591	70	30036	432	0	3	78	1217	2383	271	682	769	73	17	2	3075	2	1523	6	174	19955	78	11	76	127	406	156	948	24	544	325	3807	22788	4	6010	8	16209	204	33	70	14009
EHA01709_bin.43	6	0	6	28	3	25	173	169	107610	1328	495	0	254	109	762	433	24	295	36	806	52	163	18	0	135	0	81	1	1972	137	0	36	109484	12	0	40235	1163	2	6	946	0	0	5	617	8690	177	2	28	11	18	160	152	295405	118	670	70	135	111	0	0	28	489	2	53	369	864	2	4	2	297	0	119	4	3	40856	283	23	7	0	1740	5	1	3	2476	23	14	3554	0	2301	0	11433	91	54	6	6911
EHA01709_bin.44	6	391	0	39	12	4	0	212	0	4	0	12	2	205	12	386	200	3	0	38	160	6	0	0	2	0	193	0	982	0	298	9256	0	1503	1	1263	629	0	0	759	2	0	106	0	57	36	10	0	108	0	33230	2664	1	12	13	15	321	21173	0	0	0	848	29	5874	10	65	0	14	29	22977	26	12384	0	51	191	8	13	3093	4	1799	21	7	0	2128	0	95	15	20	4	49	12	8	110	0	128
EHA01709_bin.60	0	0	0	577	1171453	3752	2	92	71	298	7	0	6	0	34	57	0	0	0	11	0	0	2	0	0	0	0	0	0	4	0	0	133	0	0	97	0	0	0	95	0	0	0	0	11	2	0	0	0	2	102	6115	2087	2	8	0	74	69	0	0	44	0	6	0	2	0	0	0	0	0	0	0	0	0	82	2	0	0	6	2	2631680	0	0	10	1704	0	0	0	516	0	70	0	1221	0	33
EHA01709_bin.62	48	38	9	22	329	98	2870	6944	15139	102	43	2	9	23	583	38666	6893	2112	2	16	1646	78	0	0	0	256	7306	6	16414	854	20	102783	8540	1354	122	2196	10737	2	4	74692	2	0	103	10822	74273	8	96	2	3206	40	478	44848	45737	12	5099	7	8065	267	168	2	23	122	35	5438	187	1443	352	2	2	3513	6	1767	3	923	4544	4	19669	31297	20	9974	778	14	2	13776	51	707	832	7	171	30	249	56	32	0	1424
EHA01709_bin.65	0	0	0	2	2	0	18	2	21232	1877	901	2	36	432	671	85	20	1436	0	10	4	115	0	0	54	0	94	0	13	126	0	471	4639	2	16	20653	11	6	12	147	2	0	0	125	2243	8	0	0	4	8	0	59	95486	69	3349	12	0	0	0	0	2	1647	0	2	239	1239	0	2	0	36	0	29	22	2	27739	148	5	137	0	830	2	0	18	1204	0	0	424	0	3169	0	7091	80	2	8	9657
EHA01709_bin.77	75207	1141	18271	293	4243	53236	727	226272	78	82	8	647	120	203	963	22565	5863	513	82	65	159927	47	75	603	525	251	5942	117	4104	754	703	6636	390	159	3273	61	2511	101	79	44162	16	9	1328	2670	308	38	3008	23	2892	44011	62404	129432	6460	24	1354	97	247382	36534	152	77	835	759	7187	634	643	521	3290	1144	383	6215	440	3167	6	63423	33	1375	350	1779	28176	418	9153	2920	48	498	24921	71164	39	190	132	901	6	138	570	20	216
EHA02611_bin.11	356466	380	104037	300	20645	52543	2357	466812	122	13489	56	109	37	82486	106	46621	5279	10	331	239	850679	483	3269	82	28	74	76418	92	3260	13741	226	53482	45	77	92104	12276	1931	77	70	94862	27	17	775	8754	780	15	27030	20	2406	257158	18505	143266	3354	98	12	70	485526	10681	69	50	65214	353696	536031	277	380	622	3926	190	7052	47735	775	22486	52	171632	2986	77	5602	15139	65747	215	46418	207648	378	258	22516	367322	1547	332	25909	14966	962	96	602	14	634
EHA02611_bin.15	2	0	0	65	192	478	398	51	98355	34685	4064	0	2772	1701	8281	175	333	9462	826	63	128	630	6	0	206	0	6	45	91	461	0	23	106940	0	0	110951	44	67	40	280	50	0	0	1801	38894	3176	0	526	142	2	51	184	475718	503	23341	55	40	24	0	20	156	6554	14	38	10642	22147	2	0	0	232	2	102	85	1	45949	389	0	2	5	40	411	4	141	48	199	53	143443	0	67167	0	877659	2853	96	776	315219
EHA02611_bin.16	121	145	401	1847	5365	37405	387	3205	153399	74318	15939	23	8964	1267	46675	2206	628	28309	945	789	859	2130	165	51	2987	196	236	173	431	1560	111	726	284702	59	412	123423	273	120	127	4528	130	38	112	1486	41573	1194	109	381	279	1128	1717	19566	924368	1049	70230	281	3402	977	139	87	524	4943	1644	317	11543	9616	256	44	54	697	55	270	149	260	194846	6641	275	224	183	369	11878	633	247	549	17187	360	75307	29	142768	86	781571	3168	3587	1610	127252
EHA02611_bin.22	65	0	4	76	536	86	3294	1351	460845	2383	283	24	31	778	1213	64791	4976	206	32	296	2326	128	5	0	85	140	1701	3	19311	2828	0	6786	3407	776	194	79860	11604	4	6	134061	6	8	47	13352	23118	4	3	0	2166	38	280	55029	2505306	10	490	6	1264	136	88	1	200	3295	6	3425	37	1331	1593	7	6	49468	12	22715	16	387	29507	138	1711	1927	10	47305	1277	4	6	69522	16	932	396	8	4647	22	1894	14	132	2	3293
EHA02611_bin.24	5	0	203	463	814	11075	188	1183	64299	5561	1145	3	385	76	13384	1314	65	2319	102	452	346	201	22	0	202	6	42	33	6751	266	4	311	61184	29	335	39236	3725	16	6	2790	2	4	1	780	5319	166	25	8	30	557	710	12461	207546	104	5894	85	1299	354	0	21	158	368	266	137	791	1681	32	0	4	656	10	292	83	119	56471	454	5	103	103	780	2028	123	16	1065	5020	174	4107	0	10521	0	68950	205	937	10	20433
EHA02611_bin.28	2	40	404	80	367	24133	121	335005	40518	2884	1706	2	410	673	5361	4858	43	7547	302	879	33655	249	6	0	143	0	191	110	32893	167	22	793	92597	244	716	61724	19599	27	43	9389	9	2	5	475	24186	221	282	26	11	1023	1411	198751	196790	466	18446	616	360789	796	0	40	191	2915	59964	1295	1487	1522	64	5	0	11323	10	5561	7	1949	29732	356	0	258	279	1331	840	24316	54	2042	11228	14414	38442	2	5436	4	29098	388	156	76	16300
EHA02611_bin.31	524945	32238	296423	94	25831	218220	13560	1859049	126	109	0	72	8	49	861	261108	195724	6	6	14	992716	10	127	8026	1	3559	253226	4	162259	1682	20314	13318	29	250	4818	34	94876	0	0	525649	8	0	77761	51783	180	2	150200	2	90957	723420	214624	397596	1101	2	26	3	2002496	123528	2436	4	12731	193	44637	927	5	13	78773	118	3438	65129	12	31218	2	325918	33	2	5998	3910	276153	108	57524	17596	3	167	99365	432464	22	2	195	6682	58	0	241	0	54
EHA02611_bin.32	3064	789	14734	187	1554	40937	25543	59363	2123	154	7	12	48	185	227	1764836	1157	15248	30	196	3739	29	101	53	0	36	15038	14	29782	110	474	193741	67	10513	12875	9456	17811	2	0	3577930	41	2	2970	97789	1054	2	13099	37	618	35589	127246	3140341	317489	162	37274	14	64074	73213	36	4	2312	765	22125	49694	81	1291	1432	14	79	90790	17	43318	0	1414	5312	2	22382	54482	107913	84832	3617	8917	0	121623	18757	1571	95	6	300	157	6	11	350	2	435
EHA02611_bin.33	0	2	469	2063	173	1934	33	76076	59820	4349	115	2	7	1888	423	12524	23	9032	37	204	6333	6907	20	0	10085	0	15	0	1877	386	0	490	3908	80	611	232681	1119	0	2	24558	0	0	2	154	1042	7	49	2	4	1170	1602	398188	1195184	50	22574	16	81113	974	0	4	193	7220	3715	356	32475	144	90	6	0	34792	0	16781	14	405	69945	22850	5	123	294	4820	310	1390	3	6798	840	2695	1608	0	8378	0	89926	8966	4024	18	800
EHA02611_bin.34	0	2	461	2	66	463	130	647498	992	168	70	10	20	22	42	1852	9	220	4	12	67235	24	0	0	0	0	58	6	8898	16	2	555	87351	136	824	3281	5170	2	0	3689	1	0	1	437	500	5	87	0	1	1341	1550	8323	11093	8	514	5	698751	931	0	8	153	110	31139	623	23	70	315	20	0	29931	0	14144	0	302	769	10	4	187	347	33	140	12674	4	48	233	28655	1064	0	408	0	609	4	5	0	549
EHA02611_bin.37	92	265	183	178	455	687	1440	15888	43842	425	168	9	73	306	3867	79192	14376	3498	33	266	1284	162	23	15	23	614	22988	42	140007	2594	188	200043	16567	27593	310	54597	82474	4	0	165024	5	8	391	5743	751556	111	442	0	6507	344	2457	70926	60687	72	8516	354	16153	1338	391	6	152	1298	263	131634	405	18696	2744	12	165	55812	160	26185	45	2105	14284	69	156314	56302	140	26843	955	87	3	38840	255	566	7024	71	800	277	3403	136	312	2	10961
EHA02611_bin.39	40	117	26	41	275	423	4046	7764	12611	167	38	27	35	63	607	34531	15564	7930	7	38	2131	128	4	8	2	284	14157	26	33342	807	62	448492	11771	2609	189	4538	19753	0	2	73035	15	5	218	15912	145798	7	153	6	7189	58	495	56478	70268	12	20540	37	7862	283	193	10	33	282	137	12500	239	3367	401	8	31	10299	49	5023	4	2345	7205	6	41653	123319	82	16114	778	63	9	22875	163	840	1579	17	302	69	403	69	46	0	2753
EHA02611_bin.44	59956	4315	57649	17531	18182	1678836	7380	102486	56	2713	35	661	107	222	1035	34796	80837	24	290	48	386549	113	35	19066	37	94545	100061	296	26656	1426863	2563	22842	49	1497	202218	139	15839	168	99	71791	75	35	39832	26405	601	60	31947	25	36286	142405	339701	77447	5913	94	32	146	109032	194833	62952	82	5484	1042	546840	7349	21	10203	213794	1225	1883	6632	1714	3242	282	94408	145	81	43267	6700	70010	683	41792	218342	156	899	755241	166984	153	681	5136	3633	12	5	34590	19	646
EHA02611_bin.48	0	0	0	2	2	2	26	14	5424	6484	1038	0	19	855	1216	86	20	3763	13	14	0	142	0	0	66	2	28	0	17	65	0	216	3829	2	0	9857	4	6	6	163	2	8	1	72	2675	23	0	0	0	4	2	120	62473	48	10630	14	0	2	0	0	8	3478	0	13	181	2163	2	10	0	40	0	8	21	0	43645	194	0	60	0	201	0	0	13	357	0	2	1049	0	13517	0	10563	44	0	2	3652
EHA02611_bin.49	2	10	6	415	4	7	48	14	21971	4072	1277	8	68	920	1076	79	70	2754	15	22	8	146	2	2	80	14	232	5	65	169	8	1017	6599	8	25	31794	47	16	23	181	10	0	3	191	4375	21	2	2	42	24	14	77	147260	183	7090	14	8	4	2	6	15	4063	14	22	377	2405	11	28	10	86	10	36	46	3	55729	234	5	314	2	1857	14	2	19	2612	0	9	977	0	7818	14	15423	119	815	16	18931
EHA02611_bin.53	5	38	75	84203	108	916	352	5233	27712	4101	1518	12	373	315	4439	2375	108	297817	101	763	1945	285741	788	15	374338	28	197	58	1899	14080	28	483	18814	29	127	25042	1000	22	24	4897	33	10	18	1406	8482	186	27	35	75	207	451	16758	188735	1036	731089	129	5833	225	20	15	54	1440	926	228	1271503	2840	32	25	9	2947	19	1360	59	314	95279	844079	112	142	70	3658	186	330	40	5428	489	856	5465	16	7847	29	14925	357188	156644	49	6653
EHA02611_bin.54	1066	46414	1044	357	218	1576	1216	10185	13032	1896	51	25605	5528	12055	182	8272	117649	407	111	95	4280	70	102	3724	43	133	13613	132	49275	408	25966	45976	8602	4591	170	7726	27200	92	63	17019	3388	24	6753	4722	24301	3902	6387	41	47964	2531	954	4903	42486	3687	977	7103	11314	563	107	45	324	56429	1168	26432	147	19388	271	49448	10125	31045	38909	13300	52	935	2551	95	8813	11451	7374	34375	566	437	134	52338	700	1978	3232	15427	4248	21486	809	39	690	43	6429
EHA02611_bin.59	2800	67	1586	756	920	26098	352	30076	64201	495	197	7	31	128	11425	25439	907	1843	318	1063	8184	47	15387	59	36	368	2488	378	5044	4508	44	4562	8283	381	2076	65929	2880	0	2	54195	56	60	228	1643	8244	146	508	26	381	3918	5840	39011	342602	36	4492	39	31680	3243	219	155	374	573	8268	1847	178	617	1321	9	28	18986	9	9002	2	4230	6730	102	1149	1199	2384	1566	2079	3081	24	2623	11889	3598	1440	9	892	64	1605	51	1359	467	1300
EHA02611_bin.9	269	1918	588	1591	514	360	359	843	2409	1478	1629	615	857	366	684	298	2546	756	1869	1566	2066	323	545	475	354	718	1273	1843	1197	350	1103	1727	2537	304	470	479	663	841	603	605	367	427	557	1442	3547	478	598	312	1148	1483	1159	92	31418	562	1853	1084	896	567	451	797	1022	1588	2390	1667	1021	3281	899	1222	357	1147	393	590	519	762	22931	969	1128	371	403	825	1005	916	962	1324	152	848	3110	205	3113	628	117184	258	3168	768	13145
EHA02637_bin.10	0	20	0	1338	26716	35844	2	30136	0	0	2	65	0	118	0	123	6	0	0	0	93	0	0	0	2	13951	12	0	0	208	15	0	0	0	28164	4	3	0	0	257	0	0	0	3	0	0	2	0	4	0	343935	254	0	0	5	0	32547	201522	9633	0	10237	339	8805	0	6	0	0	82	169	271	6	136	0	8680	3	7	0	0	47131	51	59820	3535	0	76	15625	40	0	0	2	355	22	0	2660	0	4
EHA02637_bin.13	15	8	262	176	315	23257	21	485659	1159	133	5	2	0	32	38	860	30	5	2	5014	251	2	3	0	3	0	73	2	259	34	0	328	41	13	399	50	154	0	0	1786	2	0	0	70	1012	9	29	0	18	755	784	30758	34919	1	42	9	504605	425	0	0	71	79	352	85	15	184	22	10	15	376	2	196	5	171	325	16	6	82	224	28	736	108	0	46	10478	119	11	0	262	25	57	10	333	0	38
EHA02637_bin.16	476	34	338	84	119	35091	27	400051	245	95	6	2	0	13	136	610	745	2	7	141	985	4	194	3	0	33	519	1	431	250	29	449	88	67	124	81	224	0	0	1271	8	0	41	115	960	2	121	4	354	957	1634	117902	8651	2	33	5	429104	838	20	2	22	71	400	399	4	32	86	1	6	353	6	145	2	411	105	8	268	127	1216	58	259	168	0	97	16187	437	13	2	150	19	35	1	120	0	250
EHA02637_bin.18	1079	0	612	2	41	244	2	1166	6981	136	0	0	0	11	8	168477	5	6	1	6	860	12	11	0	0	2	47	0	6	18	0	213	12	72	124	97	4	0	2	337831	0	0	2	32	6	0	17	0	1	1361	76	751	185	3	7	0	1257	86	1	4	56	23	1141	317	23	10	5	0	5	171	0	83	0	396	375	6	6	41	49	2	112	440	2	2	115	372	4	0	309	15	31	9	16	0	6
EHA02637_bin.35	4	0	473	23	876	818746	2	3468	37	37	1	0	2	0	2	444	4	2	0	431	64	4	0	0	0	0	9	0	11	0	0	41	31	0	4	116	6	0	0	717	1	0	0	12	32	0	1	727	4	1236	787	6637	6694	0	6	0	3423	488	0	0	2	2	61	3	33	9	11	1	0	15	0	6	0	22	28	8	12	2	57	3	2002	28	0	13	376217	25	8	0	83	0	77	10	92	0	27
EHA02637_bin.37	98210	1265	53005	12	3478	150440	4051	2086830	0	6	0	0	4	6	18	282237	11553	0	0	2	81956	26	0	943	0	291	20297	2	23154	753	809	722	0	24	3100	0	13790	0	0	568554	1	0	3829	15229	9	0	16956	0	5539	127083	176187	537826	30	0	0	0	2256118	101888	185	0	1650	14	70304	158	0	0	7857	4	141	15081	2	7270	0	203509	0	1	341	200	64642	16	8075	27808	0	32	68681	35773	0	6	8	251	0	0	49	0	4
EHA02637_bin.44	259	0	22	8295	363	5424	24	96265	28	53	15	0	0	3	2099	20	14	35115	1	1376	94	25002	11	0	42744	2	19	0	45	1312	0	273	98	122	16	325	29	2	0	10	1	0	0	84	467	1	0	4	3	23	9277	14626	85682	123	88250	4	100246	5109	0	0	176	5	13	504	125292	81	1	0	1	216	0	102	251	363	3032	99234	28	69	14811	2	933	4	10	15	2259	43	5	0	129	2	0	34265	16004	0	51
EHA02637_bin.50	0	0	10	413659	0	2	0	1	0	10314	15	0	21	0	0	0	0	3	0	0	0	0	0	0	0	0	0	0	7	0	0	0	13	0	0	57	2	0	0	0	0	13	0	0	21	0	0	0	0	12	14	5	401	10	9	16	5	9	0	0	0	0	0	0	0	1	0	0	0	120	0	66	0	0	3612	6	0	0	0	6	0	0	2	2	2	0	4	0	20347	0	16	0	785868	0	131
EHA02637_bin.51	6376	2415	14660	10802	7265	65768	4216	1836136	61291	3951	3573	941	743	1660	42298	16713	5116	5818	3639	5083	107838	543	2520	316	1235	14629	5037	16821	27491	2589	1348	21405	63780	818	10218	60462	16512	9478	6932	34965	245	1055	729	17814	21858	412	2432	1262	1984	36382	22114	334956	338831	659	14951	899	1983055	11462	8335	6442	11640	6997	112790	4011	2713	2607	3702	1834	1308	21486	1617	9954	786	13773	27497	2841	1025	6263	7616	2999	17065	43594	4991	4372	29945	46346	25181	673	7631	2425	30280	679	23653	1458	12706
EHA02637_bin.61	538	1920	1148	834	967	12618	767	152282	543	302	1121	622	1696	494	359	611	2955	6	2474	1048	2830	18	888	707	184	841	2461	2192	1881	574	1130	2393	230	598	814	75	1147	997	702	1284	547	782	1926	2770	1675	502	925	875	1339	2971	2465	14063	2863	968	27	1396	161494	1437	553	954	1222	1918	2851	2849	53	3191	1316	1250	579	1925	813	793	635	954	132	396	1021	703	848	1228	2370	1087	2247	1681	5839	1204	456	379	585	1085	144	8	1355	825	1953
EHA02637_bin.63	4	0	0	614	0	0	44	29	123148	37773	0	44	0	2	14	142701	20	314	8	0	10	1246	0	0	40	0	27	0	17	57999	0	5956	0	559	0	2623	6	0	0	302986	10	0	1	179	24	0	34	0	8	2	248	7103	23176	56	902	1	53	149	0	0	0	0	0	2600	1582	56	2	38	0	5532	0	2478	0	20	3254	110	3	1650	21	4	0	6	0	10	0	2	0	0	74504	0	0	428	1108	0	7
EHA02637_bin.64	2076	77	1018	2565	267	3039	119	15484	364095	530	1062	46	120	6	29486	276719	814	1937	975	2234	14345	18	124793	23	0	24	1224	1367	1788	72	60	1097	1252	547	71	37490	1012	8	6	569202	139	374	255	349	2603	301	500	38	350	2661	1381	37416	3511286	224	4662	63	16279	748	19	580	90	23	3282	2358	8	670	1472	28	7	9841	59	4503	4	6623	7714	0	65	299	13549	180	550	1339	62	289	1375	5924	1609	22	1036	24	7	6	4772	937	607
EHA02637_bin.67	773	130	733	462	812	23589	2420	29199	88098	191	287	0	32	128	6783	150194	6266	1202	115	529	3703	241	110	107	62	1528	8046	34	46225	10820	68	69906	5715	8853	1925	14387	27395	2	0	309724	12	14	279	9235	237857	35	344	0	2831	1889	6562	131670	116734	30	3027	107	30958	3967	895	22	364	563	5825	40793	662	5562	6275	8	77	17790	78	8260	100	4213	3928	145	49525	19038	774	9616	1948	2178	28	13843	10351	1650	2206	18	384	149	1064	204	925	18	3972
EHA02637_bin.70	0	0	29	0	10	33530	8	379	2	6	0	0	1	3	11	331	6	18	0	1	85	6	0	0	0	0	10	0	115	25	2	45	177	9	384	77	70	0	0	732	0	0	0	22	35	0	20	0	2	138	52446	504	168	0	21	0	378	30416	2	0	19	9	165	38	1	6	262	0	0	572	0	244	0	33	42	0	3	12	46	2	33	82	0	9	15878	34	48	0	4	0	37	0	8	0	23
EHA02637_bin.73	106	22	96	87	86	1453	3862	1084	42032	172	111	2	7	84	3287	34281	507	239	12	94	461	101	393	1	9	35	467	20	10859	969	2	1610	5011	165	182	2490	6489	0	0	70467	13	2	59	15843	62111	37	13	0	271	210	259	4958	45843	12	479	44	1178	118	17	4	28	375	363	913	93	645	106	2	21	7856	5	3532	10	152	988	30	2063	423	209	2043	286	118	15	2902	606	220	377	2	294	24	316	33	159	12	689
EHA02637_bin.75	36	693	46	79	5279	7723	176	112	13	5	22	565	19	238	22	215	216	0	84	25	243295	0	48	17	3	3821	60	106	711	14427	482	147	8	12	60	5	403	134	70	517	12	25	26	562	42	17	127	63	82	104	7965	1857	63	17	0	25	98	4639	2746	47	21803	1117	39234	129	0	101	87	1039	157	123	54	60	13	2521	21	22	37	28	164	136	11729	15660	51	167	3579	105660	24	21	9	284	9	1	153	14	30
EHA02637_bin.78	393840	22	27396	101	2902	43350	29	27811	48	45	0	5	0	105	74	1958	284	11	1199	14	18122	7	83	25	1	44	402	19	72	892	7	3266	18	7	770	29	39	6	4	4381	11	2	18	121	70	0	448	0	98	68009	32407	19580	2664	9	52	6	29698	18845	38	9	189	328	3421	39	1	19	1048	8	24	159	8	93	8	16908	22	2	8	1047	6343	62	6201	1379	0	86	19309	7691	25	2	144	69	14	0	156	1	51
EHA02637_bin.7	1564	53	2186	212	15691	435366	496	698609	12734	717	0	2	69	2	66	518646	2478	18657	16	2113	3539	155	264	323	6	111	64462	6	18770	678	24	48390	276	1319	16371	18422	10902	0	0	1061874	29	0	1456	1856	5324	0	41431	331	1131	5201	179166	103291	37425	41	46404	14	753248	103593	62	1	20974	9	84743	6164	583	13340	14678	4	802	17754	159	8365	0	8286	2494	8	2174	13382	26737	8405	34307	34302	0	12114	196749	1660	812	94	1449	1601	0	149	496	0	3610
EHA02637_bin.80	313972	49137	59945	103889	55653	54073	48685	87677	20655	4025	28860	24290	7790	19909	50095	43340	100414	138	79313	40180	217100	691	50341	10536	10059	149349	26807	150647	28287	20277	28731	56349	3892	5057	59926	3717	15872	94676	68608	93148	3723	26924	10497	201888	14201	4855	12851	35087	43390	154677	136047	36291	126069	4575	310	9563	87722	69777	90924	59672	127558	86691	321541	28160	1996	29373	91179	44465	12721	36109	28726	16670	20448	73032	1495	23841	12444	15161	52835	51062	130726	118601	130425	75658	23735	90753	3796	12066	7429	26022	920	552	223651	33442	9977
EHA02637_bin.82	0	0	2	0	0	184531	0	15	3	0	0	0	0	0	0	95	0	2	0	0	0	0	0	0	0	0	0	0	2	0	0	0	0	0	0	2	0	0	0	234	0	0	0	0	2	0	0	2	0	4	6	5495	192	0	3	0	11	7	0	0	0	0	0	0	0	0	1	0	0	2	0	0	0	0	3	0	0	0	4150	0	0	0	0	1	83227	0	1	0	0	0	3	0	0	0	4
EHA03085_bin.10	66619	614	0	6	2947	37014	1771	21039	0	19	72	2349	3	2301	54	9231	1852	0	0	2	3613	2	0	42	0	4399	6527	0	232	93	387	183	6	279	8807	75	107	0	0	18786	22	0	33	6509	52	638	1948	0	960	0	47720	143009	10	1	1	0	21511	26894	2991	0	3665	9598	2297	1477	0	4	36944	4089	2600	8782	616	4127	0	19364	436	0	0	42	150	12927	6568	712	0	18416	16885	1622	3	262	18	5467	9	0	2	0	7
EHA03085_bin.13	32	3589	40	2	60535	93504	1739	225	16	0	2	3064	0	1394	26	1007	8	0	0	0	170480	0	0	0	0	5815	125	0	2987	3858	2309	21	9	50	20	4	1972	0	0	1851	2	0	2	7017	4	0	299	0	8	90	99377	53077	191	0	0	0	259	57559	3773	0	4940	5792	45727	183	0	0	370	5376	476	93	5	59	0	32380	23	2	2	3	954	212	136799	18349	0	302	41653	74232	0	15	1	869	0	0	4	0	0
EHA03085_bin.15	0	0	8	37	420	75648	0	560	66	108	0	0	6	0	8	25	3	5	0	4	0	1	0	2	2	0	0	0	0	0	0	8	42	0	0	92	0	0	0	32	0	0	2	0	13	0	0	0	0	12	710	235012	11607	4	12	0	660	426	0	0	1	2	0	3	4	2	4	0	0	11	0	4	0	1	58	8	0	0	2	0	950	0	0	2	35672	0	14	0	108	0	62	0	53	0	17
EHA03085_bin.16	0	0	2	32	166	22081	0	8099	235	70	38	0	5	2	136	51	0	15	0	42	6	0	0	0	10	0	2	0	0	0	0	40	476	0	2	14597	0	0	0	116	0	0	0	0	78	24	0	2	0	6	731	530402	21153	0	29	0	8909	365	0	0	653	3	2	2	27	15	0	0	0	684	0	306	2	0	614	19	0	7	24	2	428	4	1	2	10154	0	123	0	119	0	499	4	48	4	442
EHA03085_bin.25	966	335	2674	152	522	20506	3332	214412	27582	1467	1205	8	136	394	4024	67264	1239	2655	368	522	28545	228	99	23	113	16	2760	77	13060	290	219	7026	22866	9674	4505	22195	7695	28	23	136205	11	2	289	12861	9728	84	763	10	555	6742	6141	608654	360794	159	6575	170	230456	3432	13	18	1259	1623	29930	43469	1148	764	332	8	51	55054	0	25751	3	712989	9760	275	189	1983	11542	4530	1092	12127	43	6618	9314	12258	11055	0	2774	128	11368	283	293	46	4981
EHA03085_bin.26	3	2	438	16	123	5108	255	63270	23721	3773	2228	0	544	382	956	3225	41	2888	238	109	18284	515	6	6	30	2	62	8	11476	266	2	967	40465	178	1086	20597	6454	47	33	6570	16	0	8	754	9856	66	82	6	24	1204	965	227400	409471	213	6652	75	68335	623	0	6	178	1356	8376	682	1123	1106	34	9	0	6550	0	3067	4	670	16373	122	53	280	418	469	375	3342	40	773	2248	7866	30602	0	7759	0	15364	303	24	62	8418
EHA03085_bin.28	19	16	14	10	171	122	1719	3772	6005	51	15	4	4	14	389	16957	2757	450	6	15	1114	34	2	0	2	148	2924	0	7217	357	6	24096	4056	315	103	570	4138	0	0	35591	0	0	41	6687	26590	0	23	4	1184	32	188	40187	33162	6	1317	6	3857	152	82	2	16	65	62	1594	138	504	312	0	10	1154	6	550	4	2152	2063	4	7119	6618	40	4834	474	21	2	7161	50	440	332	0	80	8	81	27	10	0	596
EHA03085_bin.2	63	0	133	27	2	8325	7	2917	1698	333	10	0	4	0	321	330	2	350	4	50	9	10	67	0	0	0	4	6	59	2	0	68	814	4	20	1367	27	2	0	614	0	2	0	0	141	0	2	0	1	363	59	326793	33325	8	793	0	2979	38	0	0	10	5	15	14	43	57	2	3	0	17	0	7	2	31	756	6	0	17	737	33	6	2	0	81	3727	5	157	0	591	2	468	8	35	0	237
EHA03085_bin.3	249274	126	187782	287	17835	35652	1690	296552	86	15166	16	44	20	23946	50	41060	3306	10	223	84	1052667	903	3118	32	52	0	49946	14	2419	32625	87	104309	32	12	66643	14405	1428	0	0	83872	0	0	488	6259	419	2	19491	0	1445	464073	18893	409436	3917	64	18	26	305955	10911	0	4	44947	95446	433533	84	729	387	3284	83	5990	33914	553	16058	27	488167	5120	97	3546	29518	141480	91	39774	169309	185	182	15078	457656	963	231	29307	11549	296	198	577	0	376
EHA03085_bin.5	758	302	94	29	537	304	14	32104	0	26	106	254	14	168	297	13871	7000	0	0	6608	16551	15	2	6	0	28	1763	0	940	5	167	2044	21	445	108	118	557	0	0	29115	54	0	150	81	426	23	391	0	3233	220	20988	854423	122	12	2	17	35232	11910	15	2	17	631	208	2038	3	44	415	457	302	2798	143	1263	0	1595	1588	0	59	500	103	2042	1293	84	0	3050	145	7381	18	92	34	538	12	0	54	6	72
EHA03128_bin.11	203	0	18	152	0	203	99	65690	168	148	0	0	0	0	30	54	8	4	0	60	0	2	30	0	0	0	3	0	275	176	0	59	44	961	0	75	146	2	0	126	0	0	0	430	7	0	0	0	0	57	91	112937	537723	34	21	5	67302	54	0	2	0	2	37	4310	2	3	6	0	0	1153	0	510	2	86	37	0	0	20	124	48	2	8	2	87	107	0	0	0	363	0	38	0	333	0	3
EHA03128_bin.12	6	0	10	1755	115	377	12	79	3339	764	2817	0	97	6	9058	80	0	948	575	2747	30	161	65	0	1028	0	6	92	16	127	0	0	1054	0	0	396	4	18	13	216	2	14	0	46	327	51	0	179	0	10	210	2110	44886	22	2288	15	65	123	0	26	58	55	0	0	1822	174	0	0	0	6	0	2	272	6	1774	2545	0	0	0	2	197	0	30	0	163	24	923	0	1506	0	4831	530	3304	177	1937
EHA03128_bin.14	0	2	8	3	174	1258	6356	560	6739	302	191	0	18	128	61	5307	1285	56	0	12	1665	165	0	0	34	46	1228	2	37621	4693	4	649	19183	239	34	8941	21877	0	0	10666	0	0	107	23728	52660	9	18	2	542	5	4	9409	122841	4	130	12	619	0	32	0	43	561	0	1324	697	1108	125	2	10	19073	2	9000	5	2	543	63	3194	156	0	1920	413	2	0	3028	637	727	353	0	594	24	736	163	16	2	1516
EHA03128_bin.18	0	0	0	16	34	147	1377	10	3357	21	17	0	0	20	28	55316	165	10	0	0	650	0	0	0	0	0	103	2	4804	115	0	587	2755	61	0	1019	3019	0	0	111763	0	0	13	5037	589	4	0	4	89	0	49	23518	96219	0	20	0	11	28	0	0	0	100	0	304	10	61	0	0	0	4873	0	2408	0	0	91	3	28	191	4003	62	95	2	0	83	57	297	24	0	47	0	218	9	16	0	259
EHA03128_bin.27	10	0	24	2	2	5	38	102	233	457	252	0	2	15	65	671	7	86	0	0	23	46	2	0	0	0	34	0	394	20	0	548	109	123	26	604	239	0	0	1441	0	0	0	219	134	0	8	0	0	50	395	1390	191656	2	202	0	71	238	0	0	0	50	66	588	246	40	7	0	0	234	0	115	0	29	97	0	35	142	49	419	2	23	6	687	0	5	67	0	885	0	279	78	4	8	67
EHA03128_bin.28	11	0	15	37	4	118	424	208	22178	10	1	0	2	0	218	237521	6	154	4	93	349	0	29317	1	0	0	13	37	28	14	0	59229	134	2962	4	1089	13	0	0	491442	1	1	0	1465	14	2	0	0	0	16	102	119952	194962	12	316	0	176	43	2	10	2	0	70	13716	2	27	18	0	0	923	1	385	0	59	505	0	2	16462	3736	12132	17	32	2	17261	42	155	14	0	13	0	2	0	92	29	19
EHA03128_bin.2	15	0	109	255	43	42	113	126	28737	4230	764	0	163	25	3161	123	0	43	86	78	155	184	55	0	91	223	0	276	10	48	0	0	17767	0	23	12924	4	194	85	219	0	23	0	358	1765	168	0	69	4	264	311	3	160632	100	139	0	95	155	130	103	76	108	252	0	1851	669	61	0	0	8	0	2	51	24	5133	248	0	0	15	0	139	99	117	2	24	58	532	0	8580	0	33892	462	521	189	10535
EHA03128_bin.34	2	203	71951	13	3935	148	3860	48091	9745	23	38	96	4	841	53	242502	1753	19	29	6	38013	10	1519	22	12	4	3304	2	54466	100	115	78771	248	7666	115048	824	32814	0	0	492097	6	0	706	14827	769	6	6332	0	777	173479	68156	281035	65386	17	78	7	51780	39554	0	0	20977	3704	66295	35439	140	12	567	191	18	116093	6	54965	2	50754	125	9	217	22138	42541	544	8940	26365	0	810	86	16639	41	0	49	54	21	36	17	2	729
EHA03128_bin.35	24	18	27	28	260	314	3393	5185	10884	59	64	0	8	17	618	26132	4576	1081	4	28	1796	110	2	0	3	265	4334	6	13562	782	0	51604	8015	696	113	1654	7694	0	0	55226	0	0	46	13786	43626	4	38	0	2074	60	332	56638	95769	0	2630	6	5411	210	113	0	27	69	86	3168	188	891	281	2	8	2875	4	1251	5	1275	3873	6	11833	14396	44	8537	565	56	6	12022	109	678	466	0	114	22	173	55	36	4	930
EHA03128_bin.7	3	4	486	79	119	670	266	2310	6267	1557	1200	3	35	438	968	1869	77	352	7	37	439	79	7	0	97	2	89	2	971	780	4	844	3592	50	993	11889	566	8	6	3529	0	0	5	962	798	2	64	2	22	1309	1186	3293	354132	28	960	1	2363	701	0	0	278	1861	660	199	390	442	107	2	1	973	2	385	12	434	40132	227	42	250	317	8106	267	290	8	11906	295	200	793	0	3131	1	3999	87	192	53	1585
EHA03128_bin.9	0	12	7523	0	425	488	427	12069	5431	3415	468	6	39	127	52	27927	168	187	24	8	5276	62	0	2	2	0	347	4	6384	38	14	8804	6730	811	12284	2836	3809	8	2	56945	0	0	77	1589	1117	4	733	0	84	18583	7593	38251	115613	0	409	2	12943	4341	0	0	2112	530	8218	3784	139	96	57	15	1	12386	0	5871	0	5444	3286	7	33	2629	4519	75	852	3296	10	91	204	2296	3393	0	6521	14	2345	41	0	39	857
EHA03130_bin.11	0	0	8	3	4	90	0	23	49	1	0	0	0	0	385691	5	5	2	0	0	17	0	9	0	0	8	0	0	6	11	0	27	10	0	5	14	2	0	0	8	0	0	0	2	1	0	0	0	2	0	28	15	85	2	0	0	68	10	4	0	0	0	20	2	0	0	0	0	0	0	0	0	0	98	32	0	0	2	7	0	3	21	0	0	36	16	3	0	2	0	10	0	4	2	0
EHA03130_bin.12	68	188	122	134	96	143	54	524	110	16	100	13	19	35	2549869	197	223	352	255	481	251	0	11606	21	12	151	105	400	197	54	93	3223	41	25	119	26	98	150	103	279	26	100	59	273	81	13	58	92	83	238	273	159	640	33	740	45	476	136	97	221	158	164	283	153	2	177	197	49	20	106	31	50	63	810	27	19	74	880	320	111	201	104	246	213	34	100	27	20	45	77	22	2	292	42	42
EHA03130_bin.13	0	0	0	59	0	44	153	480	15	45	0	0	0	0	1624120	9	14	667	0	74	1262	9	146	0	6	0	9	12	50	2	0	10158	10	29	0	39	32	0	0	31	0	2	0	526	34	0	0	0	4	2	31	21	2900	16	1479	0	494	16	0	2	0	0	10	87	2	1	38	0	0	6	2	19	0	2048	13	8	2	2883	16	6	0	2	0	25	18	554	0	6	93	0	0	0	116	8	1
EHA03130_bin.14	2	1	10	93	1	31	17	84	178	13	2	2	0	0	750227	121	12	88	2	8	67	1	482	0	0	0	4	12	202	5	0	1572	27	20	2	27	82	0	0	249	0	0	0	52	25	0	0	0	2	18	223	35	2376	0	263	0	152	104	0	5	2	4	14	63	2	3	43	0	0	35	0	28	0	7520	70	0	4	420	34	39	2	3	0	37	10	40	5	0	31	1	3	0	189	2	6
EHA03130_bin.2	0	0	0	9	0	31	0	135	62	163	0	0	0	0	151047	15	3	8	0	14	0	17	315	0	2	0	0	5	2	3	0	8	29	2	0	58	6	0	0	26	0	0	0	0	16	0	0	0	0	13	4	475	1105	5	67	1	115	0	0	0	0	4	4	3	9	8	1	0	0	20	2	9	0	14	134	3	0	4	20	0	0	0	0	4	17	0	6	0	303	0	74	0	7	0	21
EHA03130_bin.3	0	0	0	2	0	0	2	11	0	0	0	0	0	0	174797	0	0	16	0	0	2	0	27	0	0	2	0	2	0	0	0	1034	0	0	0	0	0	0	0	0	0	0	0	6	0	0	0	0	0	2	0	0	16	0	36	0	10	0	2	0	0	0	0	4	0	2	13	0	0	0	0	0	0	662	0	0	0	310	0	0	0	0	0	2	0	2	0	0	0	0	0	0	8	0	0
EHA03130_bin.4	0	0	0	0	2	10	0	12	3	14	17	0	2	0	1005305	0	0	70	0	387	0	0	75	2	2	0	0	85	0	0	0	4	814	0	0	6	0	0	0	0	0	0	0	4	5	2	0	0	0	2	2	9	1280	11	196	0	8	10	0	20	0	0	0	2	0	6	0	0	0	0	0	0	0	32	41	0	0	0	0	0	2	0	0	0	7	0	31	0	31	0	58	0	0	0	22
EHA03130_bin.5	0	0	14	34	244	2195	0	146	369	51	15	0	5	0	505883	21	0	26	3	45	5	0	84	0	0	0	0	438	5	2	0	28	330	0	14	358	3	0	0	74	0	0	0	4	34	2	1	0	0	20	66	1140	1585	10	100	2	174	44	0	234	28	1	15	4	5	8	7	0	0	14	0	8	0	15	254	9	0	15	21	0	493	3	0	0	920	1	34	0	132	0	652	4	73	0	110
EHA03130_bin.6	0	0	0	6	0	22	10	11062	46	5	8	0	0	0	985625	4	1	47	0	92	11	0	63	0	0	2	0	228	44	0	0	61	16	1	0	5	36	0	0	22	0	6	0	14	21	0	0	0	1	4	12	3	267	2	101	1	12006	0	2	86	0	0	3	19	0	0	16	0	0	9	0	1	0	527	9	6	2	29	2	11	0	0	0	24	18	9	0	0	15	0	0	0	8	2	0
EHA03130_bin.7	424	1	61	31	67	608	126	6561	2584	4	1127	0	30	0	79856	489	224	124	130	26942	3156	1208	30	0	6	4	6	160	36	158	0	758	26	1	160	5873	16	5	2	979	5003	4	0	455	320	0	3	586	92	153	285	993	38195	12	235	9	6969	135	4	79	9	17	190	2	5	621	57	0	0	135	2	66	271	293	31	14	23	199	218	10	189	39	1597	8	277	1281	22654	2	8	2	2	10	85	9856	33
EHA03130_bin.9	0	0	0	304	8	4	4	101	7760	21	36	0	8	0	415680	9079	14	201	16	91	154	0	156	0	0	0	99	51	48	0	0	152	11	9	0	97	33	6	0	18179	6	29	0	4	190	2	2	2	5	4	8	476	54866	2	427	0	162	0	0	12	4	6	64	47	0	51	68	0	0	56	1	42	0	2468	1930	0	0	50	9	39	20	25	0	55	0	62	178	2	28	0	6	0	529	11	77
EHA03138_bin.10	152	15	167	59985	163	2929	140	2709	216	496	56	9	9	159	1848399	392	563	245906	21	1863	623	185817	9347	13	289233	133	156	24667	561	10689	16	1245	507	43	506	3197	329	0	0	854	39	16	32	613	25404	153	29	4	236	372	840	911	8172	844	612576	12	2880	467	49	10595	11	766	1649	286	877901	1116	303	6	84	1732	23	758	0	1546	28373	658073	989	304	1067	124	318	546	42	205	1314	235	135	9	1008	104	60	240706	111608	42	85
EHA03138_bin.11	2	0	4	2587	0	2	0	0	569	2	2804	0	2	0	4448	4	0	0	3123	278	0	92	64	0	454	0	0	4494	0	2	0	0	0	0	0	11	0	4	6	4	0	274	0	4	137	0	0	133	0	0	294	0	34532	0	2	0	2	174	0	1828	20	6	2	0	190	44	0	0	0	0	0	0	869	0	48	1082	0	0	0	0	0	2	191	0	4	0	18	0	4	0	63	31	4913	66	40
EHA03138_bin.14	442	0	16	20	42	1005	199	7678	5199	25	1935	0	57	6	79538	595	302	145	206	44702	5393	2424	26	0	8	5	17	294	40	290	0	1159	25	2	169	9346	22	27	14	1172	9156	4	4	803	118	0	5	1045	130	58	216	1893	75430	32	332	2	8154	93	11	132	28	33	336	8	7	925	37	2	4	164	6	81	451	109	17	41	7	328	246	22	107	79	2793	19	486	2224	41286	2	30	4	8	4	29	19787	41
EHA03138_bin.16	0	0	782	31	61	126	246	3701	123851	1864	545	12	187	142	1023	3622	54	297	55	1262	882	320	2	0	139	0	56	9	2157	174	4	967	90773	56	1119	41118	1352	2	0	7732	0	0	4	1007	6401	115	73	28	19	1802	1261	4432	743754	138	613	55	3984	790	0	0	178	460	1016	364	445	682	31	4	0	1391	0	711	6	491	32880	316	11	231	406	1696	117	423	12	2419	64	292	3191	2	3669	0	14003	142	67	30	5705
EHA03138_bin.17	6	5	6	37	84	278	2519	1441	43931	344	52	2	6	79	88	16617	1431	170	4	19	158	65	0	0	16	28	1451	0	21176	779	2	1612	4868	226	25	8641	12554	0	2	33914	0	4	20	9441	6578	4	4	0	672	12	41	1807	150014	4	483	21	1519	30	16	2	17	325	7	771	96	453	108	14	2	3886	0	1829	0	59	2187	27	466	364	5	2077	242	2	4	3103	129	97	191	0	649	0	524	38	46	0	1396
EHA03138_bin.20	38	0	26	7732	0	147	12	38	10325	99	5443	0	41	10	46689	282	0	144	2213	14035	106	535	213	0	4868	0	0	306	2	576	0	0	59	0	0	145	0	48	33	600	0	16	0	26	164	65	0	763	0	56	727	2	56108	3	313	5	30	376	0	134	163	18	4	0	9200	99	0	0	0	0	0	0	1223	0	1486	11639	0	0	2	0	8	0	140	0	92	46	1029	0	174	0	1457	2566	14448	711	1189
EHA03138_bin.21	128	6	64	13714	122	383	26	7194	92556	872	918	10	129	15	101186	111604	153	2132	1455	4406	15765	8	1955	0	2	38	999	1578	444	35	12	285	337	1148	124	11125	291	6	12	230005	226	831	1	59	18182	161	17	8	84	160	240	73879	12660367	1291	5058	73	7551	138	9	673	140	123	6770	5341	0	2383	1703	12	2	6795	255	3051	12	21291	58524	0	82	77	1024	1274	299	2503	74	1823	210	6728	8539	113	1636	4	30	0	25793	1867	1350
EHA03138_bin.22	5	0	13	182	2	43	26	1507	32440	42	49	2	16	299	1154	5318	10	612	265	1083	3409	20	13018	0	0	4	85	365	1552	463	0	391	3119	177	3	22869	887	6	0	11445	37	14	0	76	704	234	1	7	14	6	95	1429	980535	15	1424	9	1483	51	2	145	22	1115	1749	990	6	181	142	0	0	5072	0	2353	0	185	2292	0	13	124	342	972	15	678	10	1338	26	1373	158	2	145	4	109	2	294	630	121
EHA03138_bin.25	79	10	134	6	22	126	54	821	84234	649	65	4	32	147	9727	13273	329	615	28	58	385	26	88	6	19	0	591	0	3130	127	10	2001	28921	157	523	54176	2015	2	6	27615	0	0	16	235	21412	10	70	0	178	351	1436	52342	1325268	18	1633	146	874	802	0	4	43	563	240	649	102	573	23	13	0	2321	2	1053	0	252	20501	36	70	577	302	11336	58	93	2	17181	76	216	1310	0	1302	0	1469	21	6	2	3849
EHA03138_bin.27	0	0	0	0	0	2	22	117	0	2	0	0	0	0	151766	1	2	14	0	2	22	0	233	0	0	0	0	22	11	2	0	967	16	25	2	13	7	0	0	8	0	6	0	60	0	0	0	0	0	0	4	115	2566	0	52	0	128	4	0	14	0	0	12	81	0	0	655	0	0	8	0	2	0	832	2	2	0	212	4	1	0	1	0	2	0	24	0	0	5	0	0	0	0	2	0
EHA03138_bin.28	0	0	0	6	10	1	10	89	3	2	23	0	0	0	611880	20	8	40	0	82	214	0	612	0	0	0	20	559	114	0	2	5443	227	4	0	10	86	0	0	11	0	9	2	33	8	0	0	0	6	2	14	12	744	0	105	0	147	2	0	249	0	0	0	22	0	6	294	0	0	21	2	9	0	623	1	0	6	1389	10	2	4	2	2	0	2	68	4	0	6	4	0	0	9	2	16
EHA03138_bin.29	374	13	150	90	311	1088	84	9097	4199	141	757	5	8	451	13858	958	1157	31	68	12895	14460	1012	1147	1	10	87	266	117	426	314	6	533	283	16	1170	502	257	2	4	1961	238	0	59	469	67870	425	64	69	572	390	639	2614	54902	6	64	13	9542	288	67	55	11	1833	2311	99	16	2750	178	27	96	96	19	53	53	706	214	14	2536	156	1270	59	696	878	3684	98	388	6201	954	6	287	235	66	0	253	15764	150
EHA03138_bin.31	4	0	0	81	4	7	102	33	46280	2254	666	0	131	23	8965	342	25	737	44	143	143	150	18	0	108	0	19	0	2852	187	0	34	26267	0	12	9838	1527	16	16	860	0	0	0	419	2116	71	0	28	8	2	29	858	149322	16	2023	15	19	17	0	0	20	104	2	9	476	664	0	2	0	112	2	52	6	0	14872	257	2	2	0	229	16	2	14	346	1	68	1443	0	4120	0	27118	104	158	4	8407
EHA03138_bin.32	313	5	224	1084	28	2740	25	3064	875	95	1	2	2	2	692	4083	406	86	172	28	457	54	553	26	488	56	264	8	54	1840	4	491	69	355	161	5299	33	0	0	8834	0	0	22	142	105	1	140	2	152	566	2887	303265	553615	205	200	6	3260	1670	48	0	255	2	661	1663	16	51	152	4	2	490	0	212	0	440	204	1054	37	143	673	155	68	195	4	225	1285	224	33	2	225	6	0	14	1938	4	34
EHA03138_bin.33	604	8	249	1178	32	1784	56	3422	788	112	2	6	4	0	905	5871	400	73	43	17	779	82	184	16	527	41	322	2	106	1629	0	723	18	408	155	7717	68	0	0	11842	2	3	15	213	61	1	134	2	189	564	3087	487228	831214	404	182	8	3754	1719	34	0	125	0	524	2164	45	41	186	4	2	584	4	277	0	888	313	1100	55	220	992	285	72	199	2	405	753	326	30	0	195	3	0	0	2224	26	9
EHA03138_bin.36	12971	12	1114	74	439	9119	7	2304	110	519	24	24	24	0	207	901	43	117	48	273	27123	4	42870	357	0	104	120	8	151	49	4	210	135	897	211	571	81	0	0	1843	291	99	9	29	309	62	47	4	30	2768	877	126700	2722022	2281	288	48	2400	602	68	12	22	4	443	3989	2	159	9836	36	55	8650	80	3929	14	272	102	0	23	63	14852	94	963	198	8	98	3966	11798	424	13	1034	100	1	2	106	363	141
EHA03138_bin.37	3	1	2	54	6	47	2	245	349	37	1	0	0	0	416	307	1	8	11	167	1399	0	1002144	0	0	2	2	18	17	10	0	14	866	0	3	55	5	0	0	497	2	0	0	6	21	0	1	0	4	9	43	63	5338	7	12	0	238	19	0	15	5	0	274	8	0	13	26	2	0	53	4	18	0	42	68	0	0	15	9594	6	10	72	2	5	25	560	17	2	55	0	1	0	92	55	16
EHA03138_bin.41	0	0	0	521	221	778	529	113	336562	23386	4268	2	677	109	27943	2193	42	8109	608	1007	20	1826	4	0	1881	0	0	136	90	159	0	8	239114	30	0	377536	30	36	37	4836	16	0	0	2225	35607	792	0	266	14	12	48	641	1242287	854	20693	61	122	26	0	40	69	608	20	92	3874	3504	0	0	0	552	0	250	71	4	125510	4290	0	5	0	130	571	12	110	241	347	18	10061	0	45799	0	317537	1045	1031	343	21097
EHA03138_bin.42	326	0	148	967	559	13843	163	6845	5814	2915	7843	8	141	34	1478	676	175	2567	217	284	839	131	0	0	228	6	203	4	1516	157	3	43	5428	11	98	2767	943	14	12	1414	8	2	12	566	1677	37	34	20	63	403	986	41995	78916	61	6361	18	7341	590	3	4	14	128	114	64	500	1365	32	14	0	447	0	193	266	115	4237	435	110	12	3528	510	1252	49	43	731	6268	400	916	0	5864	4	11152	88	1859	69	2496
EHA03138_bin.45	125	1	111	1741	28	488	93	1332	166	14	4	0	2	2	83	8060	516	175	5	7	186	0	240	0	2	0	98	5	133	26	2	1891	40	399	53	799	67	0	0	16412	0	0	10	306	114	2	109	0	301	286	1508	57559	1008169	7	526	0	1685	815	1	0	40	9	118	1762	0	179	16	0	0	596	0	267	3	35	358	6	62	603	536	785	64	62	0	1154	172	45	4	0	15	3	6	0	3224	7	48
EHA03138_bin.47	2	41	7643	55	699	20521	450	242285	37878	1615	1567	12	216	434	4289	35971	179	3697	291	611	35516	258	16	2	99	0	438	79	18760	151	22	9142	29384	949	13151	25613	11180	30	46	72779	0	5	76	1832	9825	79	793	17	57	18769	8654	238114	217204	166	8964	170	262511	4806	0	40	2133	1854	42419	4324	1309	767	139	15	2	17140	2	7886	9	6757	10394	301	45	2528	4563	598	1504	17060	73	954	9197	15087	13630	2	3231	18	12229	353	93	32	6001
EHA03138_bin.48	1	4	2	1	8	7	0	53	5	5	0	2	0	0	139135	4	38	18	0	12	11	0	52	0	0	0	1	0	27	2	11	68	2	2	1	0	20	0	0	5	2	0	4	10	4	0	0	0	16	0	13	6	47	0	15	0	44	4	0	0	4	2	5	5	0	2	7	2	0	0	0	0	0	108	27	0	0	29	1	39	37	1	0	74	2	7	0	0	6	0	0	0	2	0	0
EHA03138_bin.4	2	0	0	154	34	421	182	288866	151639	4013	1346	6	412	30	27308	30226	18	30383	166	2140	466	447	2	0	236	0	168	304	4715	21	0	341	95304	279	610	148530	2703	40	20	60271	13	10	0	599	18216	224	0	22	8	8	82	1413005	3774234	1003	75713	136	313258	75	0	183	59	94	517	1364	1571	6443	22	10	0	643	0	313	24	3689	52570	543	0	100	31	4649	71	213	38	6854	140	244	27429	0	7937	0	23399	409	349	38	25413
EHA03138_bin.50	0	0	0	38	6	12	25	258	0	8	20	0	0	0	1398561	9	3	171	0	78	190	0	1823	0	0	8	4	172	28	0	0	4055	6	10	0	0	10	0	0	16	0	21	0	114	2	0	0	0	0	2	7	6	167	0	395	0	301	4	2	60	0	0	2	12	1	2	1289	0	0	8	0	7	0	5575	6	0	0	1106	38	4	0	4	4	4	2	86	4	0	10	0	0	0	88	2	0
EHA03138_bin.52	0	2	2	3	0	2	45	51	3618	1254	427	6	14	124	1213	31	6	534	1	4	10	192	0	0	18	0	42	0	21	104	0	89	5160	4	6	6927	13	8	0	112	0	0	0	134	558	4	0	2	0	0	0	331	532574	10	1372	8	59	0	0	0	4	529	0	3	453	650	2	2	0	38	0	11	14	0	9925	67	5	12	0	159	0	0	15	207	0	6	231	0	2501	0	1745	100	2	2	1592
EHA03138_bin.5	61839	451	21614	29693	2795	1576663	658	146012	6	456	5	22	10	8	665	21023	7567	0	160	18	62849	94	24	1300	4	16251	8108	34	2660	105694	288	5991	3	111	49534	33	1609	22	10	42320	12	2	3006	2413	79	0	2293	0	3473	52617	203146	13379	1038	37	10	18	153977	115758	10540	10	1003	23	225491	420	41	798	40553	22	151	2023	56	860	26	22173	310	6	2697	1561	26405	41	6466	88529	7	28	711512	26863	55	40	878	228	5	4	55739	3	175
EHA03138_bin.60	821	44	913	322	637	9079	122	23771	14740	1923	16331	53	200	270	11726	3313	527	4354	391	470	1449	418	379	3	280	47	295	40	1138	166	24	1215	20636	71	1074	15799	718	131	108	6710	65	0	48	386	24033	536	135	22	244	2461	2855	63314	414858	152	10783	48	25424	1641	23	19	233	955	1568	360	710	1354	181	72	79	1113	7	529	40	933	8482	649	705	372	4069	434	1449	565	78	658	4048	682	2903	2	3869	149	26384	211	623	148	5772
EHA03138_bin.63	2899	4742	13735	23886	11625	11053	12063	23677	3723	157	5135	2003	582	967	114246	8363	13042	117	12419	7164	42752	99	255926	544	2971	38558	1528	40557	3185	3196	2653	10262	294	375	8443	184	1664	23616	17305	18114	275	4585	949	48750	1675	361	798	5427	5651	35270	36465	1914	22575	346	236	722	23050	18696	23038	16418	20053	4429	53049	2278	412	2128	20351	3888	1234	3399	3496	1684	3540	14794	80	7144	846	2615	11256	3126	27258	18983	22827	4658	4728	17693	291	1463	320	2532	78	128	50523	5452	861
EHA03138_bin.64	2	0	0	6	0	0	14	16	883	330	75	0	0	17	105	10	5	28	2	15	6	22	2	0	5	0	0	0	4	46	0	8	2545	0	4	1289	4	0	0	35	0	0	0	54	66	6	4	0	2	4	8	2142	185689	4	72	0	36	2	0	0	0	80	2	0	111	55	0	2	0	2	0	0	6	2	915	20	1	2	17	18	0	1	4	23	4	10	28	0	646	0	155	13	7	0	168
EHA03138_bin.66	30	34	71	137	405	453	3831	5917	17679	109	120	19	24	31	1030	32149	5503	1017	375	47	2282	124	81	7	12	327	5460	179	15274	789	31	54431	9024	844	224	2103	8932	66	44	69037	18	72	79	14391	53017	8	73	55	2412	177	567	60598	109148	9	2788	23	6274	300	216	69	308	148	349	4287	299	1032	466	32	23	3115	10	1525	37	1513	4374	28	13656	15110	130	9638	931	134	78	13859	196	930	664	2	267	27	290	89	254	107	1166
EHA03138_bin.70	11	0	13	15	9	41	66	1048	18957	494	184	0	36	31	329	234	48	113	25	82	90	40	4	1	21	0	96	0	828	109	0	28	16746	6	4	9750	443	0	0	553	4	0	2	215	4002	42	4	4	12	25	12	1166	85919	27	237	8	1107	1	0	2	0	156	28	19	172	193	3	0	0	162	0	59	4	17	4873	65	50	6	3	576	5	21	2	889	33	40	775	0	881	2	2887	24	36	24	4092
EHA03161_bin.106	0	0	10	8	421	65916	1	3365	61	50	1	0	4	0	10	48	4	0	0	314	13	4	0	0	4	0	16	0	17	2	0	34	68	2	6	136	12	0	0	80	6	0	0	9	124	0	0	0	0	16	1964	284262	18743	0	4	0	3658	1105	0	0	1	4	6	5	6	13	1	0	0	40	0	21	0	10	114	0	2	11	16	14	914	4	0	19	30235	3	0	1	63	0	18	0	12	0	22
EHA03161_bin.107	35	49	157	12	21	978	79	29358	12551	2166	940	10	243	180	1829	961	44	1517	108	187	8501	224	72	4	20	18	64	36	5464	169	11	226	22538	45	190	9744	3351	54	27	2285	6	10	19	262	4745	40	83	4	18	411	1038	106460	213222	89	3968	23	32246	634	14	4	73	676	2418	240	547	645	69	19	4	2696	2	1158	12	858	9625	44	22	93	159	312	96	965	61	423	500	3611	15181	9	4120	13	8362	148	51	184	5392
EHA03161_bin.108	14	0	52	46	91	26882	0	10886	3	89	0	0	0	0	0	0	0	0	0	24	101	0	2	0	0	0	0	0	3	2	0	0	2	0	31	0	2	0	0	18	0	0	0	0	6	0	0	4	0	123	287	73960	8693	0	0	0	11667	166	2	0	0	0	28	0	0	0	0	2	0	10	0	7	0	17	3	2	0	0	109	2	181	0	0	0	12496	48	0	0	186	0	0	0	69	0	2
EHA03161_bin.10	0	2	24	8	240	105670	0	270	257	47	1	0	1	8	33	13278	10	1	3	16	9	3	0	0	0	0	3	6	4	1	3	29	302	0	0	578	3	6	2	27009	0	0	0	9	64	2	0	2	8	30	4179	1490	898	0	7	2	297	2407	4	0	1	6	26	3	3	10	0	0	0	13	0	10	0	0	99	4	8	6	2	11	619	4	2	13	49216	2	30	0	91	2	146	2	20	4	13
EHA03161_bin.11	48331	28	148006	88	706	129	71	247	42	38	47	7	28	473	68	128	54	16	137	80	2643	3	86	9	17	73	48	168	33	54	21	31795	36	516	9262	37	15	101	76	259	2	48	31	360	44	3	13	66	18	383310	444	25081	156	19	37	6	248	231	64	91	9122	1826	2138	2361	2	22	647	34	10	851	26	365	53	188	87	47	84	8728	7997	28	1518	777	180	32	38	1048	13	13	83	20	28	4	98	35	39
EHA03161_bin.12	31933	24	4149	208	20	311	56	20385	10	145	6	8	3	6	19	926	88	4	287	0	863	0	61	65	16	12	22	30	9	48	16	37	14	5	20	3	12	18	12	1878	7	0	0	324	241	0	2	0	39	10395	16299	1040	56	1	8	5	22114	9407	12	18	146	11	679	105	1	56	1437	14	2	570	14	254	2	6225	12	7	0	5	33931	34	52	226	0	63	128	329	12	10	307	6	0	0	369	0	35
EHA03161_bin.14	114425	361	2877	7225	2465	113221	2105	4819	4330	52	488	97	78	71	815	2364	475	30	1371	962	10316	6	15771	63	619	9121	228	9403	244	559	197	398	53	64	917	619	166	5457	4025	5160	40	418	122	8956	188	98	108	590	218	8002	33837	1257	41153	254	63	71	4657	18637	5065	3414	1584	285	12315	332	100	266	1445	266	91	351	168	151	303	1043	58	1571	119	136	10776	216	6320	4231	2294	318	51323	4009	65	115	105	151	3	45	15720	539	97
EHA03161_bin.15	125	0	23	8	129	513	0	875	2	2	0	0	0	0	0	7	5	0	0	16	3233	0	1	6	0	0	1	1	0	40	0	0	0	0	28	7	0	0	0	16	0	0	2	3	0	0	6	0	6	45	205400	1775	498	0	0	0	896	117481	0	0	0	2	19	0	0	4	9	8	0	6	0	4	0	69	0	0	0	0	34	2	255	4	0	0	240	1437	1	0	11	0	4	0	16	0	2
EHA03161_bin.16	110120	4	5788	30	30558	23586	103	40509	46	52	1	3	3	19	30	9139	146	56	639	1	61337	1	96	20	0	6	360	6	72	557	2	602	5	13	2707	45	44	2	0	18832	5	0	11	278	78	0	329	0	40	15246	35538	34395	4713	2	161	15	44350	20627	2	6	114	50	7253	60	0	27	3877	8	5	265	6	102	5	17053	17	4	20	182	2250	146	67946	2786	1	210	10787	26757	18	0	118	20	4	0	62	0	46
EHA03161_bin.17	763	2	635	858	45	7362	69	5954	1221	187	7	0	8	0	1304	11755	1233	6	178	27	1413	40	41	35	179	143	944	0	130	3412	7	1091	14	1629	423	15718	60	0	0	24689	18	0	43	241	118	4	389	0	558	1500	8415	1450557	517573	1439	51	31	6571	5032	121	0	234	2	1443	7600	35	56	572	2	2	2246	4	1039	0	2801	69	408	96	316	2085	57	114	646	4	112	3350	666	31	4	303	2	2	2	1467	17	47
EHA03161_bin.18	4972	0	4	4	8346	875	0	161480	365	10	0	0	1	0	4	19	0	0	2	503	1639	0	0	0	0	0	0	0	0	0	0	0	6	2	0	94	0	0	0	41	0	0	0	2	0	0	0	0	0	9	1991	740	350	0	0	0	168242	1122	0	0	4	0	0	31	0	0	2	0	0	145	0	87	0	88	0	0	0	0	19	0	18889	0	0	2	412	613	0	0	4	0	0	0	7	0	0
EHA03161_bin.19	84	116	120	22646	377	404	89	6716	776701	16512	2139	81	291	170	675669	704277	831	18677	1565	3862	9154	4264	2056	68	5389	177	4362	3370	1352	427	72	4805	3388	586	257	8674	755	39	76	1440949	230	2976	197	233	15304	126	100	7	390	343	466	57406	4916482	1413	46327	135	7177	241	145	1387	454	855	5079	2680	18445	6558	3942	132	28	3535	313	1649	2243	116879	126161	13244	201	1272	1066	2969	1023	1975	374	4530	164	3876	13331	149	32145	44	92	4871	42685	1286	8472
EHA03161_bin.1	117	0	575	1383	544	522	510	21118	176	10	258	0	0	4	30839	425	18	42	391	335	2135	5	305	0	124	2237	24	2288	1829	104	2	1738	4322	96	163	6	1031	1237	803	1027	8	197	1	2371	461	7	3	240	9	1673	3062	400	4764	0	86	0	22148	1609	1240	746	695	7	4030	528	30	37	35311	0	1	25	2	5	189	89051	118	412	18	520	240	135	1357	1292	711	174	195	762	14	0	18	4	0	5	3274	266	28
EHA03161_bin.21	14528	10	4038	2	31814	38334	282	97997	41	7	0	0	0	6	104	16275	594	9	3	12	25943	4	115	0	0	1	286	2	80	42	6	118	15	0	2422	79	41	0	0	32976	2	0	478	993	45	0	827	2	301	9834	2730	104755	745	0	45	0	104116	1555	2	2	3523	10	18928	23	0	0	4140	0	186	377	2	177	0	45399	5	0	15	42	2572	32	73226	7882	0	51	17107	11638	6	0	9	400	3	0	5	0	5
EHA03161_bin.22	11577	123	25479	31	133	471765	61	32825	0	7	1	6	11	2	3	3553	775	0	6	3	3885	0	7	47	1	24	883	25	782	28	96	79	0	10	107	9	447	15	10	7397	6	3	214	278	7	2	632	2	368	61281	47031	8085	52	3	0	1	34824	27381	21	8	66	11	816	11	0	16	321	4	21	505	7	187	1	2656	0	3	17	16	1890	10	299	313	11	6	215617	1663	4	6	3	22	2	0	50	3	10
EHA03161_bin.23	155	0	108	65	224	2800	3061	521	69761	183	112	3	12	76	1012	184406	15125	3304	5	0	2312	154	2	11	8	231	8359	0	80577	2571	8	131328	13809	7322	314	13451	47465	0	0	386731	2	0	537	12246	179738	2	36	0	6926	319	468	162550	91707	12	7842	18	496	241	145	0	36	298	877	35269	333	1952	466	0	4	10766	6	4953	10	483	4293	30	50813	36279	80	23191	453	315	12	34241	1183	1025	512	12	508	27	2129	80	90	0	3928
EHA03161_bin.26	14	470	0	177	604	20	5	362	25	26	118	110	9	120	470	723	3911	4	2	77	377	0	0	0	0	8	275	4	1018	1	371	3419	71	489	33	294	588	2	0	1429	44	0	246	21	330	11	70	0	1836	15	141002	1857	20	12	5	20	415	78522	2	0	13	584	84	2506	0	43	23	158	53	6788	67	3023	0	1625	1912	0	46	912	45	2573	1386	37	6	3999	22	192	28	38	61	90	13	0	464	0	77
EHA03161_bin.27	24102	0	408	19	10175	600	50	1671	37	33	0	173	1	4	52	360	70	19	0	0	5755	0	69	0	2	699	82	2	8	2	1	415	73	3	21536	41	11	0	0	628	0	0	1	200	18	0	3	1	33	1075	9675	98532	580	6	41	0	1674	5860	424	0	4	9	12348	19	0	4	79	274	0	33	0	28	0	4735	9	0	11	88	10712	21	23241	4731	0	20	278	2481	4	0	94	0	2	0	28	0	14
EHA03161_bin.28	13838	1	2923	623	2745	6474	113	135478	226	15	4715	2	20	6	340775	543	55	8	365	115066	3407	54	174	0	103	54	158	228	1225	81	5	815	65	16	2698	10117	801	10	6	1286	41	4	9	444	9354	38	10	139	22	7533	6502	3448	3628	38	31	582	143891	3819	33	112	149	31	2769	63	2	1449	826	0	10	2168	4	1033	93	3969	62	325	438	241	2047	32	6627	1072	2761	48	2900	1583	316	0	37	6	8	0	1172	65	907
EHA03161_bin.32	1504	221	0	11	104	28788	0	32	1	28	523	4	229	2	8	26	187	17	17389	1	23510	0	0	2	3	247	1660	9	48	69	109	1228	2	101	5218	79	33	2	8	46	6	249	737	0	10030	52	441	100	119	8	15	3	48	32	60	211	34	27	102	4	14983	12	24	588	3	286293	2565	0	26	475	169	242	257	0	1493	6	368	290	0	3557	371	4	88	5209	12690	9714	1160	58	70	72	2	0	17	54	3022
EHA03161_bin.34	0	0	258	15	21	46	36143	409	30	12	1	1	0	7	5	332	10	5	0	1	1329217	0	8	6	0	2	13	6	98	0	0	127	29	59	499	24	77	0	0	663	0	2	1	133246	6	0	14	0	0	662	339	457	225	2	18	0	422	138	0	12	470	19	5085	256	0	3	17578	3	0	165	2	78	0	1653	43	1	7	35	60	2	39	1898	0	4	32	584074	4	0	18	0	52	1	17	0	14
EHA03161_bin.37	1345	27	3084	1096	1359	142839	58	21828	36	43	3	2	16	8	106	13692	608	1	91	14	30658	4	11	2753	2	202	1999	11	1258	1100	10	719	9	4	1169	48	729	2	0	27967	18	3	153	231	433	38	1045	0	303	7324	6295	6519	923	4	6	28	23748	3706	70	0	728	50	2466	59	4	148	1575	7	191	1318	4	596	0	3575	25	4	118	217	22231	25	3175	956	0	50	65985	13165	61	3	56	418	1	0	1923	4	103
EHA03161_bin.40	7811	0	2	6	717	58	0	1154	24	4	1	74	0	4	25	60	15	0	0	0	9847	0	1	0	0	82	5	2	13	10	0	26	8	2	1571	1	17	0	0	109	0	0	0	27	28	0	0	0	6	4	16339	26976	106	0	7	0	1311	9656	54	0	0	2	9	4	0	2	3	114	0	8	0	2	0	5375	4	0	8	8	11221	3	1443	2	0	7	25	4289	2	0	12	0	2	0	14	0	1
EHA03161_bin.41	1	9	1022	2	201	32740	69	874	89	3	4	4	2	16	120	3180	36	2	0	2	647	0	0	0	0	0	49	1	739	39	2	1015	44	144	1576	34	449	0	0	6053	0	0	3	164	46	0	127	0	12	2136	47802	2690	395	0	35	3	949	27895	0	0	340	93	1049	609	0	3	308	7	0	1294	0	589	0	620	51	2	71	338	458	2	298	420	0	8	15417	265	19	1	12	1	16	1	0	0	17
EHA03161_bin.44	13	0	377	133	0	7689	0	4202	898	85	4	0	0	0	12	62	565	0	0	8	0	8	67	0	0	0	3631	4	6305	0	0	22	13793	43	20	0	3541	0	0	114	0	0	0	0	691	0	34	4	297	958	5709	13672	56522	0	4	238	4436	2967	0	2	0	2	38	202	4	15530	0	0	0	6	6	6	48	5	4	8	26	2	416737	8	0	8	18	12	3258	4	7	0	134	0	0	0	266	0	12271
EHA03161_bin.47	0	0	4	6	4	10	150	36329	2	12	7	0	2	2	47732	6	6	44	6	132	547	0	155	3	0	2	10	229	8	4	6	9255	22	65	2	3	12	4	2	6	0	120	0	494	8	0	0	0	2	8	97	41	495	0	77	3	37991	43	2	100	2	6	24	336	0	0	8580	8	0	9	2	2	0	50879	0	0	0	2411	80	5	22	16	3	4	1	228	2	2	18	0	0	0	6	2	2
EHA03161_bin.4	909	56	49	163	1054	1141	73	47	0	14	44	311	12	18	0	18	164	0	21	0	20175	0	131	52	6	435	62	271	64	4	26	181	2	14	15441	4	54	20	14	25	14	6	8	303	39	11	60	0	54	87	6340	1027	6	20	0	67	52	3718	272	103	16	87	14880	91	2	102	2188	525	15	54	88	28	0	1406	11	2	19	34	1758	81	2647	6185	92	167	479	9063	15	18	21	37	2	0	303	2	70
EHA03161_bin.50	6	191	0	0	1	148	0	12	0	0	25	0	0	0	8	0	1144	0	30	4	68730	0	0	0	0	0	3332	0	6	4736	78	1	0	0	16	2	3	0	0	0	45	0	1181	0	73142	24	156	2	522	7	0	0	28	0	0	0	22	0	0	4	40	0	2	0	8	21792	13	2	27	0	23	0	0	2	7	4	3168	3	0	5	1	0	0	7	50	29549	10	33	0	61	0	2	0	62	3363
EHA03161_bin.52	0	0	0	52	43	209578	0	302884	1	43	0	0	0	0	6	157	0	0	0	249	0	0	1	0	8	0	0	7	2	0	0	19	3	0	0	4	7	0	0	456	4	0	0	0	0	0	0	0	0	1	757	78164	3806	2	6	2	327322	410	0	2	12	0	0	0	0	0	0	2	0	2	0	2	0	0	24	6	0	2	6	0	116	0	0	0	96837	0	2	0	120	0	8	0	40	0	0
EHA03161_bin.58	8	0	17	111	0	1637	0	108629	8	2	0	0	0	2	0	14	2	0	0	127	0	0	0	0	0	0	1	0	6	0	0	4	0	0	0	0	4	0	0	4	0	0	0	7	3	0	0	0	0	85	0	566	230	0	0	0	111421	0	0	0	0	0	0	0	0	0	0	0	0	24	0	6	0	1	5	0	0	2	121	0	0	0	1	0	789	0	0	0	21	0	3	4	178	0	7
EHA03161_bin.59	14	0	10	8	44	753	0	158562	2	8	0	0	0	0	14	8	2	0	0	561	9	2	0	0	2	0	0	2	36	0	0	11	21	3	15	38	9	0	0	8	0	0	0	3	37	0	0	0	0	20	297	11026	36817	2	2	0	164407	153	0	2	0	0	12	20	0	0	0	0	0	4	0	8	0	1	24	9	0	3	8	0	100	4	0	2	334	3	24	0	17	0	10	0	10	2	6
EHA03161_bin.61	0	2	9	43	132	994	0	256192	7	40	0	0	0	0	2	2	8	1	0	3467	14	0	4	2	2	6	2	2	13	2	0	15	0	2	4	4	3	2	6	12	0	0	0	10	13	0	0	0	4	40	64	591	416	2	0	0	275882	37	0	6	0	12	8	8	0	5	0	0	0	20	6	6	0	12	6	0	3	10	9	6	430	0	4	6	382	8	0	2	100	3	4	0	70	0	10
EHA03161_bin.62	17992	51350	50173	98429	56871	52788	50441	185021	23108	2553	33103	21730	16192	11903	55939	42682	86941	132	85571	46434	152508	638	55536	20964	10195	156319	38098	153373	34043	24356	29696	52866	7976	8612	51675	4592	18495	98572	71924	94068	7559	28524	22060	206853	28576	9284	20478	38843	36747	130815	123453	11408	132104	9336	392	20246	191572	63113	95626	60921	127642	53568	259838	46782	2174	56697	93495	40259	14005	40015	25085	17959	22740	53551	2221	24048	24023	14038	45781	38492	134447	95011	138979	57931	22922	62588	7230	10701	4931	28429	1896	605	211637	35943	22066
EHA03161_bin.68	0	2	0	0	2	2	0	0	0	0	0	0	0	2	2	0	1	0	3	2	1	0	0	3	0	0	0	2	0	0	4	6	0	0	0	0	0	0	0	2	2	1	1	1	5	2	4	0	5	6	562481	1	0	0	0	0	0	320684	0	4	98	0	10	0	0	3	0	0	1	4	4	0	3	980	0	0	1	0	0	0	2	6	6	0	0	0	0	0	0	1	0	0	6	2	0
EHA03161_bin.69	0	726	0	812	0	5	0	0	0	2	0	13	55	10627	0	159	1432	0	0	0	3	0	0	286	2	0	1743	2	282	0	426	229	16	134	63	388	156	0	0	375	7	0	1456	0	2893	340	301	0	645	0	153629	0	0	2	0	1292	0	89764	0	0	0	43526	5295	650	0	2885	0	16	1873	12273	25	6006	0	0	70	0	5290	50	0	853	0	2043	0	1156	1	4	1	18	19	3412	1774	0	1658	0	800
EHA03161_bin.6	5	0	11	6	581	10739	1	391022	5	2	8	0	2	0	14	172	3919	8	0	357	38	0	0	0	4	0	4	0	6	16	0	22	0	529	7167	84	8	0	0	282	2	0	0	0	9	0	0	2	1859	31	225	9157	2322	14	0	0	411669	134	0	0	0	0	1128	2253	0	0	13	0	0	27	0	4	0	152	0	2	2	7	15	3	1438	465	74	10	4725	19	0	2	4	0	0	0	23	0	0
EHA03161_bin.70	0	0	54	0	0	10	18	68429	22	4	3	0	0	0	4074	81	12	0	0	22	850	0	85	0	0	0	14	4	8111	0	0	1423	20815	1686	10	1294	4852	0	0	141	0	4	0	89	11	0	0	0	2	142	361	21341	1456	2	2	0	73170	203	0	6	1	0	155	7896	0	4	723	2	0	2352	0	1067	0	33255	3	2	2	381	338	9	2	46	0	10	0	371	0	0	8	0	1	0	4	0	10
EHA03161_bin.72	2518	65175	7417	14150	7328	7771	6160	11239	2801	3076	4144	27152	18008	13046	7416	15380	107856	175	12477	6276	19858	93	7774	17728	1191	17281	38762	20832	41157	24511	38348	63408	8182	9579	8620	4605	23451	11978	8908	31127	8883	4148	24087	24475	32010	10666	23445	5009	46987	19037	2087604	2722	18104	9895	558	21245	11356	1222016	10287	8354	18509	57006	134058	50756	246	62633	144508	49673	18029	46317	36975	20966	2599	38497	2075	2792	24847	17124	19697	52351	17727	50326	18316	76673	3381	8420	8164	15685	6018	36371	2182	56	29190	4602	21060
EHA03161_bin.75	0	0	18	34	4001	200572	0	13436	138	10	4	0	3	0	126	33	0	0	0	56	0	1	0	0	0	0	0	0	2	0	0	24	52	2	1	1383	0	0	0	81	0	0	0	8	17	0	0	2	0	58	1986	497958	9891	4	8	0	14136	1173	0	0	1	1	14	1	4	0	0	0	0	198	0	96	0	0	128	10	0	2	8	0	8890	2	1	0	92656	0	14	1	43	0	111	6	79	0	37
EHA03161_bin.77	2	12	6	19	84370	425	4	50	96	24	1	4	2	10	46	8	24	2	13	22	10	1	13	2	4	6	17	12	8	0	10	31	45	0	6	93	4	2	0	26	5	2	9	10	28	4	10	12	17	20	36	325	403	0	4	5	35	16	8	2	34	14	16	10	1	43	3	16	8	14	6	4	5	18	64	6	10	14	5	14	190568	2	10	19	184	4	8	2	26	10	86	0	35	2	30
EHA03161_bin.7	2652	79	2867	1097	70431	95459	606	23603	3998	169	36	5	9	71	8404	11471	3202	414	195	70	147064	20	172	322	13	2558	2983	12	7241	26567	54	16197	1558	771	6647	1460	4172	0	4	23294	6	1	732	2253	26883	58	710	0	1486	7414	15221	549666	25706	33	971	59	24940	8260	1531	2	53287	333	127982	3820	38	948	4964	9	67	2911	26	1433	3	37179	950	25	6104	4234	71505	2145	159435	49787	6	2856	42638	62461	445	11	329	114	457	13	2215	11	622
EHA03161_bin.80	22	0	0	16	33	1153	0	51009	1	27	3	0	0	0	2	2	3	0	0	50	16	0	11	0	0	0	0	0	2	0	0	16	0	0	12	0	2	0	0	12	0	0	0	2	0	0	0	0	0	6	161	72058	9461	0	0	0	54499	74	4	0	0	2	8	0	0	0	3	1	0	7	0	2	0	15	6	2	0	0	28	2	47	2	0	7	522	5	0	0	50	0	2	0	28	0	4
EHA03161_bin.82	5	0	12	52	12	3564	0	41807	30	112	0	0	7	3	2	3	0	2	0	50	23	0	0	0	6	2	0	0	8	0	0	0	29	0	1	31	5	0	0	5	0	0	0	0	92	2	0	0	0	16	96	49110	4626	0	9	2	45302	60	0	0	3	4	20	0	0	13	3	0	0	12	0	5	0	1	30	22	0	0	40	0	17	6	0	2	1683	14	10	0	236	0	82	0	103	0	14
EHA03161_bin.83	1	0	11	5	0	0	17	19	7285	0	0	2	0	18	261	33123	144	0	0	0	10	0	4	0	0	0	27	0	143	1	0	73	33	22	0	996	98	0	0	68850	8	0	9	121	112	0	48	0	61	19	17	46	75	4	9	2	14	4	0	0	1	80	0	131	2	25	11	2	6	78	0	44	0	35	6	0	29	29	98	2	0	0	0	9	0	14	17	0	11	16	4	0	15	0	4
EHA03161_bin.84	34	0	6	18	16251	251173	0	66196	4	26	0	0	0	0	0	39	1	0	0	1120	26	0	7	0	0	0	0	0	0	2	0	0	2	0	1	1	2	2	0	90	0	0	0	0	5	0	0	0	0	10	426	55682	2017	0	0	0	71723	300	0	0	0	0	2	0	0	0	10	3	0	0	0	3	2	8	4	2	0	0	85	0	37064	0	0	2	116263	13	0	0	43	1	0	0	41	0	0
EHA03161_bin.85	0	0	8	16	59	107514	0	37365	17	8	0	0	0	0	0	0	2	0	0	113	9	0	0	0	0	0	2	0	5	1	0	0	0	0	0	0	0	0	0	2	0	0	0	2	2	0	0	7	0	6	117	5762	988	0	0	0	39821	71	0	0	0	0	2	2	0	0	0	0	0	0	0	4	0	45	0	0	0	0	5	0	119	0	0	0	49455	15	0	0	27	0	0	0	20	0	2
EHA03161_bin.87	6	24	223	72	264	32886	108	813930	40262	2233	1590	4	230	412	8866	4418	29	3786	307	1705	35516	341	23	4	131	6	100	110	15151	179	13	207	38863	130	109	35632	9089	49	48	8679	8	4	15	511	11544	86	112	12	17	535	534	227839	240593	268	9600	218	877383	357	2	50	59	2021	44918	532	1683	771	40	18	1	7291	8	3376	28	2782	16709	361	1	67	118	925	662	17837	66	1280	15146	15486	15791	0	3863	4	18181	432	179	53	7841
EHA03161_bin.8	815	2	2	2	20	5	8	54	0	0	0	31	0	0	19	2540	53	7	0	0	23	0	1	0	0	0	3	0	32	2	1	52	2	10	0	2	16	0	0	4954	0	0	1	14	1	0	21	0	18	28	19475	3655	218	0	26	0	59	11037	0	0	0	0	2	30	0	0	29	33	0	0	0	0	0	1754	4	0	0	18	275	12	82	1	0	28	2	0	0	0	3	0	0	0	4	0	3
EHA03161_bin.91	930	0	149	597	114	1187	20	1303	1230	72	8	0	2	0	130	3753	77	252	27	42	553	0	247	0	0	6	95	18	75	399	0	2200	107	218	105	10488	42	3	0	7653	5	2	13	96	182	2	64	1	30	344	2902	1192216	930776	17	693	0	1347	1609	2	8	22	4	241	1064	4	19	100	1	2	281	2	122	27	250	802	4	11	572	217	801	304	98	2	1383	570	211	48	0	152	6	19	2	1329	16	12
EHA03161_bin.94	36	43	20	22	504	87	3875	10239	20415	79	49	2	15	28	829	59460	6756	1009	4	55	2607	111	0	1	14	383	7702	4	18386	1022	28	53718	9245	1217	163	1949	10254	2	0	123803	6	0	80	15471	72404	7	68	0	2915	48	693	77712	69055	17	2833	15	10502	383	266	4	31	159	34	5468	262	1341	498	11	16	3366	14	1536	13	1006	4975	10	19234	14746	41	11902	1230	6	8	18016	48	1050	695	5	180	19	283	59	40	2	1536
EHA03161_bin.98	0	0	11	71	466	26462	0	2257	587	102	47	0	20	6	262	83	0	32	0	347	2	2	2	0	13	0	0	2	0	0	0	2857	278	0	0	830	0	0	0	186	0	1	0	0	168	3	0	10	0	20	780	2308399	155917	4	84	0	2262	424	0	6	342	8	0	0	38	61	0	0	0	60	0	41	0	2	606	15	0	787	20	0	1157	4	0	0	12403	0	195	0	187	0	1229	15	147	0	495
EHA03161_bin.9	786	1	14	60	0	3775	4	35496	82	56	0	0	0	0	1436	40	14	8	0	262	0	0	120	0	4	0	10	2	77	0	0	14	131	124	0	4	53	0	0	70	1	2	0	4	20	0	4	0	2	6	2656	181611	196950	0	20	2	36639	1421	0	0	0	0	2	579	0	824	0	0	0	4	0	2	23	285	11	6	0	6	153714	11	2	0	4	36	1662	0	7	0	109	0	0	0	104	0	59
EHA03189_bin.10	0	0	0	0	0	0	0	0	0	504	0	0	276	0	7	0	0	74	1	0	0	0	0	0	5	0	0	0	0	0	0	3	14	0	0	492	0	0	0	0	0	0	0	0	173244	8	0	0	0	0	0	0	0	470	187	17	0	0	0	0	0	0	0	6	0	92888	0	0	0	0	0	0	0	0	884	4	0	0	0	0	0	0	0	0	0	0	835	0	921	0	58	0	0	0	190
EHA03189_bin.11	0	0	0	0	0	0	0	0	0	1390	0	0	271	0	2494	0	0	36	0	14	0	0	0	0	1	0	0	0	0	0	0	0	25	0	0	792	0	0	0	0	0	0	0	0	291605	24	0	7	0	0	0	0	0	171	66	44	0	0	0	0	0	0	0	0	0	43179	0	0	0	0	0	0	10	0	5731	4	0	0	0	0	0	0	0	0	0	0	716	0	2718	0	17	0	0	0	289
EHA03189_bin.12	0	0	0	0	0	0	0	0	0	1150	0	0	137	0	0	0	6	33	0	0	43	0	0	0	0	0	15	0	0	22	0	0	206	0	0	946	0	0	0	0	0	0	0	0	82446	8	4	0	0	0	0	0	0	156	73	59	0	0	0	0	0	0	0	2	0	150233	0	0	0	0	1	0	0	0	1707	0	17	0	0	2	1	0	0	0	0	28	363	0	2239	0	53	0	0	0	1482
EHA03189_bin.14	0	117	0	0	3	106	0	0	0	10	5	2	6	9	3	0	623	0	31	0	9773	0	0	0	0	0	2320	0	6	2208	67	16	1	0	31	6	2	0	0	0	31	2	790	0	48834	16	178	2	342	0	10	0	0	4	0	1	0	12	0	0	37	60	3	0	2	27958	8	0	22	13	11	3	0	0	57	0	2022	5	0	6	8	1	1	13	35	3829	10	8	19	64	0	0	0	8	2454
EHA03189_bin.19	539	251	501	203	135	13050	260	5704	16919	272	27	6	58	108	18777	4860	4331	689	38	24	1647	4	246	85	22	323	12054	9	745203	3107	152	18564	30377	85674	1095	20371	434947	3	2	10014	12	0	124	868	542840	155	160	0	1826	1308	2473	8655	106316	62	1709	1857	5893	1391	183	10	174	480	3116	412549	15	7713	1031	2	79	93941	125	43764	0	1955	37283	8	30878	4924	579	68036	320	1159	0	99398	5859	713	1523	22	397	159	432	4	432	6	18139
EHA03189_bin.1	55	17513	0	28	175	683	13	201	8	435	5	499	2175	342183	17	108	26073	6	1	5	476	1	0	10563	2	34	42565	0	10167	39	11634	8857	1088	4378	48	14126	5777	0	0	264	36	0	50504	33	264016	16258	12718	0	12083	4	1822	444	75	112	16	49430	201	1018	8	0	55	1391534	201	20313	0	129542	19	851	50067	384807	847	184274	0	139	2069	0	375755	2477	62	20924	436	70	0	30618	401	215	111	305	719	94705	74740	0	51	0	23909
EHA03189_bin.20	718	50	1201	294	171	23234	3029	7187	20759	213	80	4	22	87	2151	19232	1286	367	73	62	2525	61	183	94	12	703	1409	6	16436	6792	20	3819	6151	504	1490	2921	9967	0	2	39907	13	4	244	10345	248281	29	230	4	587	2920	3802	11270	38363	13	987	36	7597	2127	392	1	226	362	6086	2494	106	790	1156	8	23	9145	13	4279	9	2492	1480	32	7876	978	593	2678	427	2387	0	4013	10293	1069	902	0	381	51	388	32	575	3	855
EHA03189_bin.28	201579	169	77421	144225	14828	32669	1432	281273	488	977898	14	97	803	21358	59	36450	9498	512	174	182	548186	380	2296	22	753	27	51988	71	2589	12071	113	35269	166	194	60131	31154	1527	28	15	74126	871	2	431	5419	8284	2	19650	4	4447	190671	13405	135804	2534	969	1271	68	291639	7521	20	20	37554	86633	404578	1034	1235	70063	3132	151	7075	28282	671	12839	84740	135183	58405	1794	3792	10265	48241	112	33998	158742	141	168	13657	238256	45941	289	1867662	13517	508	264	274123	7	64460
EHA03189_bin.31	11	0	24	27	219	277	0	72	14	6802	245	0	4130	2	107	19	94	781	2517	6	3923	0	2	0	15	38	506	9	63	1	2	44	33	0	500	595	38	28	6	68	0	79	8	12	853250	663	40	0	24	64	51	3	249	5430	1879	130	82	40	22	11	1105	1	28	0	2	141611	576	0	0	37	2	36	21	0	672	45	1239	10	0	16	445	12	77	15	110	1553	3834	12	12667	5	48	0	32	5	724
EHA03189_bin.32	0	0	0	0	0	0	0	2	0	2875	3	0	103	0	738	0	16	42	0	112	0	0	52	0	141	0	16	4	2	1	0	10	97	0	0	443	4	0	0	0	0	123	0	0	218918	22	0	0	6	0	0	0	30	82	141	225	2	0	0	0	0	2	0	0	18	134987	0	0	0	0	0	0	254	0	22309	304	10	2	0	2	0	0	83	0	0	0	119	0	5587	2	151	4	5	23	161
EHA03189_bin.33	6	0	0	2	40	42	0	0	2	251	29	0	505	0	16	0	14	44	562	7	844	0	4	0	2	10	78	0	2	0	0	0	14	0	108	2047	0	4	0	0	0	24	0	0	432703	47	8	0	5	0	2	0	2	555	125	128	0	0	2	0	214	0	0	0	1	79845	161	0	0	0	0	2	4	0	1048	13	257	2	0	0	116	0	8	0	35	328	1488	0	466	0	24	0	5	6	190
EHA03189_bin.34	61	82	35	354	28	769	11	339	3431	925	85	2	99	462	573	751	820	3360	56	167	106	32	39	17	0	40	4230	22	9024	637	61	6521	9942	343	32	5372	5052	22	20	1719	13	9	106	66	142667	3836	3	6	375	86	417	298	2914	41	8621	24491	304	261	27	6	194	1937	274	1885	167	8813	287	2	29	921	117	434	44	9	30881	6	397	1673	21	4668	91	85	42	6777	344	39	11434	42	1530	41	5283	56	711	2	20704
EHA03189_bin.35	2	694	2	148	2	21	3	91	1584	1056	248	14	282	257	185	526	1400	653	93	29	21	0	26	12	0	0	5743	57	2026	277	382	4327	2184	902	7	5845	1277	3	8	1180	5	5	427	11	125119	1106	0	0	603	26	114	238	4715	52	1763	8207	53	71	0	18	207	1003	14	3986	17	11308	58	11	30	1765	284	816	1	0	4356	4	755	1276	26	2768	4	2	24	4106	2	12	11026	126	1901	28	1334	8	255	4	20393
EHA03189_bin.40	10	0	4	1648	16	215	336	63	244474	13938	14689	0	1647	60	49121	1370	52	1116	2075	1141	62	1106	16	0	1825	0	0	250	176	231	0	1	311246	24	0	291131	91	39	26	2819	21	0	0	1377	31221	2625	0	143	20	10	108	785	1331152	1253	2923	156	89	67	0	76	172	223	0	152	9208	3832	0	0	0	427	0	218	357	2	288869	3973	0	0	2	355	48	0	186	569	90	32	35229	0	27361	0	94953	2581	3170	964	25281
EHA03189_bin.41	0	0	0	0	0	8	0	4	0	551	0	0	1059	0	422	0	0	86	2	3	103	0	0	0	2	0	10	0	0	8	0	0	89	0	0	2849	0	0	0	0	0	9	2	0	286270	30	0	0	2	0	0	0	0	2070	254	172	2	0	0	0	0	0	0	4	2	118112	0	0	0	2	0	0	0	0	10774	3	9	0	0	0	0	0	0	0	8	21	1062	0	1060	0	52	0	0	0	275
EHA03189_bin.42	1	14	1743	26	300	6225	201	104789	33605	5535	2019	6	503	479	1684	6070	42	6672	275	259	20889	414	6	2	81	0	111	30	19740	299	4	1643	81339	248	2187	27566	11320	42	33	11990	6	0	17	775	16176	88	171	10	14	3957	2479	152552	260666	348	16113	159	112716	1390	0	14	494	2217	13633	1036	1189	1499	132	14	2	8221	0	4041	4	1225	27455	196	9	493	676	784	686	5336	58	992	3034	8753	46886	0	11092	2	25824	375	28	78	20442
EHA03189_bin.44	12	38	1	2	238	227	1	5	0	971	258	2	1203	63	0	0	886	54	3003	0	4953	0	0	0	1	50	3991	0	847	13	6	1001	69	2	523	261	463	18	4	2	147	78	22	0	393771	631	42	0	459	0	0	0	7	197	151	1331	0	0	34	0	1184	237	2	14	3	81717	677	0	27	705	36	326	0	0	938	6	3426	270	0	47	531	2	36	108	118	2125	1368	12	1821	35	268	0	0	16	6681
EHA03189_bin.45	107	1395	182	831	129	2407	140	3777	2299	318	107	596	356	11347	2508	285	3473	70	372	224	419	63	237	428	52	267	5389	391	7880	298	907	1822	16102	285	427	651	4503	174	126	583	138	55	1052	562	15679	522	856	89	1527	546	3006	3702	17172	268	246	1286	3995	1569	153	105	167	46174	1133	1390	110	30280	209	1119	1400	8654	704	4190	87	618	811	75	2882	498	74899	1070	302	388	204	1785	986	173	546	279	591	2571	3888	16	1597	116	27139
EHA03189_bin.46	11	16	2	6	110	52	1020	2791	3920	25	11	0	2	13	238	10718	4480	930	0	20	701	31	0	0	0	102	4964	4	9486	216	7	43094	3320	717	38	1410	5555	2	0	22885	2	0	65	3789	59004	2	36	0	2141	18	173	15080	15019	0	2424	3	2997	89	68	2	2	75	12	3565	94	1016	183	4	8	2148	4	1047	2	667	1951	2	14634	12001	10	4053	249	13	2	6267	40	284	537	10	62	18	150	28	11	0	1069
EHA03189_bin.47	0	0	6	0	0	4	36	8	18367	2663	1088	2	68	801	874	95	12	2465	8	16	2	117	4	0	70	0	221	0	38	182	0	848	6108	0	22	27211	26	14	3	150	6	0	0	130	4809	24	0	0	10	4	0	34	132386	147	6364	6	6	0	0	0	6	3184	0	6	310	2469	0	0	0	64	0	30	16	0	50632	153	0	227	0	1565	8	0	14	2301	0	0	816	0	4811	0	13061	86	2	14	21061
EHA03189_bin.7	2	4	0	31	54	8	34	0	36616	6458	865	0	291	97	4291	74	56	162	54	73	4	266	2	0	96	0	0	42	12	12	2	9	77877	1	0	29595	9	0	0	207	5	0	3	150	4185	518	0	48	33	0	6	88	118996	112	291	6	2	0	0	22	0	346	0	13	2252	1102	0	2	0	20	0	16	34	4	12272	256	0	0	0	51	162	0	8	96	4	0	1041	0	12890	0	93967	556	136	261	21918
EHA03189_bin.9	108	23846	2	175	37932	51	144	190	0	2573	5498	1744	750	1506	34697	189	405795	2	70	40	9721	98	4	9	0	11	4045	24	72373	63	14713	15822	1620	10430	306	532	42233	0	0	365	3824	12	14383	437	33061	159	1023	0	183591	14	28141	849	72	609	7	432	174	16150	9	0	245	6091	75	49359	0	3610	311	3193	401	20090	4863	9231	0	121344	187102	0	3462	4561	2074	199106	87234	28	109	288186	27	4282	2173	2011	4773	748	313	2	405	6	5944
EHA03206_bin.10	42	1544	24	48	484	32	21	250	14	38	56	62	56	841	539	384	5104	26	46	55	574	0	20	32	2	50	858	26	4786	6	1048	35751	72	5265	10	4510	2712	16	12	862	41	24	623	42	776	40	121	10	2312	62	14811	2516	86	74	45	168	306	8176	30	12	124	3601	168	25363	0	275	80	153	66	104270	177	46723	2	1552	2147	8	166	9679	106	7581	907	59	33	11291	16	205	38	108	52	176	35	0	122	18	524
EHA03206_bin.11	28	819	20	67	35	640	159	2391	2569	213	16	16	49	157	272	5560	13371	4220	16	50	182	7	6	93	0	51	30134	36	76166	1359	501	119186	26998	14649	115	2342	45480	13	0	11689	5	2	69	613	276853	190	3109	3	6022	89	1024	4823	4054	48	10145	1314	2554	585	28	10	27	499	242	69271	95	15308	587	24	233	2687	244	1181	4	1230	5083	2	78763	33338	88	6446	76	128	9	9729	283	101	9272	118	350	413	1759	14	120	8	4711
EHA03206_bin.14	31923	11	94203	7	540	2	56	324	0	52	0	4	0	2	2	53	6	2	2	0	4003	4	3	0	0	0	2	4	2	124	2	139673	4	1012	8235	86	0	0	0	136	0	0	0	218	10	0	6	0	2	245204	392	23541	10	0	24	0	315	189	0	0	8064	0	3432	4359	4	2	463	0	0	1091	14	494	0	2237	62	8	74	40703	11441	4	1339	1351	2	25	0	1710	2	2	133	2	12	0	15	0	0
EHA03206_bin.17	469	942	286	168	79	18617	123	1538	25	6	30	29	36	18	62	392	5164	0	69	26	3426	0	43	77	4	392	11362	62	226	4031	571	515	15	18	1063	12	128	62	35	776	40	25	256	389	20784	26	318	29	2370	719	1604	361	1038	26	5	43	1804	964	215	24	259	102	2878	152	1	7942	679	63	346	336	145	103	22	455	1069	11	7125	165	507	40	265	972	85	69	8542	1454	39	51	14	643	5	2	277	22	570
EHA03206_bin.1	10	3776	1479279	57	86160	6292	82492	1042380	203172	364	128	2183	120	19681	455	5530290	29403	463	601	78	855502	211	43	651	168	50	75102	8	1144231	76	2321	1807551	7570	169129	2539891	16941	676345	3	0	11323879	4	2	17088	308432	812	9	147105	2	13463	3634140	1453440	5996837	153089	160	1177	34	1121602	837821	50	4	457737	81753	1426231	776330	180	148	13026	3891	643	2419304	99	1139652	4	1168751	1821	342	5980	511827	936260	11311	195646	570799	17	16703	2750	368157	1663	48	671	1291	1685	44	107	6	913
EHA03206_bin.23	131	40059	6	28	20147	17477	403	731	7	20	4	43038	9	22076	59	299	646	2	9	27	98307	0	0	41	4	1745	689	2	40254	15401	25043	108	21	455	169	69	24853	2	0	628	15	2	195	1761	914	51	3168	0	334	23	60106	12383	156	4	6	190	677	35118	1226	0	1962	88992	15793	2320	0	512	423	74721	5083	2504	70	1239	0	9387	201	0	1069	43	670	2302	46348	6196	2	3266	7746	42132	3	36	5	9737	384	0	12	4	105
EHA03206_bin.24	13631	176388	2	47	886	2280	122	38256	8	6249	32	108751	29905	66681	114	2133	356887	518	12	16	1625	0	7	27811	6	348	143987	21	99550	14	101705	154475	14496	23027	1780	8074	54202	24	20	4519	15940	0	39285	521	55136	20726	61922	7	153442	12	6832	5695	1023	18573	1371	36826	39442	3680	169	12	157	289217	1746	126817	0	111936	7884	201201	68722	152351	110675	68318	6	4180	4030	4	41219	40601	15	150234	2058	695	18	221338	984	659	14840	46579	12954	137663	3956	0	88	12	40909
EHA03206_bin.25	75	1064	267	262	351	812	9943	31679	13135	102	134	445	89	450	702	36440	7120	55	65	134	2735	19	51	77	22	332	5983	168	46667	3254	587	4347	3071	697	451	3600	27903	133	67	75575	45	12	355	38542	52823	143	197	23	3162	768	1095	71137	40161	69	120	260	32608	521	139	70	156	2057	567	3160	26	1228	1044	879	237	39930	816	18826	26	967	7824	94	12035	1197	269	13880	843	196	81	20512	362	1224	484	339	197	645	1225	12	473	44	1061
EHA03206_bin.26	10	76	484	118	667	31180	149	391267	50637	3706	2126	8	433	1148	6258	5317	78	8224	330	1086	43188	379	16	0	152	2	424	98	46804	234	43	555	98837	399	883	70757	28081	60	39	10663	10	4	33	614	27580	246	479	18	39	1135	2102	250282	261249	536	20234	719	421759	1187	0	46	569	4463	69555	1584	1766	1689	322	20	5	16079	16	7712	20	2071	32942	381	5	113	284	1994	1499	28247	73	2846	14145	18301	42413	4	6929	2	33904	457	172	72	20054
EHA03206_bin.3	1008	11725	83	98	2276	1159	281	428	188249	327	10	3916	1293	1555	177	173017	23482	4210	2	11	4038	2	101	745	1	38	3040	220	6559	25	6076	43335	1027	1422	204	27037	3330	0	0	352751	835	4	1587	1261	2648	975	2153	0	9276	209	9847	291831	196341	1078	10006	1488	494	5503	16	84	526	7200	382	7981	6	3956	1208	8143	2455	10503	10092	4508	3	248	12717	0	1460	11890	925	63195	5361	149	0	91446	557	1807	818	3618	694	5366	115	2	194	8	720
EHA03206_bin.5	4	21	4	7	361	292	0	61	3	4	11	0	4	67	26	52	140011	2	0	0	56	0	29	0	0	16	22	9	814	10	8	60	11	7	156	4	526	0	0	102	15759	0	26	6	11412	70	25	0	64393	16	27	19	21	0	3	0	58	17	2	4	111	331	357	33	2	773	69	2	21	4	4	3	0	53	19	0	393	17	3	60	846	107	5	71	180	7	8	4	2	41	6	0	7	0	1
EHA03206_bin.6	249	7030	368	26	84	1597	42	3226	475	719	11	284	12	393	136	4361	249329	36	6	15	697	2	21	360	0	18	265910	9	2448	19	4317	621	388	50006	839	13282	1329	2	0	8999	1724	0	29	177	41837	2	697	0	115083	1030	6771	3476	1627	87	90	275	3450	3836	19	2	134	1528	673	234327	2	46	127	435	49	137082	1605	64883	3	773	742	2	94662	138	484	153	183	225	2	289	712	344	1177	639	1169	118	188	5	61	5	103360
EHA03206_bin.7	0	34	0	0	2	2	0	2	0	0	2	4	4	392	0	44	159	0	0	0	11	0	0	2	0	16	99	0	2	0	23	16	0	20	0	2119	0	2	0	67	6	0	70	1	552	14	16	0	72	0	161	174	0	0	0	5	0	126	22	0	0	1528	10	138	0	109	0	6	91	135804	112	64889	0	4	35	0	222	1	18	190	0	0	0	258	0	10	2	74	2	181	33	0	5	0	108
EHA03206_bin.9	12	193	0	26	593	6908	4	498	5	1	15	10608	6	20437	30	68	498	0	0	2	935	1	0	6	0	275	100	0	92	7	74	30	2	10	566	22	13	0	0	192	9	0	61	20	33	8	482	0	263	5	5565	237	20	0	2	16	566	3499	167	0	332	80382	333	115	0	44	207	18784	25584	74999	13	36434	0	198	131	0	41	9	657	19230	1180	136	0	27573	2673	371	1	3	4	49196	25	0	28	0	45